<?xml version="1.0" encoding="UTF-8"?>
<GlobalProfile
    auxiliaryClasses="user,group,azureaduser,azureadgroup,vdSalesforceUser,vdAPPHR,vddboEmployees,vdusers-servicenow,vdgroups-servicenow"
    bindOrder="EntraID,NYDomain,SFDomain" customAttributes=""
    isAutoLoginAttrCheck="true" isDynamicModeEnabled="false"
    isFirstUploadOptimized="true" name="GlobalProfile"
    namingContext="o=GlobalProfile" previewAttributes="displayName"
    primaryObjectClass="inetOrgPerson" uniqueAttributes="mail,cn" uploadOrder="Workday,EmployeeDB,NYDomain,SFDomain,EntraID,Salesforce,ServiceNow">
    <IdentitySources>
        <IdentitySource auxiliaryClasses=""
            baseDn="dc=nydomain,o=sources"
            createIdentityOnMultiMatch="false"
            createIdentityOnNoMatch="false" dataSourceName="vds"
            isLdap="true" isParallelUpload="false" name="NYDomain"
            previewAttributes="displayName" primaryObjectClass="user"
            remapDnAttributes="managedObjects,manager,memberOf" tempResName="temp_e570ded9-1e35-437f-b1cd-af93b21b3cb3">
            <GroupSource auxiliaryClasses=""
                baseDn="dc=nydomain,o=sources" memberAttributes="member"
                primaryObjectClass="group" remapDnAttributes="managedBy,member"/>
            <CorrelationRule>(&amp;(mail=@[mail]))</CorrelationRule>
            <AttributeMappings>
                <Mapping sourceAttr="accountExpires"
                    targetAttr="accountExpires" weight="128"/>
                <Mapping sourceAttr="aCSPolicyName"
                    targetAttr="aCSPolicyName" weight="128"/>
                <Mapping sourceAttr="adminCount" targetAttr="adminCount" weight="128"/>
                <Mapping sourceAttr="adminDescription"
                    targetAttr="adminDescription" weight="128"/>
                <Mapping sourceAttr="adminDisplayName"
                    targetAttr="adminDisplayName" weight="128"/>
                <Mapping sourceAttr="assistant" targetAttr="assistant" weight="128"/>
                <Mapping sourceAttr="attributeCertificateAttribute"
                    targetAttr="attributeCertificateAttribute" weight="128"/>
                <Mapping sourceAttr="audio" targetAttr="audio" weight="128"/>
                <Mapping sourceAttr="badPasswordTime"
                    targetAttr="badPasswordTime" weight="128"/>
                <Mapping sourceAttr="badPwdCount"
                    targetAttr="badPwdCount" weight="128"/>
                <Mapping sourceAttr="businessCategory"
                    targetAttr="businessCategory" weight="128"/>
                <Mapping sourceAttr="c" targetAttr="c" weight="128"/>
                <Mapping sourceAttr="carLicense" targetAttr="carLicense" weight="128"/>
                <Mapping sourceAttr="cn" targetAttr="cn" weight="128"/>
                <Mapping sourceAttr="co" targetAttr="co" weight="128"/>
                <Mapping sourceAttr="codePage" targetAttr="codePage" weight="128"/>
                <Mapping sourceAttr="comment" targetAttr="comment" weight="128"/>
                <Mapping sourceAttr="company" targetAttr="company" weight="128"/>
                <Mapping sourceAttr="controlAccessRights"
                    targetAttr="controlAccessRights" weight="128"/>
                <Mapping sourceAttr="countryCode"
                    targetAttr="countryCode" weight="128"/>
                <Mapping sourceAttr="createTimeStamp"
                    targetAttr="createTimeStamp" weight="128"/>
                <Mapping sourceAttr="dBCSPwd" targetAttr="dBCSPwd" weight="128"/>
                <Mapping sourceAttr="defaultClassStore"
                    targetAttr="defaultClassStore" weight="128"/>
                <Mapping sourceAttr="department" targetAttr="department" weight="128"/>
                <Mapping sourceAttr="departmentNumber"
                    targetAttr="departmentNumber" weight="128"/>
                <Mapping sourceAttr="description"
                    targetAttr="description" weight="128"/>
                <Mapping sourceAttr="desktopProfile"
                    targetAttr="desktopProfile" weight="128"/>
                <Mapping sourceAttr="destinationIndicator"
                    targetAttr="destinationIndicator" weight="128"/>
                <Mapping sourceAttr="displayName"
                    targetAttr="displayName" weight="128"/>
                <Mapping sourceAttr="displayNamePrintable"
                    targetAttr="displayNamePrintable" weight="128"/>
                <Mapping sourceAttr="distinguishedName"
                    targetAttr="distinguishedName" weight="128"/>
                <Mapping sourceAttr="division" targetAttr="division" weight="128"/>
                <Mapping sourceAttr="dynamicLDAPServer"
                    targetAttr="dynamicLDAPServer" weight="128"/>
                <Mapping sourceAttr="employeeID" targetAttr="employeeID" weight="128"/>
                <Mapping sourceAttr="employeeNumber"
                    targetAttr="employeeNumber" weight="128"/>
                <Mapping sourceAttr="employeeType"
                    targetAttr="employeeType" weight="128"/>
                <Mapping sourceAttr="extensionName"
                    targetAttr="extensionName" weight="128"/>
                <Mapping sourceAttr="facsimileTelephoneNumber"
                    targetAttr="facsimileTelephoneNumber" weight="128"/>
                <Mapping sourceAttr="flags" targetAttr="flags" weight="128"/>
                <Mapping sourceAttr="fSMORoleOwner"
                    targetAttr="fSMORoleOwner" weight="128"/>
                <Mapping sourceAttr="generationQualifier"
                    targetAttr="generationQualifier" weight="128"/>
                <Mapping sourceAttr="givenName" targetAttr="givenName" weight="128"/>
                <Mapping sourceAttr="groupMembershipSAM"
                    targetAttr="groupMembershipSAM" weight="128"/>
                <Mapping sourceAttr="groupPriority"
                    targetAttr="groupPriority" weight="128"/>
                <Mapping sourceAttr="groupsToIgnore"
                    targetAttr="groupsToIgnore" weight="128"/>
                <Mapping sourceAttr="homeDrive" targetAttr="homeDrive" weight="128"/>
                <Mapping sourceAttr="homePhone" targetAttr="homePhone" weight="128"/>
                <Mapping sourceAttr="homePostalAddress"
                    targetAttr="homePostalAddress" weight="128"/>
                <Mapping sourceAttr="houseIdentifier"
                    targetAttr="houseIdentifier" weight="128"/>
                <Mapping sourceAttr="initials" targetAttr="initials" weight="128"/>
                <Mapping sourceAttr="instanceType"
                    targetAttr="instanceType" weight="128"/>
                <Mapping sourceAttr="internationalISDNNumber"
                    targetAttr="internationaliSDNNumber" weight="128"/>
                <Mapping sourceAttr="ipPhone" targetAttr="ipPhone" weight="128"/>
                <Mapping sourceAttr="isCriticalSystemObject"
                    targetAttr="isCriticalSystemObject" weight="128"/>
                <Mapping sourceAttr="isDeleted" targetAttr="isDeleted" weight="128"/>
                <Mapping sourceAttr="isPrivilegeHolder"
                    targetAttr="isPrivilegeHolder" weight="128"/>
                <Mapping sourceAttr="jpegPhoto" targetAttr="jpegPhoto" weight="128"/>
                <Mapping sourceAttr="l" targetAttr="l" weight="128"/>
                <Mapping sourceAttr="labeledURI" targetAttr="labeledURI" weight="128"/>
                <Mapping sourceAttr="lastKnownParent"
                    targetAttr="lastKnownParent" weight="128"/>
                <Mapping sourceAttr="lastLogoff" targetAttr="lastLogoff" weight="128"/>
                <Mapping sourceAttr="lastLogon" targetAttr="lastLogon" weight="128"/>
                <Mapping sourceAttr="lastLogonTimestamp"
                    targetAttr="lastLogonTimestamp" weight="128"/>
                <Mapping sourceAttr="lmPwdHistory"
                    targetAttr="lmPwdHistory" weight="128"/>
                <Mapping sourceAttr="localeID" targetAttr="localeID" weight="128"/>
                <Mapping sourceAttr="lockoutTime"
                    targetAttr="lockoutTime" weight="128"/>
                <Mapping sourceAttr="logonCount" targetAttr="logonCount" weight="128"/>
                <Mapping sourceAttr="logonHours" targetAttr="logonHours" weight="128"/>
                <Mapping sourceAttr="logonWorkstation"
                    targetAttr="logonWorkstation" weight="128"/>
                <Mapping sourceAttr="mail" targetAttr="mail" weight="128"/>
                <Mapping sourceAttr="managedObjects"
                    targetAttr="managedObjects" weight="128"/>
                <Mapping sourceAttr="manager" targetAttr="manager" weight="128"/>
                <Mapping sourceAttr="masteredBy" targetAttr="masteredBy" weight="128"/>
                <Mapping sourceAttr="maxStorage" targetAttr="maxStorage" weight="128"/>
                <Mapping sourceAttr="memberOf" targetAttr="memberOf" weight="128"/>
                <Mapping sourceAttr="mhsORAddress"
                    targetAttr="mhsORAddress" weight="128"/>
                <Mapping sourceAttr="middleName" targetAttr="middleName" weight="128"/>
                <Mapping sourceAttr="mobile" targetAttr="mobile" weight="128"/>
                <Mapping sourceAttr="modifyTimeStamp"
                    targetAttr="modifyTimeStamp" weight="128"/>
                <Mapping sourceAttr="mS-DS-ConsistencyChildCount"
                    targetAttr="mS-DS-ConsistencyChildCount" weight="128"/>
                <Mapping sourceAttr="mS-DS-ConsistencyGuid"
                    targetAttr="mS-DS-ConsistencyGuid" weight="128"/>
                <Mapping sourceAttr="msCOM-UserPartitionSetLink"
                    targetAttr="msCOM-UserPartitionSetLink" weight="128"/>
                <Mapping sourceAttr="msDRM-IdentityCertificate"
                    targetAttr="msDRM-IdentityCertificate" weight="128"/>
                <Mapping sourceAttr="msDS-AllowedToDelegateTo"
                    targetAttr="msDS-AllowedToDelegateTo" weight="128"/>
                <Mapping sourceAttr="msDS-Cached-Membership"
                    targetAttr="msDS-Cached-Membership" weight="128"/>
                <Mapping sourceAttr="msDS-Cached-Membership-Time-Stamp"
                    targetAttr="msDS-Cached-Membership-Time-Stamp" weight="128"/>
                <Mapping sourceAttr="msDS-NCReplCursors"
                    targetAttr="msDS-NCReplCursors" weight="128"/>
                <Mapping sourceAttr="msDS-NCReplInboundNeighbors"
                    targetAttr="msDS-NCReplInboundNeighbors" weight="128"/>
                <Mapping sourceAttr="msDS-NCReplOutboundNeighbors"
                    targetAttr="msDS-NCReplOutboundNeighbors" weight="128"/>
                <Mapping sourceAttr="msDS-ReplValueMetaData"
                    targetAttr="msDS-ReplValueMetaData" weight="128"/>
                <Mapping sourceAttr="msDS-Site-Affinity"
                    targetAttr="msDS-Site-Affinity" weight="128"/>
                <Mapping sourceAttr="msDS-User-Account-Control-Computed"
                    targetAttr="msDS-User-Account-Control-Computed" weight="128"/>
                <Mapping sourceAttr="msExchHouseIdentifier"
                    targetAttr="msExchHouseIdentifier" weight="128"/>
                <Mapping sourceAttr="msIIS-FTPDir"
                    targetAttr="msIIS-FTPDir" weight="128"/>
                <Mapping sourceAttr="msIIS-FTPRoot"
                    targetAttr="msIIS-FTPRoot" weight="128"/>
                <Mapping sourceAttr="mSMQDigests"
                    targetAttr="mSMQDigests" weight="128"/>
                <Mapping sourceAttr="mSMQDigestsMig"
                    targetAttr="mSMQDigestsMig" weight="128"/>
                <Mapping sourceAttr="mSMQSignCertificates"
                    targetAttr="mSMQSignCertificates" weight="128"/>
                <Mapping sourceAttr="mSMQSignCertificatesMig"
                    targetAttr="mSMQSignCertificatesMig" weight="128"/>
                <Mapping sourceAttr="msNPAllowDialin"
                    targetAttr="msNPAllowDialin" weight="128"/>
                <Mapping sourceAttr="msNPCallingStationID"
                    targetAttr="msNPCallingStationID" weight="128"/>
                <Mapping sourceAttr="msNPSavedCallingStationID"
                    targetAttr="msNPSavedCallingStationID" weight="128"/>
                <Mapping sourceAttr="msRADIUSCallbackNumber"
                    targetAttr="msRADIUSCallbackNumber" weight="128"/>
                <Mapping sourceAttr="msRADIUSFramedIPAddress"
                    targetAttr="msRADIUSFramedIPAddress" weight="128"/>
                <Mapping sourceAttr="msRADIUSFramedRoute"
                    targetAttr="msRADIUSFramedRoute" weight="128"/>
                <Mapping sourceAttr="msRADIUSServiceType"
                    targetAttr="msRADIUSServiceType" weight="128"/>
                <Mapping sourceAttr="msRASSavedCallbackNumber"
                    targetAttr="msRASSavedCallbackNumber" weight="128"/>
                <Mapping sourceAttr="msRASSavedFramedIPAddress"
                    targetAttr="msRASSavedFramedIPAddress" weight="128"/>
                <Mapping sourceAttr="msRASSavedFramedRoute"
                    targetAttr="msRASSavedFramedRoute" weight="128"/>
                <Mapping sourceAttr="name" targetAttr="name" weight="128"/>
                <Mapping sourceAttr="networkAddress"
                    targetAttr="networkAddress" weight="128"/>
                <Mapping sourceAttr="ntPwdHistory"
                    targetAttr="ntPwdHistory" weight="128"/>
                <Mapping sourceAttr="nTSecurityDescriptor"
                    targetAttr="nTSecurityDescriptor" weight="128"/>
                <Mapping sourceAttr="o" targetAttr="o" weight="128"/>
                <Mapping sourceAttr="objectCategory"
                    targetAttr="objectCategory" weight="128"/>
                <Mapping sourceAttr="objectGUID" targetAttr="objectGUID" weight="128"/>
                <Mapping sourceAttr="objectSid" targetAttr="objectSid" weight="128"/>
                <Mapping sourceAttr="objectVersion"
                    targetAttr="objectVersion" weight="128"/>
                <Mapping sourceAttr="operatorCount"
                    targetAttr="operatorCount" weight="128"/>
                <Mapping sourceAttr="otherFacsimileTelephoneNumber"
                    targetAttr="otherFacsimileTelephoneNumber" weight="128"/>
                <Mapping sourceAttr="otherHomePhone"
                    targetAttr="otherHomePhone" weight="128"/>
                <Mapping sourceAttr="otherIpPhone"
                    targetAttr="otherIpPhone" weight="128"/>
                <Mapping sourceAttr="otherLoginWorkstations"
                    targetAttr="otherLoginWorkstations" weight="128"/>
                <Mapping sourceAttr="otherMailbox"
                    targetAttr="otherMailbox" weight="128"/>
                <Mapping sourceAttr="otherMobile"
                    targetAttr="otherMobile" weight="128"/>
                <Mapping sourceAttr="otherPager" targetAttr="otherPager" weight="128"/>
                <Mapping sourceAttr="otherTelephone"
                    targetAttr="otherTelephone" weight="128"/>
                <Mapping sourceAttr="ou" targetAttr="ou" weight="128"/>
                <Mapping sourceAttr="pager" targetAttr="pager" weight="128"/>
                <Mapping sourceAttr="personalTitle"
                    targetAttr="personalTitle" weight="128"/>
                <Mapping sourceAttr="photo" targetAttr="photo" weight="128"/>
                <Mapping sourceAttr="physicalDeliveryOfficeName"
                    targetAttr="physicalDeliveryOfficeName" weight="128"/>
                <Mapping sourceAttr="postalAddress"
                    targetAttr="postalAddress" weight="128"/>
                <Mapping sourceAttr="postalCode" targetAttr="postalCode" weight="128"/>
                <Mapping sourceAttr="postOfficeBox"
                    targetAttr="postOfficeBox" weight="128"/>
                <Mapping sourceAttr="preferredDeliveryMethod"
                    targetAttr="preferredDeliveryMethod" weight="128"/>
                <Mapping sourceAttr="preferredLanguage"
                    targetAttr="preferredLanguage" weight="128"/>
                <Mapping sourceAttr="preferredOU"
                    targetAttr="preferredOU" weight="128"/>
                <Mapping sourceAttr="primaryGroupID"
                    targetAttr="primaryGroupID" weight="128"/>
                <Mapping sourceAttr="primaryInternationalISDNNumber"
                    targetAttr="primaryInternationalISDNNumber" weight="128"/>
                <Mapping sourceAttr="primaryTelexNumber"
                    targetAttr="primaryTelexNumber" weight="128"/>
                <Mapping sourceAttr="profilePath"
                    targetAttr="profilePath" weight="128"/>
                <Mapping sourceAttr="proxyAddresses"
                    targetAttr="proxyAddresses" weight="128"/>
                <Mapping sourceAttr="pwdLastSet" targetAttr="pwdLastSet" weight="128"/>
                <Mapping sourceAttr="registeredAddress"
                    targetAttr="registeredAddress" weight="128"/>
                <Mapping sourceAttr="revision" targetAttr="revision" weight="128"/>
                <Mapping sourceAttr="roomNumber" targetAttr="roomNumber" weight="128"/>
                <Mapping sourceAttr="sAMAccountName"
                    targetAttr="sAMAccountName" weight="128"/>
                <Mapping sourceAttr="scriptPath" targetAttr="scriptPath" weight="128"/>
                <Mapping sourceAttr="sDRightsEffective"
                    targetAttr="sDRightsEffective" weight="128"/>
                <Mapping sourceAttr="secretary" targetAttr="secretary" weight="128"/>
                <Mapping sourceAttr="seeAlso" targetAttr="seeAlso" weight="128"/>
                <Mapping sourceAttr="serialNumber"
                    targetAttr="serialNumber" weight="128"/>
                <Mapping sourceAttr="servicePrincipalName"
                    targetAttr="servicePrincipalName" weight="128"/>
                <Mapping sourceAttr="showInAdvancedViewOnly"
                    targetAttr="showInAdvancedViewOnly" weight="128"/>
                <Mapping sourceAttr="sn" targetAttr="sn" weight="128"/>
                <Mapping sourceAttr="st" targetAttr="st" weight="128"/>
                <Mapping sourceAttr="street" targetAttr="street" weight="128"/>
                <Mapping sourceAttr="streetAddress"
                    targetAttr="streetAddress" weight="128"/>
                <Mapping sourceAttr="subSchemaSubEntry"
                    targetAttr="subSchemaSubEntry" weight="128"/>
                <Mapping sourceAttr="telephoneNumber"
                    targetAttr="telephoneNumber" weight="128"/>
                <Mapping sourceAttr="teletexTerminalIdentifier"
                    targetAttr="teletexTerminalIdentifier" weight="128"/>
                <Mapping sourceAttr="telexNumber"
                    targetAttr="telexNumber" weight="128"/>
                <Mapping sourceAttr="terminalServer"
                    targetAttr="terminalServer" weight="128"/>
                <Mapping sourceAttr="thumbnailLogo"
                    targetAttr="thumbnailLogo" weight="128"/>
                <Mapping sourceAttr="thumbnailPhoto"
                    targetAttr="thumbnailPhoto" weight="128"/>
                <Mapping sourceAttr="title" targetAttr="title" weight="128"/>
                <Mapping sourceAttr="uid" targetAttr="uid" weight="128"/>
                <Mapping sourceAttr="unicodePwd" targetAttr="unicodePwd" weight="128"/>
                <Mapping sourceAttr="url" targetAttr="url" weight="128"/>
                <Mapping sourceAttr="userAccountControl"
                    targetAttr="userAccountControl" weight="128"/>
                <Mapping sourceAttr="userCertificate"
                    targetAttr="userCertificate" weight="128"/>
                <Mapping sourceAttr="userParameters"
                    targetAttr="userParameters" weight="128"/>
                <Mapping sourceAttr="userPassword"
                    targetAttr="userPassword" weight="128"/>
                <Mapping sourceAttr="userPKCS12" targetAttr="userPKCS12" weight="128"/>
                <Mapping sourceAttr="userPrincipalName"
                    targetAttr="userPrincipalName" weight="128"/>
                <Mapping sourceAttr="userSharedFolder"
                    targetAttr="userSharedFolder" weight="128"/>
                <Mapping sourceAttr="userSharedFolderOther"
                    targetAttr="userSharedFolderOther" weight="128"/>
                <Mapping sourceAttr="userSMIMECertificate"
                    targetAttr="userSMimeCertificate" weight="128"/>
                <Mapping sourceAttr="userWorkstations"
                    targetAttr="userWorkstations" weight="128"/>
                <Mapping sourceAttr="uSNChanged" targetAttr="uSNChanged" weight="128"/>
                <Mapping sourceAttr="uSNCreated" targetAttr="uSNCreated" weight="128"/>
                <Mapping sourceAttr="uSNDSALastObjRemoved"
                    targetAttr="uSNDSALastObjRemoved" weight="128"/>
                <Mapping sourceAttr="USNIntersite"
                    targetAttr="USNIntersite" weight="128"/>
                <Mapping sourceAttr="uSNLastObjRem"
                    targetAttr="uSNLastObjRem" weight="128"/>
                <Mapping sourceAttr="uSNSource" targetAttr="uSNSource" weight="128"/>
                <Mapping sourceAttr="wbemPath" targetAttr="wbemPath" weight="128"/>
                <Mapping sourceAttr="whenChanged"
                    targetAttr="whenChanged" weight="128"/>
                <Mapping sourceAttr="whenCreated"
                    targetAttr="whenCreated" weight="128"/>
                <Mapping sourceAttr="wWWHomePage"
                    targetAttr="wWWHomePage" weight="128"/>
                <Mapping sourceAttr="x121Address"
                    targetAttr="x121Address" weight="128"/>
                <Mapping sourceAttr="x500uniqueIdentifier"
                    targetAttr="x500uniqueIdentifier" weight="128"/>
            </AttributeMappings>
        </IdentitySource>
        <IdentitySource auxiliaryClasses=""
            baseDn="ou=hrdatabase,o=sources"
            createIdentityOnMultiMatch="false"
            createIdentityOnNoMatch="true" dataSourceName="vds"
            isLdap="true" isParallelUpload="false" name="Workday"
            previewAttributes="FullName"
            primaryObjectClass="vddbohrdatabasetoimport"
            remapDnAttributes="" tempResName="temp_04e3bdd6-c438-470c-b013-d082f9f24d0e">
            <CorrelationRule>(&amp;(mail=@[mail]))</CorrelationRule>
            <AttributeMappings>
                <Mapping sourceAttr="City" targetAttr="city" weight="128"/>
                <Mapping sourceAttr="cn" targetAttr="cn" weight="128"/>
                <Mapping sourceAttr="COMPANY" targetAttr="company" weight="128"/>
                <Mapping sourceAttr="countryCode"
                    targetAttr="countryCode" weight="128"/>
                <Mapping sourceAttr="department" targetAttr="department" weight="128"/>
                <Mapping sourceAttr="description"
                    targetAttr="description" weight="128"/>
                <Mapping sourceAttr="FullName" targetAttr="displayName" weight="128"/>
                <Mapping sourceAttr="EMPLOYEEID" targetAttr="employeeID" weight="128"/>
                <Mapping sourceAttr="EMPLOYEENUMBER"
                    targetAttr="employeeNumber" weight="128"/>
                <Mapping sourceAttr="EMPLOYEETYPE"
                    targetAttr="employeeType" weight="128"/>
                <Mapping sourceAttr="FirstName" targetAttr="FirstName" weight="128"/>
                <Mapping sourceAttr="HIREDATE" targetAttr="HIREDATE" weight="128"/>
                <Mapping sourceAttr="initials" targetAttr="initials" weight="128"/>
                <Mapping sourceAttr="LastName" targetAttr="LastName" weight="128"/>
                <Mapping sourceAttr="mail" targetAttr="mail" weight="128"/>
                <Mapping sourceAttr="Mobile" targetAttr="mobile" weight="128"/>
                <Mapping sourceAttr="name" targetAttr="name" weight="128"/>
                <Mapping sourceAttr="physicalDeliveryOfficeName"
                    targetAttr="physicalDeliveryOfficeName" weight="128"/>
                <Mapping sourceAttr="postalCode" targetAttr="postalCode" weight="128"/>
                <Mapping sourceAttr="RETIREMENTENROLLED"
                    targetAttr="RETIREMENTENROLLED" weight="128"/>
                <Mapping sourceAttr="SAMAccountName"
                    targetAttr="sAMAccountName" weight="128"/>
                <Mapping sourceAttr="SocSecNumber"
                    targetAttr="SocSecNumber" weight="128"/>
                <Mapping sourceAttr="State" targetAttr="state" weight="128"/>
                <Mapping sourceAttr="STATUS" targetAttr="status" weight="128"/>
                <Mapping sourceAttr="TERMINATIONDATE"
                    targetAttr="TerminationDate" weight="128"/>
                <Mapping sourceAttr="title" targetAttr="title" weight="128"/>
            </AttributeMappings>
        </IdentitySource>
        <IdentitySource auxiliaryClasses=""
            baseDn="object=user,ou=entraid,o=sources"
            createIdentityOnMultiMatch="false"
            createIdentityOnNoMatch="false" dataSourceName="vds"
            isLdap="true" isParallelUpload="false" name="EntraID"
            previewAttributes="displayName"
            primaryObjectClass="azureaduser"
            remapDnAttributes="directReports,manager,memberOf" tempResName="temp_cf0aad0a-2dfb-4d0f-98e1-d4480c12a214">
            <GroupSource auxiliaryClasses=""
                baseDn="object=group,ou=entraid,o=sources"
                memberAttributes="member" primaryObjectClass="group" remapDnAttributes="managedBy,member"/>
            <CorrelationRule>(&amp;(mail=@[mail]))</CorrelationRule>
            <AttributeMappings>
                <Mapping sourceAttr="accountEnabled"
                    targetAttr="accountEnabled" weight="128"/>
                <Mapping sourceAttr="city" targetAttr="city" weight="128"/>
                <Mapping sourceAttr="companyName"
                    targetAttr="companyName" weight="128"/>
                <Mapping sourceAttr="country" targetAttr="country" weight="128"/>
                <Mapping sourceAttr="deltaLink" targetAttr="deltaLink" weight="128"/>
                <Mapping sourceAttr="department" targetAttr="department" weight="128"/>
                <Mapping sourceAttr="directReports"
                    targetAttr="directReports" weight="128"/>
                <Mapping sourceAttr="displayName"
                    targetAttr="displayName" weight="128"/>
                <Mapping sourceAttr="employeeId" targetAttr="employeeID" weight="128"/>
                <Mapping sourceAttr="faxNumber" targetAttr="faxNumber" weight="128"/>
                <Mapping sourceAttr="givenName" targetAttr="givenName" weight="128"/>
                <Mapping sourceAttr="id" targetAttr="id" weight="128"/>
                <Mapping sourceAttr="invitedUserDisplayName"
                    targetAttr="invitedUserDisplayName" weight="128"/>
                <Mapping sourceAttr="invitedUserEmailAddress"
                    targetAttr="invitedUserEmailAddress" weight="128"/>
                <Mapping sourceAttr="invitedUserType"
                    targetAttr="invitedUserType" weight="128"/>
                <Mapping sourceAttr="inviteRedeemUrl"
                    targetAttr="inviteRedeemUrl" weight="128"/>
                <Mapping sourceAttr="inviteRedirectUrl"
                    targetAttr="inviteRedirectUrl" weight="128"/>
                <Mapping sourceAttr="jobTitle" targetAttr="jobTitle" weight="128"/>
                <Mapping sourceAttr="mail" targetAttr="mail" weight="128"/>
                <Mapping sourceAttr="mailNickname"
                    targetAttr="mailNickname" weight="128"/>
                <Mapping sourceAttr="manager" targetAttr="manager" weight="128"/>
                <Mapping sourceAttr="memberOf" targetAttr="memberOf" weight="128"/>
                <Mapping sourceAttr="mobilePhone"
                    targetAttr="mobilePhone" weight="128"/>
                <Mapping sourceAttr="officeLocation"
                    targetAttr="officeLocation" weight="128"/>
                <Mapping sourceAttr="onPremisesImmutableId"
                    targetAttr="onPremisesImmutableId" weight="128"/>
                <Mapping sourceAttr="ownedDevices"
                    targetAttr="ownedDevices" weight="128"/>
                <Mapping sourceAttr="ownedObjects"
                    targetAttr="ownedObjects" weight="128"/>
                <Mapping
                    sourceAttr="passwordprofile-forcechangepasswordnextsignin"
                    targetAttr="passwordprofile-forcechangepasswordnextsignin" weight="128"/>
                <Mapping sourceAttr="passwordprofile-password"
                    targetAttr="passwordprofile-password" weight="128"/>
                <Mapping sourceAttr="postalCode" targetAttr="postalCode" weight="128"/>
                <Mapping sourceAttr="registeredDevices"
                    targetAttr="registeredDevices" weight="128"/>
                <Mapping sourceAttr="sendInvitationMessage"
                    targetAttr="sendInvitationMessage" weight="128"/>
                <Mapping sourceAttr="state" targetAttr="state" weight="128"/>
                <Mapping sourceAttr="status" targetAttr="status" weight="128"/>
                <Mapping sourceAttr="streetAddress"
                    targetAttr="streetAddress" weight="128"/>
                <Mapping sourceAttr="surname" targetAttr="surname" weight="128"/>
                <Mapping sourceAttr="userPrincipalName"
                    targetAttr="userPrincipalName" weight="128"/>
                <Mapping sourceAttr="userType" targetAttr="userType" weight="128"/>
            </AttributeMappings>
        </IdentitySource>
        <IdentitySource auxiliaryClasses=""
            baseDn="object=user,ou=salesforce,o=sources"
            createIdentityOnMultiMatch="false"
            createIdentityOnNoMatch="false" dataSourceName="vds"
            isLdap="true" isParallelUpload="false" name="Salesforce"
            previewAttributes="Name"
            primaryObjectClass="vdSalesforceUser" remapDnAttributes="" tempResName="temp_efe22011-533e-4efb-a647-9bfc17cd5681">
            <GroupSource auxiliaryClasses=""
                baseDn="object=group,ou=salesforce,o=sources"
                memberAttributes="member" primaryObjectClass="group" remapDnAttributes="managedBy,member"/>
            <CorrelationRule>(&amp;(mail=@[Email]))</CorrelationRule>
            <AttributeMappings>
                <Mapping sourceAttr="City" targetAttr="city" weight="128"/>
                <Mapping sourceAttr="CompanyName"
                    targetAttr="companyName" weight="128"/>
                <Mapping sourceAttr="Country" targetAttr="country" weight="128"/>
                <Mapping sourceAttr="Department" targetAttr="department" weight="128"/>
                <Mapping sourceAttr="Division" targetAttr="division" weight="128"/>
                <Mapping sourceAttr="EmployeeNumber"
                    targetAttr="employeeNumber" weight="128"/>
                <Mapping sourceAttr="Id" targetAttr="id" weight="128"/>
                <Mapping sourceAttr="MobilePhone"
                    targetAttr="mobilePhone" weight="128"/>
                <Mapping sourceAttr="Name" targetAttr="name" weight="128"/>
                <Mapping sourceAttr="PostalCode" targetAttr="postalCode" weight="128"/>
                <Mapping sourceAttr="State" targetAttr="state" weight="128"/>
                <Mapping sourceAttr="Street" targetAttr="street" weight="128"/>
                <Mapping sourceAttr="Title" targetAttr="title" weight="128"/>
                <Mapping sourceAttr="UserType" targetAttr="userType" weight="128"/>
            </AttributeMappings>
        </IdentitySource>
        <IdentitySource auxiliaryClasses=""
            baseDn="dc=sfdomain,o=sources"
            createIdentityOnMultiMatch="false"
            createIdentityOnNoMatch="false" dataSourceName="vds"
            isLdap="true" isParallelUpload="false" name="SFDomain"
            previewAttributes="displayName" primaryObjectClass="user"
            remapDnAttributes="managedObjects,manager,memberOf" tempResName="temp_d8b6befd-af41-42f6-be9f-03fa30051341">
            <GroupSource auxiliaryClasses=""
                baseDn="dc=sfdomain,o=sources" memberAttributes="member"
                primaryObjectClass="group" remapDnAttributes="managedBy,member"/>
            <CorrelationRule>(&amp;(mail=@[mail]))</CorrelationRule>
            <AttributeMappings>
                <Mapping sourceAttr="accountExpires"
                    targetAttr="accountExpires" weight="128"/>
                <Mapping sourceAttr="aCSPolicyName"
                    targetAttr="aCSPolicyName" weight="128"/>
                <Mapping sourceAttr="adminCount" targetAttr="adminCount" weight="128"/>
                <Mapping sourceAttr="adminDescription"
                    targetAttr="adminDescription" weight="128"/>
                <Mapping sourceAttr="adminDisplayName"
                    targetAttr="adminDisplayName" weight="128"/>
                <Mapping sourceAttr="assistant" targetAttr="assistant" weight="128"/>
                <Mapping sourceAttr="attributeCertificateAttribute"
                    targetAttr="attributeCertificateAttribute" weight="128"/>
                <Mapping sourceAttr="audio" targetAttr="audio" weight="128"/>
                <Mapping sourceAttr="badPasswordTime"
                    targetAttr="badPasswordTime" weight="128"/>
                <Mapping sourceAttr="badPwdCount"
                    targetAttr="badPwdCount" weight="128"/>
                <Mapping sourceAttr="businessCategory"
                    targetAttr="businessCategory" weight="128"/>
                <Mapping sourceAttr="c" targetAttr="c" weight="128"/>
                <Mapping sourceAttr="carLicense" targetAttr="carLicense" weight="128"/>
                <Mapping sourceAttr="cn" targetAttr="cn" weight="128"/>
                <Mapping sourceAttr="co" targetAttr="co" weight="128"/>
                <Mapping sourceAttr="codePage" targetAttr="codePage" weight="128"/>
                <Mapping sourceAttr="comment" targetAttr="comment" weight="128"/>
                <Mapping sourceAttr="company" targetAttr="company" weight="128"/>
                <Mapping sourceAttr="controlAccessRights"
                    targetAttr="controlAccessRights" weight="128"/>
                <Mapping sourceAttr="countryCode"
                    targetAttr="countryCode" weight="128"/>
                <Mapping sourceAttr="createTimeStamp"
                    targetAttr="createTimeStamp" weight="128"/>
                <Mapping sourceAttr="dBCSPwd" targetAttr="dBCSPwd" weight="128"/>
                <Mapping sourceAttr="defaultClassStore"
                    targetAttr="defaultClassStore" weight="128"/>
                <Mapping sourceAttr="department" targetAttr="department" weight="128"/>
                <Mapping sourceAttr="departmentNumber"
                    targetAttr="departmentNumber" weight="128"/>
                <Mapping sourceAttr="description"
                    targetAttr="description" weight="128"/>
                <Mapping sourceAttr="desktopProfile"
                    targetAttr="desktopProfile" weight="128"/>
                <Mapping sourceAttr="destinationIndicator"
                    targetAttr="destinationIndicator" weight="128"/>
                <Mapping sourceAttr="displayName"
                    targetAttr="displayName" weight="128"/>
                <Mapping sourceAttr="displayNamePrintable"
                    targetAttr="displayNamePrintable" weight="128"/>
                <Mapping sourceAttr="distinguishedName"
                    targetAttr="distinguishedName" weight="128"/>
                <Mapping sourceAttr="division" targetAttr="division" weight="128"/>
                <Mapping sourceAttr="dynamicLDAPServer"
                    targetAttr="dynamicLDAPServer" weight="128"/>
                <Mapping sourceAttr="employeeID" targetAttr="employeeID" weight="128"/>
                <Mapping sourceAttr="employeeNumber"
                    targetAttr="employeeNumber" weight="128"/>
                <Mapping sourceAttr="employeeType"
                    targetAttr="employeeType" weight="128"/>
                <Mapping sourceAttr="extensionName"
                    targetAttr="extensionName" weight="128"/>
                <Mapping sourceAttr="facsimileTelephoneNumber"
                    targetAttr="facsimileTelephoneNumber" weight="128"/>
                <Mapping sourceAttr="flags" targetAttr="flags" weight="128"/>
                <Mapping sourceAttr="fSMORoleOwner"
                    targetAttr="fSMORoleOwner" weight="128"/>
                <Mapping sourceAttr="generationQualifier"
                    targetAttr="generationQualifier" weight="128"/>
                <Mapping sourceAttr="givenName" targetAttr="givenName" weight="128"/>
                <Mapping sourceAttr="groupMembershipSAM"
                    targetAttr="groupMembershipSAM" weight="128"/>
                <Mapping sourceAttr="groupPriority"
                    targetAttr="groupPriority" weight="128"/>
                <Mapping sourceAttr="groupsToIgnore"
                    targetAttr="groupsToIgnore" weight="128"/>
                <Mapping sourceAttr="homeDirectory"
                    targetAttr="homeDirectory" weight="128"/>
                <Mapping sourceAttr="homeDrive" targetAttr="homeDrive" weight="128"/>
                <Mapping sourceAttr="homePhone" targetAttr="homePhone" weight="128"/>
                <Mapping sourceAttr="homePostalAddress"
                    targetAttr="homePostalAddress" weight="128"/>
                <Mapping sourceAttr="houseIdentifier"
                    targetAttr="houseIdentifier" weight="128"/>
                <Mapping sourceAttr="initials" targetAttr="initials" weight="128"/>
                <Mapping sourceAttr="instanceType"
                    targetAttr="instanceType" weight="128"/>
                <Mapping sourceAttr="internationalISDNNumber"
                    targetAttr="internationaliSDNNumber" weight="128"/>
                <Mapping sourceAttr="ipPhone" targetAttr="ipPhone" weight="128"/>
                <Mapping sourceAttr="isCriticalSystemObject"
                    targetAttr="isCriticalSystemObject" weight="128"/>
                <Mapping sourceAttr="isDeleted" targetAttr="isDeleted" weight="128"/>
                <Mapping sourceAttr="isPrivilegeHolder"
                    targetAttr="isPrivilegeHolder" weight="128"/>
                <Mapping sourceAttr="jpegPhoto" targetAttr="jpegPhoto" weight="128"/>
                <Mapping sourceAttr="l" targetAttr="l" weight="128"/>
                <Mapping sourceAttr="labeledURI" targetAttr="labeledURI" weight="128"/>
                <Mapping sourceAttr="lastKnownParent"
                    targetAttr="lastKnownParent" weight="128"/>
                <Mapping sourceAttr="lastLogoff" targetAttr="lastLogoff" weight="128"/>
                <Mapping sourceAttr="lastLogon" targetAttr="lastLogon" weight="128"/>
                <Mapping sourceAttr="lastLogonTimestamp"
                    targetAttr="lastLogonTimestamp" weight="128"/>
                <Mapping sourceAttr="lmPwdHistory"
                    targetAttr="lmPwdHistory" weight="128"/>
                <Mapping sourceAttr="localeID" targetAttr="localeID" weight="128"/>
                <Mapping sourceAttr="lockoutTime"
                    targetAttr="lockoutTime" weight="128"/>
                <Mapping sourceAttr="logonCount" targetAttr="logonCount" weight="128"/>
                <Mapping sourceAttr="logonHours" targetAttr="logonHours" weight="128"/>
                <Mapping sourceAttr="logonWorkstation"
                    targetAttr="logonWorkstation" weight="128"/>
                <Mapping sourceAttr="mail" targetAttr="mail" weight="128"/>
                <Mapping sourceAttr="managedObjects"
                    targetAttr="managedObjects" weight="128"/>
                <Mapping sourceAttr="manager" targetAttr="manager" weight="128"/>
                <Mapping sourceAttr="masteredBy" targetAttr="masteredBy" weight="128"/>
                <Mapping sourceAttr="maxStorage" targetAttr="maxStorage" weight="128"/>
                <Mapping sourceAttr="memberOf" targetAttr="memberOf" weight="128"/>
                <Mapping sourceAttr="mhsORAddress"
                    targetAttr="mhsORAddress" weight="128"/>
                <Mapping sourceAttr="middleName" targetAttr="middleName" weight="128"/>
                <Mapping sourceAttr="mobile" targetAttr="mobile" weight="128"/>
                <Mapping sourceAttr="modifyTimeStamp"
                    targetAttr="modifyTimeStamp" weight="128"/>
                <Mapping sourceAttr="mS-DS-ConsistencyChildCount"
                    targetAttr="mS-DS-ConsistencyChildCount" weight="128"/>
                <Mapping sourceAttr="mS-DS-ConsistencyGuid"
                    targetAttr="mS-DS-ConsistencyGuid" weight="128"/>
                <Mapping sourceAttr="msCOM-UserPartitionSetLink"
                    targetAttr="msCOM-UserPartitionSetLink" weight="128"/>
                <Mapping sourceAttr="msDRM-IdentityCertificate"
                    targetAttr="msDRM-IdentityCertificate" weight="128"/>
                <Mapping sourceAttr="msDS-AllowedToDelegateTo"
                    targetAttr="msDS-AllowedToDelegateTo" weight="128"/>
                <Mapping sourceAttr="msDS-Cached-Membership"
                    targetAttr="msDS-Cached-Membership" weight="128"/>
                <Mapping sourceAttr="msDS-Cached-Membership-Time-Stamp"
                    targetAttr="msDS-Cached-Membership-Time-Stamp" weight="128"/>
                <Mapping sourceAttr="msDS-NCReplCursors"
                    targetAttr="msDS-NCReplCursors" weight="128"/>
                <Mapping sourceAttr="msDS-NCReplInboundNeighbors"
                    targetAttr="msDS-NCReplInboundNeighbors" weight="128"/>
                <Mapping sourceAttr="msDS-NCReplOutboundNeighbors"
                    targetAttr="msDS-NCReplOutboundNeighbors" weight="128"/>
                <Mapping sourceAttr="msDS-ReplValueMetaData"
                    targetAttr="msDS-ReplValueMetaData" weight="128"/>
                <Mapping sourceAttr="msDS-Site-Affinity"
                    targetAttr="msDS-Site-Affinity" weight="128"/>
                <Mapping sourceAttr="msDS-User-Account-Control-Computed"
                    targetAttr="msDS-User-Account-Control-Computed" weight="128"/>
                <Mapping sourceAttr="msExchHouseIdentifier"
                    targetAttr="msExchHouseIdentifier" weight="128"/>
                <Mapping sourceAttr="msIIS-FTPDir"
                    targetAttr="msIIS-FTPDir" weight="128"/>
                <Mapping sourceAttr="msIIS-FTPRoot"
                    targetAttr="msIIS-FTPRoot" weight="128"/>
                <Mapping sourceAttr="mSMQDigests"
                    targetAttr="mSMQDigests" weight="128"/>
                <Mapping sourceAttr="mSMQDigestsMig"
                    targetAttr="mSMQDigestsMig" weight="128"/>
                <Mapping sourceAttr="mSMQSignCertificates"
                    targetAttr="mSMQSignCertificates" weight="128"/>
                <Mapping sourceAttr="mSMQSignCertificatesMig"
                    targetAttr="mSMQSignCertificatesMig" weight="128"/>
                <Mapping sourceAttr="msNPAllowDialin"
                    targetAttr="msNPAllowDialin" weight="128"/>
                <Mapping sourceAttr="msNPCallingStationID"
                    targetAttr="msNPCallingStationID" weight="128"/>
                <Mapping sourceAttr="msNPSavedCallingStationID"
                    targetAttr="msNPSavedCallingStationID" weight="128"/>
                <Mapping sourceAttr="msRADIUSCallbackNumber"
                    targetAttr="msRADIUSCallbackNumber" weight="128"/>
                <Mapping sourceAttr="msRADIUSFramedIPAddress"
                    targetAttr="msRADIUSFramedIPAddress" weight="128"/>
                <Mapping sourceAttr="msRADIUSFramedRoute"
                    targetAttr="msRADIUSFramedRoute" weight="128"/>
                <Mapping sourceAttr="msRADIUSServiceType"
                    targetAttr="msRADIUSServiceType" weight="128"/>
                <Mapping sourceAttr="msRASSavedCallbackNumber"
                    targetAttr="msRASSavedCallbackNumber" weight="128"/>
                <Mapping sourceAttr="msRASSavedFramedIPAddress"
                    targetAttr="msRASSavedFramedIPAddress" weight="128"/>
                <Mapping sourceAttr="msRASSavedFramedRoute"
                    targetAttr="msRASSavedFramedRoute" weight="128"/>
                <Mapping sourceAttr="name" targetAttr="name" weight="128"/>
                <Mapping sourceAttr="networkAddress"
                    targetAttr="networkAddress" weight="128"/>
                <Mapping sourceAttr="ntPwdHistory"
                    targetAttr="ntPwdHistory" weight="128"/>
                <Mapping sourceAttr="nTSecurityDescriptor"
                    targetAttr="nTSecurityDescriptor" weight="128"/>
                <Mapping sourceAttr="o" targetAttr="o" weight="128"/>
                <Mapping sourceAttr="objectCategory"
                    targetAttr="objectCategory" weight="128"/>
                <Mapping sourceAttr="objectGUID" targetAttr="objectGUID" weight="128"/>
                <Mapping sourceAttr="objectSid" targetAttr="objectSid" weight="128"/>
                <Mapping sourceAttr="objectVersion"
                    targetAttr="objectVersion" weight="128"/>
                <Mapping sourceAttr="operatorCount"
                    targetAttr="operatorCount" weight="128"/>
                <Mapping sourceAttr="otherFacsimileTelephoneNumber"
                    targetAttr="otherFacsimileTelephoneNumber" weight="128"/>
                <Mapping sourceAttr="otherHomePhone"
                    targetAttr="otherHomePhone" weight="128"/>
                <Mapping sourceAttr="otherIpPhone"
                    targetAttr="otherIpPhone" weight="128"/>
                <Mapping sourceAttr="otherLoginWorkstations"
                    targetAttr="otherLoginWorkstations" weight="128"/>
                <Mapping sourceAttr="otherMailbox"
                    targetAttr="otherMailbox" weight="128"/>
                <Mapping sourceAttr="otherMobile"
                    targetAttr="otherMobile" weight="128"/>
                <Mapping sourceAttr="otherPager" targetAttr="otherPager" weight="128"/>
                <Mapping sourceAttr="otherTelephone"
                    targetAttr="otherTelephone" weight="128"/>
                <Mapping sourceAttr="ou" targetAttr="ou" weight="128"/>
                <Mapping sourceAttr="pager" targetAttr="pager" weight="128"/>
                <Mapping sourceAttr="personalTitle"
                    targetAttr="personalTitle" weight="128"/>
                <Mapping sourceAttr="photo" targetAttr="photo" weight="128"/>
                <Mapping sourceAttr="physicalDeliveryOfficeName"
                    targetAttr="physicalDeliveryOfficeName" weight="128"/>
                <Mapping sourceAttr="postalAddress"
                    targetAttr="postalAddress" weight="128"/>
                <Mapping sourceAttr="postalCode" targetAttr="postalCode" weight="128"/>
                <Mapping sourceAttr="postOfficeBox"
                    targetAttr="postOfficeBox" weight="128"/>
                <Mapping sourceAttr="preferredDeliveryMethod"
                    targetAttr="preferredDeliveryMethod" weight="128"/>
                <Mapping sourceAttr="preferredLanguage"
                    targetAttr="preferredLanguage" weight="128"/>
                <Mapping sourceAttr="preferredOU"
                    targetAttr="preferredOU" weight="128"/>
                <Mapping sourceAttr="primaryGroupID"
                    targetAttr="primaryGroupID" weight="128"/>
                <Mapping sourceAttr="primaryInternationalISDNNumber"
                    targetAttr="primaryInternationalISDNNumber" weight="128"/>
                <Mapping sourceAttr="primaryTelexNumber"
                    targetAttr="primaryTelexNumber" weight="128"/>
                <Mapping sourceAttr="profilePath"
                    targetAttr="profilePath" weight="128"/>
                <Mapping sourceAttr="proxyAddresses"
                    targetAttr="proxyAddresses" weight="128"/>
                <Mapping sourceAttr="pwdLastSet" targetAttr="pwdLastSet" weight="128"/>
                <Mapping sourceAttr="registeredAddress"
                    targetAttr="registeredAddress" weight="128"/>
                <Mapping sourceAttr="revision" targetAttr="revision" weight="128"/>
                <Mapping sourceAttr="roomNumber" targetAttr="roomNumber" weight="128"/>
                <Mapping sourceAttr="sAMAccountName"
                    targetAttr="sAMAccountName" weight="128"/>
                <Mapping sourceAttr="scriptPath" targetAttr="scriptPath" weight="128"/>
                <Mapping sourceAttr="sDRightsEffective"
                    targetAttr="sDRightsEffective" weight="128"/>
                <Mapping sourceAttr="secretary" targetAttr="secretary" weight="128"/>
                <Mapping sourceAttr="seeAlso" targetAttr="seeAlso" weight="128"/>
                <Mapping sourceAttr="serialNumber"
                    targetAttr="serialNumber" weight="128"/>
                <Mapping sourceAttr="servicePrincipalName"
                    targetAttr="servicePrincipalName" weight="128"/>
                <Mapping sourceAttr="showInAdvancedViewOnly"
                    targetAttr="showInAdvancedViewOnly" weight="128"/>
                <Mapping sourceAttr="sn" targetAttr="sn" weight="128"/>
                <Mapping sourceAttr="st" targetAttr="st" weight="128"/>
                <Mapping sourceAttr="street" targetAttr="street" weight="128"/>
                <Mapping sourceAttr="streetAddress"
                    targetAttr="streetAddress" weight="128"/>
                <Mapping sourceAttr="structuralObjectClass"
                    targetAttr="structuralObjectClass" weight="128"/>
                <Mapping sourceAttr="subSchemaSubEntry"
                    targetAttr="subSchemaSubEntry" weight="128"/>
                <Mapping sourceAttr="telephoneNumber"
                    targetAttr="telephoneNumber" weight="128"/>
                <Mapping sourceAttr="teletexTerminalIdentifier"
                    targetAttr="teletexTerminalIdentifier" weight="128"/>
                <Mapping sourceAttr="telexNumber"
                    targetAttr="telexNumber" weight="128"/>
                <Mapping sourceAttr="terminalServer"
                    targetAttr="terminalServer" weight="128"/>
                <Mapping sourceAttr="thumbnailLogo"
                    targetAttr="thumbnailLogo" weight="128"/>
                <Mapping sourceAttr="thumbnailPhoto"
                    targetAttr="thumbnailPhoto" weight="128"/>
                <Mapping sourceAttr="title" targetAttr="title" weight="128"/>
                <Mapping sourceAttr="uid" targetAttr="uid" weight="128"/>
                <Mapping sourceAttr="unicodePwd" targetAttr="unicodePwd" weight="128"/>
                <Mapping sourceAttr="url" targetAttr="url" weight="128"/>
                <Mapping sourceAttr="userAccountControl"
                    targetAttr="userAccountControl" weight="128"/>
                <Mapping sourceAttr="userCertificate"
                    targetAttr="userCertificate" weight="128"/>
                <Mapping sourceAttr="userParameters"
                    targetAttr="userParameters" weight="128"/>
                <Mapping sourceAttr="userPassword"
                    targetAttr="userPassword" weight="128"/>
                <Mapping sourceAttr="userPKCS12" targetAttr="userPKCS12" weight="128"/>
                <Mapping sourceAttr="userPrincipalName"
                    targetAttr="userPrincipalName" weight="128"/>
                <Mapping sourceAttr="userSharedFolder"
                    targetAttr="userSharedFolder" weight="128"/>
                <Mapping sourceAttr="userSharedFolderOther"
                    targetAttr="userSharedFolderOther" weight="128"/>
                <Mapping sourceAttr="userSMIMECertificate"
                    targetAttr="userSMimeCertificate" weight="128"/>
                <Mapping sourceAttr="userWorkstations"
                    targetAttr="userWorkstations" weight="128"/>
                <Mapping sourceAttr="uSNChanged" targetAttr="uSNChanged" weight="128"/>
                <Mapping sourceAttr="uSNCreated" targetAttr="uSNCreated" weight="128"/>
                <Mapping sourceAttr="uSNDSALastObjRemoved"
                    targetAttr="uSNDSALastObjRemoved" weight="128"/>
                <Mapping sourceAttr="USNIntersite"
                    targetAttr="USNIntersite" weight="128"/>
                <Mapping sourceAttr="uSNLastObjRem"
                    targetAttr="uSNLastObjRem" weight="128"/>
                <Mapping sourceAttr="uSNSource" targetAttr="uSNSource" weight="128"/>
                <Mapping sourceAttr="wbemPath" targetAttr="wbemPath" weight="128"/>
                <Mapping sourceAttr="whenChanged"
                    targetAttr="whenChanged" weight="128"/>
                <Mapping sourceAttr="whenCreated"
                    targetAttr="whenCreated" weight="128"/>
                <Mapping sourceAttr="wWWHomePage"
                    targetAttr="wWWHomePage" weight="128"/>
                <Mapping sourceAttr="x121Address"
                    targetAttr="x121Address" weight="128"/>
                <Mapping sourceAttr="x500uniqueIdentifier"
                    targetAttr="x500uniqueIdentifier" weight="128"/>
            </AttributeMappings>
        </IdentitySource>
        <IdentitySource auxiliaryClasses=""
            baseDn="object=user,ou=servicenow,o=sources"
            createIdentityOnMultiMatch="false"
            createIdentityOnNoMatch="false" dataSourceName="vds"
            isLdap="true" isParallelUpload="false" name="ServiceNow"
            previewAttributes="displayName"
            primaryObjectClass="vdusers-servicenow"
            remapDnAttributes="manager" tempResName="temp_379cc8f6-ccfd-41c5-af62-838e26664389">
            <GroupSource auxiliaryClasses=""
                baseDn="object=group,ou=servicenow,o=sources"
                memberAttributes="member" primaryObjectClass="group" remapDnAttributes="managedBy,member"/>
            <CorrelationRule>(&amp;(mail=@[emails-work]))</CorrelationRule>
            <AttributeMappings>
                <Mapping sourceAttr="company" targetAttr="company" weight="128"/>
                <Mapping sourceAttr="department" targetAttr="department" weight="128"/>
                <Mapping sourceAttr="displayName"
                    targetAttr="displayName" weight="128"/>
                <Mapping sourceAttr="division" targetAttr="division" weight="128"/>
                <Mapping sourceAttr="employeeNumber"
                    targetAttr="employeeNumber" weight="128"/>
                <Mapping sourceAttr="id" targetAttr="id" weight="128"/>
                <Mapping sourceAttr="manager" targetAttr="manager" weight="128"/>
                <Mapping sourceAttr="preferredLanguage"
                    targetAttr="preferredLanguage" weight="128"/>
                <Mapping sourceAttr="title" targetAttr="title" weight="128"/>
                <Mapping sourceAttr="userType" targetAttr="userType" weight="128"/>
            </AttributeMappings>
        </IdentitySource>
        <IdentitySource auxiliaryClasses=""
            baseDn="ou=Accounts,ou=employeedb,o=sources"
            createIdentityOnMultiMatch="false"
            createIdentityOnNoMatch="true" dataSourceName="vds"
            isLdap="true" isParallelUpload="false" name="EmployeeDB"
            previewAttributes="DisplayName"
            primaryObjectClass="vddboEmployees"
            remapDnAttributes="Manager" tempResName="temp_00004f87-d3a8-4289-ba3b-e5b9b86b57f0">
            <CorrelationRule>(&amp;(mail=@[EmailAddress]))</CorrelationRule>
            <AttributeMappings>
                <Mapping sourceAttr="City" targetAttr="city" weight="128"/>
                <Mapping sourceAttr="CN" targetAttr="cn" weight="128"/>
                <Mapping sourceAttr="Company" targetAttr="company" weight="128"/>
                <Mapping sourceAttr="CountryCode"
                    targetAttr="countryCode" weight="128"/>
                <Mapping sourceAttr="CountryInit"
                    targetAttr="CountryInit" weight="128"/>
                <Mapping sourceAttr="CountryName"
                    targetAttr="CountryName" weight="128"/>
                <Mapping sourceAttr="Department" targetAttr="department" weight="128"/>
                <Mapping sourceAttr="Description"
                    targetAttr="description" weight="128"/>
                <Mapping sourceAttr="DisplayName"
                    targetAttr="displayName" weight="128"/>
                <Mapping sourceAttr="EmailAddress"
                    targetAttr="EmailAddress" weight="128"/>
                <Mapping sourceAttr="FirstName" targetAttr="FirstName" weight="128"/>
                <Mapping sourceAttr="GroupID" targetAttr="GroupID" weight="128"/>
                <Mapping sourceAttr="HIREDATE" targetAttr="HIREDATE" weight="128"/>
                <Mapping sourceAttr="Initials" targetAttr="initials" weight="128"/>
                <Mapping sourceAttr="LastName" targetAttr="LastName" weight="128"/>
                <Mapping sourceAttr="Manager" targetAttr="manager" weight="128"/>
                <Mapping sourceAttr="OfficeLocations"
                    targetAttr="OfficeLocations" weight="128"/>
                <Mapping sourceAttr="RETIREMENTENROLLED"
                    targetAttr="RETIREMENTENROLLED" weight="128"/>
                <Mapping sourceAttr="SocSecNumber"
                    targetAttr="SocSecNumber" weight="128"/>
                <Mapping sourceAttr="StateProvince"
                    targetAttr="StateProvince" weight="128"/>
                <Mapping sourceAttr="Status" targetAttr="status" weight="128"/>
                <Mapping sourceAttr="StoreEmployeeID"
                    targetAttr="StoreEmployeeID" weight="128"/>
                <Mapping sourceAttr="Street" targetAttr="street" weight="128"/>
                <Mapping sourceAttr="TelephoneMobile"
                    targetAttr="TelephoneMobile" weight="128"/>
                <Mapping sourceAttr="TelephoneNumber"
                    targetAttr="telephoneNumber" weight="128"/>
                <Mapping sourceAttr="TerminationDate"
                    targetAttr="TerminationDate" weight="128"/>
                <Mapping sourceAttr="Title" targetAttr="title" weight="128"/>
                <Mapping sourceAttr="UserLogonName"
                    targetAttr="UserLogonName" weight="128"/>
                <Mapping sourceAttr="ZipPostalCode"
                    targetAttr="ZipPostalCode" weight="128"/>
            </AttributeMappings>
        </IdentitySource>
    </IdentitySources>
</GlobalProfile>
