{"sourceDn":"","targetDn":"","mappingsList":[{"class":"TargetAttributeMappingAction","targetAttrName":"userName","isIdLinkage":false,"isSingleValue":false,"isAdvanced":false,"copyMode":0,"values":{"class":"ConditionalValueDefinition","operationType":2,"ifCondition":null,"valuesForIfCondition":[],"valuesForElseCondition":null}},{"class":"TargetAttributeMappingAction","targetAttrName":"active","isIdLinkage":false,"isSingleValue":false,"isAdvanced":false,"copyMode":0,"values":{"class":"ConditionalValueDefinition","operationType":2,"ifCondition":null,"valuesForIfCondition":[],"valuesForElseCondition":null}},{"class":"TargetAttributeMappingAction","targetAttrName":"addresses-country","isIdLinkage":false,"isSingleValue":false,"isAdvanced":false,"copyMode":0,"values":{"class":"ConditionalValueDefinition","operationType":2,"ifCondition":null,"valuesForIfCondition":[],"valuesForElseCondition":null}},{"class":"TargetAttributeMappingAction","targetAttrName":"addresses-formatted","isIdLinkage":false,"isSingleValue":false,"isAdvanced":false,"copyMode":0,"values":{"class":"ConditionalValueDefinition","operationType":2,"ifCondition":null,"valuesForIfCondition":[],"valuesForElseCondition":null}},{"class":"TargetAttributeMappingAction","targetAttrName":"addresses-locality","isIdLinkage":false,"isSingleValue":false,"isAdvanced":false,"copyMode":0,"values":{"class":"ConditionalValueDefinition","operationType":2,"ifCondition":null,"valuesForIfCondition":[],"valuesForElseCondition":null}},{"class":"TargetAttributeMappingAction","targetAttrName":"addresses-postalCode","isIdLinkage":false,"isSingleValue":false,"isAdvanced":false,"copyMode":0,"values":{"class":"ConditionalValueDefinition","operationType":2,"ifCondition":null,"valuesForIfCondition":[],"valuesForElseCondition":null}},{"class":"TargetAttributeMappingAction","targetAttrName":"addresses-primary","isIdLinkage":false,"isSingleValue":false,"isAdvanced":false,"copyMode":0,"values":{"class":"ConditionalValueDefinition","operationType":2,"ifCondition":null,"valuesForIfCondition":[],"valuesForElseCondition":null}},{"class":"TargetAttributeMappingAction","targetAttrName":"addresses-region","isIdLinkage":false,"isSingleValue":false,"isAdvanced":false,"copyMode":0,"values":{"class":"ConditionalValueDefinition","operationType":2,"ifCondition":null,"valuesForIfCondition":[],"valuesForElseCondition":null}},{"class":"TargetAttributeMappingAction","targetAttrName":"addresses-streetAddress","isIdLinkage":false,"isSingleValue":false,"isAdvanced":false,"copyMode":0,"values":{"class":"ConditionalValueDefinition","operationType":2,"ifCondition":null,"valuesForIfCondition":[],"valuesForElseCondition":null}},{"class":"TargetAttributeMappingAction","targetAttrName":"addresses-type","isIdLinkage":false,"isSingleValue":false,"isAdvanced":false,"copyMode":0,"values":{"class":"ConditionalValueDefinition","operationType":2,"ifCondition":null,"valuesForIfCondition":[],"valuesForElseCondition":null}},{"class":"TargetAttributeMappingAction","targetAttrName":"company","isIdLinkage":false,"isSingleValue":false,"isAdvanced":false,"copyMode":0,"values":{"class":"ConditionalValueDefinition","operationType":2,"ifCondition":null,"valuesForIfCondition":[],"valuesForElseCondition":null}},{"class":"TargetAttributeMappingAction","targetAttrName":"costCenter","isIdLinkage":false,"isSingleValue":false,"isAdvanced":false,"copyMode":0,"values":{"class":"ConditionalValueDefinition","operationType":2,"ifCondition":null,"valuesForIfCondition":[],"valuesForElseCondition":null}},{"class":"TargetAttributeMappingAction","targetAttrName":"department","isIdLinkage":false,"isSingleValue":false,"isAdvanced":false,"copyMode":0,"values":{"class":"ConditionalValueDefinition","operationType":2,"ifCondition":null,"valuesForIfCondition":[],"valuesForElseCondition":null}},{"class":"TargetAttributeMappingAction","targetAttrName":"displayName","isIdLinkage":false,"isSingleValue":false,"isAdvanced":false,"copyMode":0,"values":{"class":"ConditionalValueDefinition","operationType":2,"ifCondition":null,"valuesForIfCondition":[],"valuesForElseCondition":null}},{"class":"TargetAttributeMappingAction","targetAttrName":"division","isIdLinkage":false,"isSingleValue":false,"isAdvanced":false,"copyMode":0,"values":{"class":"ConditionalValueDefinition","operationType":2,"ifCondition":null,"valuesForIfCondition":[],"valuesForElseCondition":null}},{"class":"TargetAttributeMappingAction","targetAttrName":"emails-home","isIdLinkage":false,"isSingleValue":false,"isAdvanced":false,"copyMode":0,"values":{"class":"ConditionalValueDefinition","operationType":2,"ifCondition":null,"valuesForIfCondition":[],"valuesForElseCondition":null}},{"class":"TargetAttributeMappingAction","targetAttrName":"emails-other","isIdLinkage":false,"isSingleValue":false,"isAdvanced":false,"copyMode":0,"values":{"class":"ConditionalValueDefinition","operationType":2,"ifCondition":null,"valuesForIfCondition":[],"valuesForElseCondition":null}},{"class":"TargetAttributeMappingAction","targetAttrName":"emails-work","isIdLinkage":false,"isSingleValue":false,"isAdvanced":false,"copyMode":0,"values":{"class":"ConditionalValueDefinition","operationType":2,"ifCondition":null,"valuesForIfCondition":[],"valuesForElseCondition":null}},{"class":"TargetAttributeMappingAction","targetAttrName":"employeeNumber","isIdLinkage":false,"isSingleValue":false,"isAdvanced":false,"copyMode":0,"values":{"class":"ConditionalValueDefinition","operationType":2,"ifCondition":null,"valuesForIfCondition":[],"valuesForElseCondition":null}},{"class":"TargetAttributeMappingAction","targetAttrName":"entitlements","isIdLinkage":false,"isSingleValue":false,"isAdvanced":false,"copyMode":0,"values":{"class":"ConditionalValueDefinition","operationType":2,"ifCondition":null,"valuesForIfCondition":[],"valuesForElseCondition":null}},{"class":"TargetAttributeMappingAction","targetAttrName":"gender","isIdLinkage":false,"isSingleValue":false,"isAdvanced":false,"copyMode":0,"values":{"class":"ConditionalValueDefinition","operationType":2,"ifCondition":null,"valuesForIfCondition":[],"valuesForElseCondition":null}},{"class":"TargetAttributeMappingAction","targetAttrName":"groups","isIdLinkage":false,"isSingleValue":false,"isAdvanced":false,"copyMode":0,"values":{"class":"ConditionalValueDefinition","operationType":2,"ifCondition":null,"valuesForIfCondition":[],"valuesForElseCondition":null}},{"class":"TargetAttributeMappingAction","targetAttrName":"id","isIdLinkage":false,"isSingleValue":false,"isAdvanced":false,"copyMode":0,"values":{"class":"ConditionalValueDefinition","operationType":2,"ifCondition":null,"valuesForIfCondition":[],"valuesForElseCondition":null}},{"class":"TargetAttributeMappingAction","targetAttrName":"ims-aim","isIdLinkage":false,"isSingleValue":false,"isAdvanced":false,"copyMode":0,"values":{"class":"ConditionalValueDefinition","operationType":2,"ifCondition":null,"valuesForIfCondition":[],"valuesForElseCondition":null}},{"class":"TargetAttributeMappingAction","targetAttrName":"ims-gtalk","isIdLinkage":false,"isSingleValue":false,"isAdvanced":false,"copyMode":0,"values":{"class":"ConditionalValueDefinition","operationType":2,"ifCondition":null,"valuesForIfCondition":[],"valuesForElseCondition":null}},{"class":"TargetAttributeMappingAction","targetAttrName":"ims-icq","isIdLinkage":false,"isSingleValue":false,"isAdvanced":false,"copyMode":0,"values":{"class":"ConditionalValueDefinition","operationType":2,"ifCondition":null,"valuesForIfCondition":[],"valuesForElseCondition":null}},{"class":"TargetAttributeMappingAction","targetAttrName":"ims-msn","isIdLinkage":false,"isSingleValue":false,"isAdvanced":false,"copyMode":0,"values":{"class":"ConditionalValueDefinition","operationType":2,"ifCondition":null,"valuesForIfCondition":[],"valuesForElseCondition":null}},{"class":"TargetAttributeMappingAction","targetAttrName":"ims-qq","isIdLinkage":false,"isSingleValue":false,"isAdvanced":false,"copyMode":0,"values":{"class":"ConditionalValueDefinition","operationType":2,"ifCondition":null,"valuesForIfCondition":[],"valuesForElseCondition":null}},{"class":"TargetAttributeMappingAction","targetAttrName":"ims-skype","isIdLinkage":false,"isSingleValue":false,"isAdvanced":false,"copyMode":0,"values":{"class":"ConditionalValueDefinition","operationType":2,"ifCondition":null,"valuesForIfCondition":[],"valuesForElseCondition":null}},{"class":"TargetAttributeMappingAction","targetAttrName":"ims-xmpp","isIdLinkage":false,"isSingleValue":false,"isAdvanced":false,"copyMode":0,"values":{"class":"ConditionalValueDefinition","operationType":2,"ifCondition":null,"valuesForIfCondition":[],"valuesForElseCondition":null}},{"class":"TargetAttributeMappingAction","targetAttrName":"ims-yahoo","isIdLinkage":false,"isSingleValue":false,"isAdvanced":false,"copyMode":0,"values":{"class":"ConditionalValueDefinition","operationType":2,"ifCondition":null,"valuesForIfCondition":[],"valuesForElseCondition":null}},{"class":"TargetAttributeMappingAction","targetAttrName":"locale","isIdLinkage":false,"isSingleValue":false,"isAdvanced":false,"copyMode":0,"values":{"class":"ConditionalValueDefinition","operationType":2,"ifCondition":null,"valuesForIfCondition":[],"valuesForElseCondition":null}},{"class":"TargetAttributeMappingAction","targetAttrName":"location","isIdLinkage":false,"isSingleValue":false,"isAdvanced":false,"copyMode":0,"values":{"class":"ConditionalValueDefinition","operationType":2,"ifCondition":null,"valuesForIfCondition":[],"valuesForElseCondition":null}},{"class":"TargetAttributeMappingAction","targetAttrName":"manager","isIdLinkage":false,"isSingleValue":false,"isAdvanced":false,"copyMode":0,"values":{"class":"ConditionalValueDefinition","operationType":2,"ifCondition":null,"valuesForIfCondition":[],"valuesForElseCondition":null}},{"class":"TargetAttributeMappingAction","targetAttrName":"name-familyName","isIdLinkage":false,"isSingleValue":false,"isAdvanced":false,"copyMode":0,"values":{"class":"ConditionalValueDefinition","operationType":2,"ifCondition":null,"valuesForIfCondition":[],"valuesForElseCondition":null}},{"class":"TargetAttributeMappingAction","targetAttrName":"name-formatted","isIdLinkage":false,"isSingleValue":false,"isAdvanced":false,"copyMode":0,"values":{"class":"ConditionalValueDefinition","operationType":2,"ifCondition":null,"valuesForIfCondition":[],"valuesForElseCondition":null}},{"class":"TargetAttributeMappingAction","targetAttrName":"name-givenName","isIdLinkage":false,"isSingleValue":false,"isAdvanced":false,"copyMode":0,"values":{"class":"ConditionalValueDefinition","operationType":2,"ifCondition":null,"valuesForIfCondition":[],"valuesForElseCondition":null}},{"class":"TargetAttributeMappingAction","targetAttrName":"name-honorificPrefix","isIdLinkage":false,"isSingleValue":false,"isAdvanced":false,"copyMode":0,"values":{"class":"ConditionalValueDefinition","operationType":2,"ifCondition":null,"valuesForIfCondition":[],"valuesForElseCondition":null}},{"class":"TargetAttributeMappingAction","targetAttrName":"name-honorificSuffix","isIdLinkage":false,"isSingleValue":false,"isAdvanced":false,"copyMode":0,"values":{"class":"ConditionalValueDefinition","operationType":2,"ifCondition":null,"valuesForIfCondition":[],"valuesForElseCondition":null}},{"class":"TargetAttributeMappingAction","targetAttrName":"name-middleName","isIdLinkage":false,"isSingleValue":false,"isAdvanced":false,"copyMode":0,"values":{"class":"ConditionalValueDefinition","operationType":2,"ifCondition":null,"valuesForIfCondition":[],"valuesForElseCondition":null}},{"class":"TargetAttributeMappingAction","targetAttrName":"nickName","isIdLinkage":false,"isSingleValue":false,"isAdvanced":false,"copyMode":0,"values":{"class":"ConditionalValueDefinition","operationType":2,"ifCondition":null,"valuesForIfCondition":[],"valuesForElseCondition":null}},{"class":"TargetAttributeMappingAction","targetAttrName":"organization","isIdLinkage":false,"isSingleValue":false,"isAdvanced":false,"copyMode":0,"values":{"class":"ConditionalValueDefinition","operationType":2,"ifCondition":null,"valuesForIfCondition":[],"valuesForElseCondition":null}},{"class":"TargetAttributeMappingAction","targetAttrName":"password","isIdLinkage":false,"isSingleValue":false,"isAdvanced":false,"copyMode":0,"values":{"class":"ConditionalValueDefinition","operationType":2,"ifCondition":null,"valuesForIfCondition":[],"valuesForElseCondition":null}},{"class":"TargetAttributeMappingAction","targetAttrName":"phoneNumbers-fax","isIdLinkage":false,"isSingleValue":false,"isAdvanced":false,"copyMode":0,"values":{"class":"ConditionalValueDefinition","operationType":2,"ifCondition":null,"valuesForIfCondition":[],"valuesForElseCondition":null}},{"class":"TargetAttributeMappingAction","targetAttrName":"phoneNumbers-home","isIdLinkage":false,"isSingleValue":false,"isAdvanced":false,"copyMode":0,"values":{"class":"ConditionalValueDefinition","operationType":2,"ifCondition":null,"valuesForIfCondition":[],"valuesForElseCondition":null}},{"class":"TargetAttributeMappingAction","targetAttrName":"phoneNumbers-mobile","isIdLinkage":false,"isSingleValue":false,"isAdvanced":false,"copyMode":0,"values":{"class":"ConditionalValueDefinition","operationType":2,"ifCondition":null,"valuesForIfCondition":[],"valuesForElseCondition":null}},{"class":"TargetAttributeMappingAction","targetAttrName":"phoneNumbers-other","isIdLinkage":false,"isSingleValue":false,"isAdvanced":false,"copyMode":0,"values":{"class":"ConditionalValueDefinition","operationType":2,"ifCondition":null,"valuesForIfCondition":[],"valuesForElseCondition":null}},{"class":"TargetAttributeMappingAction","targetAttrName":"phoneNumbers-pager","isIdLinkage":false,"isSingleValue":false,"isAdvanced":false,"copyMode":0,"values":{"class":"ConditionalValueDefinition","operationType":2,"ifCondition":null,"valuesForIfCondition":[],"valuesForElseCondition":null}},{"class":"TargetAttributeMappingAction","targetAttrName":"phoneNumbers-work","isIdLinkage":false,"isSingleValue":false,"isAdvanced":false,"copyMode":0,"values":{"class":"ConditionalValueDefinition","operationType":2,"ifCondition":null,"valuesForIfCondition":[],"valuesForElseCondition":null}},{"class":"TargetAttributeMappingAction","targetAttrName":"photos","isIdLinkage":false,"isSingleValue":false,"isAdvanced":false,"copyMode":0,"values":{"class":"ConditionalValueDefinition","operationType":2,"ifCondition":null,"valuesForIfCondition":[],"valuesForElseCondition":null}},{"class":"TargetAttributeMappingAction","targetAttrName":"preferredLanguage","isIdLinkage":false,"isSingleValue":false,"isAdvanced":false,"copyMode":0,"values":{"class":"ConditionalValueDefinition","operationType":2,"ifCondition":null,"valuesForIfCondition":[],"valuesForElseCondition":null}},{"class":"TargetAttributeMappingAction","targetAttrName":"profileUrl","isIdLinkage":false,"isSingleValue":false,"isAdvanced":false,"copyMode":0,"values":{"class":"ConditionalValueDefinition","operationType":2,"ifCondition":null,"valuesForIfCondition":[],"valuesForElseCondition":null}},{"class":"TargetAttributeMappingAction","targetAttrName":"roles","isIdLinkage":false,"isSingleValue":false,"isAdvanced":false,"copyMode":0,"values":{"class":"ConditionalValueDefinition","operationType":2,"ifCondition":null,"valuesForIfCondition":[],"valuesForElseCondition":null}},{"class":"TargetAttributeMappingAction","targetAttrName":"timezone","isIdLinkage":false,"isSingleValue":false,"isAdvanced":false,"copyMode":0,"values":{"class":"ConditionalValueDefinition","operationType":2,"ifCondition":null,"valuesForIfCondition":[],"valuesForElseCondition":null}},{"class":"TargetAttributeMappingAction","targetAttrName":"title","isIdLinkage":false,"isSingleValue":false,"isAdvanced":false,"copyMode":0,"values":{"class":"ConditionalValueDefinition","operationType":2,"ifCondition":null,"valuesForIfCondition":[{"class":"ValueDefinition","valueType":2,"value":"title","operationType":null}],"valuesForElseCondition":null}},{"class":"TargetAttributeMappingAction","targetAttrName":"userType","isIdLinkage":false,"isSingleValue":false,"isAdvanced":false,"copyMode":0,"values":{"class":"ConditionalValueDefinition","operationType":2,"ifCondition":null,"valuesForIfCondition":[],"valuesForElseCondition":null}},{"class":"TargetAttributeMappingAction","targetAttrName":"x509Certificates","isIdLinkage":false,"isSingleValue":false,"isAdvanced":false,"copyMode":0,"values":{"class":"ConditionalValueDefinition","operationType":2,"ifCondition":null,"valuesForIfCondition":[],"valuesForElseCondition":null}}],"complexMappingsList":[]}