{"sourceDn":"","targetDn":"","mappingsList":[{"class":"TargetAttributeMappingAction","targetAttrName":"Alias","isIdLinkage":false,"isSingleValue":false,"isAdvanced":false,"copyMode":0,"values":{"class":"ConditionalValueDefinition","operationType":2,"ifCondition":null,"valuesForIfCondition":[],"valuesForElseCondition":null}},{"class":"TargetAttributeMappingAction","targetAttrName":"CommunityNickname","isIdLinkage":false,"isSingleValue":false,"isAdvanced":false,"copyMode":0,"values":{"class":"ConditionalValueDefinition","operationType":2,"ifCondition":null,"valuesForIfCondition":[],"valuesForElseCondition":null}},{"class":"TargetAttributeMappingAction","targetAttrName":"CreatedById","isIdLinkage":false,"isSingleValue":false,"isAdvanced":false,"copyMode":0,"values":{"class":"ConditionalValueDefinition","operationType":2,"ifCondition":null,"valuesForIfCondition":[],"valuesForElseCondition":null}},{"class":"TargetAttributeMappingAction","targetAttrName":"CreatedDate","isIdLinkage":false,"isSingleValue":false,"isAdvanced":false,"copyMode":0,"values":{"class":"ConditionalValueDefinition","operationType":2,"ifCondition":null,"valuesForIfCondition":[],"valuesForElseCondition":null}},{"class":"TargetAttributeMappingAction","targetAttrName":"DefaultGroupNotificationFrequency","isIdLinkage":false,"isSingleValue":false,"isAdvanced":false,"copyMode":0,"values":{"class":"ConditionalValueDefinition","operationType":2,"ifCondition":null,"valuesForIfCondition":[],"valuesForElseCondition":null}},{"class":"TargetAttributeMappingAction","targetAttrName":"DigestFrequency","isIdLinkage":false,"isSingleValue":false,"isAdvanced":false,"copyMode":0,"values":{"class":"ConditionalValueDefinition","operationType":2,"ifCondition":null,"valuesForIfCondition":[],"valuesForElseCondition":null}},{"class":"TargetAttributeMappingAction","targetAttrName":"Email","isIdLinkage":false,"isSingleValue":false,"isAdvanced":false,"copyMode":0,"values":{"class":"ConditionalValueDefinition","operationType":2,"ifCondition":null,"valuesForIfCondition":[],"valuesForElseCondition":null}},{"class":"TargetAttributeMappingAction","targetAttrName":"EmailEncodingKey","isIdLinkage":false,"isSingleValue":false,"isAdvanced":false,"copyMode":0,"values":{"class":"ConditionalValueDefinition","operationType":2,"ifCondition":null,"valuesForIfCondition":[],"valuesForElseCondition":null}},{"class":"TargetAttributeMappingAction","targetAttrName":"EmailPreferencesAutoBcc","isIdLinkage":false,"isSingleValue":false,"isAdvanced":false,"copyMode":0,"values":{"class":"ConditionalValueDefinition","operationType":2,"ifCondition":null,"valuesForIfCondition":[],"valuesForElseCondition":null}},{"class":"TargetAttributeMappingAction","targetAttrName":"EmailPreferencesAutoBccStayInTouch","isIdLinkage":false,"isSingleValue":false,"isAdvanced":false,"copyMode":0,"values":{"class":"ConditionalValueDefinition","operationType":2,"ifCondition":null,"valuesForIfCondition":[],"valuesForElseCondition":null}},{"class":"TargetAttributeMappingAction","targetAttrName":"EmailPreferencesStayInTouchReminder","isIdLinkage":false,"isSingleValue":false,"isAdvanced":false,"copyMode":0,"values":{"class":"ConditionalValueDefinition","operationType":2,"ifCondition":null,"valuesForIfCondition":[],"valuesForElseCondition":null}},{"class":"TargetAttributeMappingAction","targetAttrName":"ForecastEnabled","isIdLinkage":false,"isSingleValue":false,"isAdvanced":false,"copyMode":0,"values":{"class":"ConditionalValueDefinition","operationType":2,"ifCondition":null,"valuesForIfCondition":[],"valuesForElseCondition":null}},{"class":"TargetAttributeMappingAction","targetAttrName":"Id","isIdLinkage":false,"isSingleValue":false,"isAdvanced":false,"copyMode":0,"values":{"class":"ConditionalValueDefinition","operationType":2,"ifCondition":null,"valuesForIfCondition":[],"valuesForElseCondition":null}},{"class":"TargetAttributeMappingAction","targetAttrName":"IsActive","isIdLinkage":false,"isSingleValue":false,"isAdvanced":false,"copyMode":0,"values":{"class":"ConditionalValueDefinition","operationType":2,"ifCondition":null,"valuesForIfCondition":[],"valuesForElseCondition":null}},{"class":"TargetAttributeMappingAction","targetAttrName":"IsExtIndicatorVisible","isIdLinkage":false,"isSingleValue":false,"isAdvanced":false,"copyMode":0,"values":{"class":"ConditionalValueDefinition","operationType":2,"ifCondition":null,"valuesForIfCondition":[],"valuesForElseCondition":null}},{"class":"TargetAttributeMappingAction","targetAttrName":"IsProfilePhotoActive","isIdLinkage":false,"isSingleValue":false,"isAdvanced":false,"copyMode":0,"values":{"class":"ConditionalValueDefinition","operationType":2,"ifCondition":null,"valuesForIfCondition":[],"valuesForElseCondition":null}},{"class":"TargetAttributeMappingAction","targetAttrName":"LanguageLocaleKey","isIdLinkage":false,"isSingleValue":false,"isAdvanced":false,"copyMode":0,"values":{"class":"ConditionalValueDefinition","operationType":2,"ifCondition":null,"valuesForIfCondition":[],"valuesForElseCondition":null}},{"class":"TargetAttributeMappingAction","targetAttrName":"LastModifiedById","isIdLinkage":false,"isSingleValue":false,"isAdvanced":false,"copyMode":0,"values":{"class":"ConditionalValueDefinition","operationType":2,"ifCondition":null,"valuesForIfCondition":[],"valuesForElseCondition":null}},{"class":"TargetAttributeMappingAction","targetAttrName":"LastModifiedDate","isIdLinkage":false,"isSingleValue":false,"isAdvanced":false,"copyMode":0,"values":{"class":"ConditionalValueDefinition","operationType":2,"ifCondition":null,"valuesForIfCondition":[],"valuesForElseCondition":null}},{"class":"TargetAttributeMappingAction","targetAttrName":"LastName","isIdLinkage":false,"isSingleValue":false,"isAdvanced":false,"copyMode":0,"values":{"class":"ConditionalValueDefinition","operationType":2,"ifCondition":null,"valuesForIfCondition":[],"valuesForElseCondition":null}},{"class":"TargetAttributeMappingAction","targetAttrName":"LocaleSidKey","isIdLinkage":false,"isSingleValue":false,"isAdvanced":false,"copyMode":0,"values":{"class":"ConditionalValueDefinition","operationType":2,"ifCondition":null,"valuesForIfCondition":[],"valuesForElseCondition":null}},{"class":"TargetAttributeMappingAction","targetAttrName":"Name","isIdLinkage":false,"isSingleValue":false,"isAdvanced":false,"copyMode":0,"values":{"class":"ConditionalValueDefinition","operationType":2,"ifCondition":null,"valuesForIfCondition":[],"valuesForElseCondition":null}},{"class":"TargetAttributeMappingAction","targetAttrName":"ProfileId","isIdLinkage":false,"isSingleValue":false,"isAdvanced":false,"copyMode":0,"values":{"class":"ConditionalValueDefinition","operationType":2,"ifCondition":null,"valuesForIfCondition":[],"valuesForElseCondition":null}},{"class":"TargetAttributeMappingAction","targetAttrName":"ReceivesAdminInfoEmails","isIdLinkage":false,"isSingleValue":false,"isAdvanced":false,"copyMode":0,"values":{"class":"ConditionalValueDefinition","operationType":2,"ifCondition":null,"valuesForIfCondition":[],"valuesForElseCondition":null}},{"class":"TargetAttributeMappingAction","targetAttrName":"ReceivesInfoEmails","isIdLinkage":false,"isSingleValue":false,"isAdvanced":false,"copyMode":0,"values":{"class":"ConditionalValueDefinition","operationType":2,"ifCondition":null,"valuesForIfCondition":[],"valuesForElseCondition":null}},{"class":"TargetAttributeMappingAction","targetAttrName":"SystemModstamp","isIdLinkage":false,"isSingleValue":false,"isAdvanced":false,"copyMode":0,"values":{"class":"ConditionalValueDefinition","operationType":2,"ifCondition":null,"valuesForIfCondition":[],"valuesForElseCondition":null}},{"class":"TargetAttributeMappingAction","targetAttrName":"TimeZoneSidKey","isIdLinkage":false,"isSingleValue":false,"isAdvanced":false,"copyMode":0,"values":{"class":"ConditionalValueDefinition","operationType":2,"ifCondition":null,"valuesForIfCondition":[],"valuesForElseCondition":null}},{"class":"TargetAttributeMappingAction","targetAttrName":"Username","isIdLinkage":false,"isSingleValue":false,"isAdvanced":false,"copyMode":0,"values":{"class":"ConditionalValueDefinition","operationType":2,"ifCondition":null,"valuesForIfCondition":[],"valuesForElseCondition":null}},{"class":"TargetAttributeMappingAction","targetAttrName":"UserPermissionsCallCenterAutoLogin","isIdLinkage":false,"isSingleValue":false,"isAdvanced":false,"copyMode":0,"values":{"class":"ConditionalValueDefinition","operationType":2,"ifCondition":null,"valuesForIfCondition":[],"valuesForElseCondition":null}},{"class":"TargetAttributeMappingAction","targetAttrName":"UserPermissionsInteractionUser","isIdLinkage":false,"isSingleValue":false,"isAdvanced":false,"copyMode":0,"values":{"class":"ConditionalValueDefinition","operationType":2,"ifCondition":null,"valuesForIfCondition":[],"valuesForElseCondition":null}},{"class":"TargetAttributeMappingAction","targetAttrName":"UserPermissionsJigsawProspectingUser","isIdLinkage":false,"isSingleValue":false,"isAdvanced":false,"copyMode":0,"values":{"class":"ConditionalValueDefinition","operationType":2,"ifCondition":null,"valuesForIfCondition":[],"valuesForElseCondition":null}},{"class":"TargetAttributeMappingAction","targetAttrName":"UserPermissionsKnowledgeUser","isIdLinkage":false,"isSingleValue":false,"isAdvanced":false,"copyMode":0,"values":{"class":"ConditionalValueDefinition","operationType":2,"ifCondition":null,"valuesForIfCondition":[],"valuesForElseCondition":null}},{"class":"TargetAttributeMappingAction","targetAttrName":"UserPermissionsMarketingUser","isIdLinkage":false,"isSingleValue":false,"isAdvanced":false,"copyMode":0,"values":{"class":"ConditionalValueDefinition","operationType":2,"ifCondition":null,"valuesForIfCondition":[],"valuesForElseCondition":null}},{"class":"TargetAttributeMappingAction","targetAttrName":"UserPermissionsOfflineUser","isIdLinkage":false,"isSingleValue":false,"isAdvanced":false,"copyMode":0,"values":{"class":"ConditionalValueDefinition","operationType":2,"ifCondition":null,"valuesForIfCondition":[],"valuesForElseCondition":null}},{"class":"TargetAttributeMappingAction","targetAttrName":"UserPermissionsSFContentUser","isIdLinkage":false,"isSingleValue":false,"isAdvanced":false,"copyMode":0,"values":{"class":"ConditionalValueDefinition","operationType":2,"ifCondition":null,"valuesForIfCondition":[],"valuesForElseCondition":null}},{"class":"TargetAttributeMappingAction","targetAttrName":"UserPermissionsSiteforceContributorUser","isIdLinkage":false,"isSingleValue":false,"isAdvanced":false,"copyMode":0,"values":{"class":"ConditionalValueDefinition","operationType":2,"ifCondition":null,"valuesForIfCondition":[],"valuesForElseCondition":null}},{"class":"TargetAttributeMappingAction","targetAttrName":"UserPermissionsSiteforcePublisherUser","isIdLinkage":false,"isSingleValue":false,"isAdvanced":false,"copyMode":0,"values":{"class":"ConditionalValueDefinition","operationType":2,"ifCondition":null,"valuesForIfCondition":[],"valuesForElseCondition":null}},{"class":"TargetAttributeMappingAction","targetAttrName":"UserPermissionsSupportUser","isIdLinkage":false,"isSingleValue":false,"isAdvanced":false,"copyMode":0,"values":{"class":"ConditionalValueDefinition","operationType":2,"ifCondition":null,"valuesForIfCondition":[],"valuesForElseCondition":null}},{"class":"TargetAttributeMappingAction","targetAttrName":"UserPermissionsWorkDotComUserFeature","isIdLinkage":false,"isSingleValue":false,"isAdvanced":false,"copyMode":0,"values":{"class":"ConditionalValueDefinition","operationType":2,"ifCondition":null,"valuesForIfCondition":[],"valuesForElseCondition":null}},{"class":"TargetAttributeMappingAction","targetAttrName":"UserPreferencesActivityRemindersPopup","isIdLinkage":false,"isSingleValue":false,"isAdvanced":false,"copyMode":0,"values":{"class":"ConditionalValueDefinition","operationType":2,"ifCondition":null,"valuesForIfCondition":[],"valuesForElseCondition":null}},{"class":"TargetAttributeMappingAction","targetAttrName":"UserPreferencesApexPagesDeveloperMode","isIdLinkage":false,"isSingleValue":false,"isAdvanced":false,"copyMode":0,"values":{"class":"ConditionalValueDefinition","operationType":2,"ifCondition":null,"valuesForIfCondition":[],"valuesForElseCondition":null}},{"class":"TargetAttributeMappingAction","targetAttrName":"UserPreferencesCacheDiagnostics","isIdLinkage":false,"isSingleValue":false,"isAdvanced":false,"copyMode":0,"values":{"class":"ConditionalValueDefinition","operationType":2,"ifCondition":null,"valuesForIfCondition":[],"valuesForElseCondition":null}},{"class":"TargetAttributeMappingAction","targetAttrName":"UserPreferencesContentEmailAsAndWhen","isIdLinkage":false,"isSingleValue":false,"isAdvanced":false,"copyMode":0,"values":{"class":"ConditionalValueDefinition","operationType":2,"ifCondition":null,"valuesForIfCondition":[],"valuesForElseCondition":null}},{"class":"TargetAttributeMappingAction","targetAttrName":"UserPreferencesContentNoEmail","isIdLinkage":false,"isSingleValue":false,"isAdvanced":false,"copyMode":0,"values":{"class":"ConditionalValueDefinition","operationType":2,"ifCondition":null,"valuesForIfCondition":[],"valuesForElseCondition":null}},{"class":"TargetAttributeMappingAction","targetAttrName":"UserPreferencesCreateLEXAppsWTShown","isIdLinkage":false,"isSingleValue":false,"isAdvanced":false,"copyMode":0,"values":{"class":"ConditionalValueDefinition","operationType":2,"ifCondition":null,"valuesForIfCondition":[],"valuesForElseCondition":null}},{"class":"TargetAttributeMappingAction","targetAttrName":"UserPreferencesDisableAllFeedsEmail","isIdLinkage":false,"isSingleValue":false,"isAdvanced":false,"copyMode":0,"values":{"class":"ConditionalValueDefinition","operationType":2,"ifCondition":null,"valuesForIfCondition":[],"valuesForElseCondition":null}},{"class":"TargetAttributeMappingAction","targetAttrName":"UserPreferencesDisableBookmarkEmail","isIdLinkage":false,"isSingleValue":false,"isAdvanced":false,"copyMode":0,"values":{"class":"ConditionalValueDefinition","operationType":2,"ifCondition":null,"valuesForIfCondition":[],"valuesForElseCondition":null}},{"class":"TargetAttributeMappingAction","targetAttrName":"UserPreferencesDisableChangeCommentEmail","isIdLinkage":false,"isSingleValue":false,"isAdvanced":false,"copyMode":0,"values":{"class":"ConditionalValueDefinition","operationType":2,"ifCondition":null,"valuesForIfCondition":[],"valuesForElseCondition":null}},{"class":"TargetAttributeMappingAction","targetAttrName":"UserPreferencesDisableEndorsementEmail","isIdLinkage":false,"isSingleValue":false,"isAdvanced":false,"copyMode":0,"values":{"class":"ConditionalValueDefinition","operationType":2,"ifCondition":null,"valuesForIfCondition":[],"valuesForElseCondition":null}},{"class":"TargetAttributeMappingAction","targetAttrName":"UserPreferencesDisableFileShareNotificationsForApi","isIdLinkage":false,"isSingleValue":false,"isAdvanced":false,"copyMode":0,"values":{"class":"ConditionalValueDefinition","operationType":2,"ifCondition":null,"valuesForIfCondition":[],"valuesForElseCondition":null}},{"class":"TargetAttributeMappingAction","targetAttrName":"UserPreferencesDisableFollowersEmail","isIdLinkage":false,"isSingleValue":false,"isAdvanced":false,"copyMode":0,"values":{"class":"ConditionalValueDefinition","operationType":2,"ifCondition":null,"valuesForIfCondition":[],"valuesForElseCondition":null}},{"class":"TargetAttributeMappingAction","targetAttrName":"UserPreferencesDisableLaterCommentEmail","isIdLinkage":false,"isSingleValue":false,"isAdvanced":false,"copyMode":0,"values":{"class":"ConditionalValueDefinition","operationType":2,"ifCondition":null,"valuesForIfCondition":[],"valuesForElseCondition":null}},{"class":"TargetAttributeMappingAction","targetAttrName":"UserPreferencesDisableLikeEmail","isIdLinkage":false,"isSingleValue":false,"isAdvanced":false,"copyMode":0,"values":{"class":"ConditionalValueDefinition","operationType":2,"ifCondition":null,"valuesForIfCondition":[],"valuesForElseCondition":null}},{"class":"TargetAttributeMappingAction","targetAttrName":"UserPreferencesDisableMentionsPostEmail","isIdLinkage":false,"isSingleValue":false,"isAdvanced":false,"copyMode":0,"values":{"class":"ConditionalValueDefinition","operationType":2,"ifCondition":null,"valuesForIfCondition":[],"valuesForElseCondition":null}},{"class":"TargetAttributeMappingAction","targetAttrName":"UserPreferencesDisableMessageEmail","isIdLinkage":false,"isSingleValue":false,"isAdvanced":false,"copyMode":0,"values":{"class":"ConditionalValueDefinition","operationType":2,"ifCondition":null,"valuesForIfCondition":[],"valuesForElseCondition":null}},{"class":"TargetAttributeMappingAction","targetAttrName":"UserPreferencesDisableProfilePostEmail","isIdLinkage":false,"isSingleValue":false,"isAdvanced":false,"copyMode":0,"values":{"class":"ConditionalValueDefinition","operationType":2,"ifCondition":null,"valuesForIfCondition":[],"valuesForElseCondition":null}},{"class":"TargetAttributeMappingAction","targetAttrName":"UserPreferencesDisableSharePostEmail","isIdLinkage":false,"isSingleValue":false,"isAdvanced":false,"copyMode":0,"values":{"class":"ConditionalValueDefinition","operationType":2,"ifCondition":null,"valuesForIfCondition":[],"valuesForElseCondition":null}},{"class":"TargetAttributeMappingAction","targetAttrName":"UserPreferencesDisCommentAfterLikeEmail","isIdLinkage":false,"isSingleValue":false,"isAdvanced":false,"copyMode":0,"values":{"class":"ConditionalValueDefinition","operationType":2,"ifCondition":null,"valuesForIfCondition":[],"valuesForElseCondition":null}},{"class":"TargetAttributeMappingAction","targetAttrName":"UserPreferencesDisMentionsCommentEmail","isIdLinkage":false,"isSingleValue":false,"isAdvanced":false,"copyMode":0,"values":{"class":"ConditionalValueDefinition","operationType":2,"ifCondition":null,"valuesForIfCondition":[],"valuesForElseCondition":null}},{"class":"TargetAttributeMappingAction","targetAttrName":"UserPreferencesDisProfPostCommentEmail","isIdLinkage":false,"isSingleValue":false,"isAdvanced":false,"copyMode":0,"values":{"class":"ConditionalValueDefinition","operationType":2,"ifCondition":null,"valuesForIfCondition":[],"valuesForElseCondition":null}},{"class":"TargetAttributeMappingAction","targetAttrName":"UserPreferencesEnableAutoSubForFeeds","isIdLinkage":false,"isSingleValue":false,"isAdvanced":false,"copyMode":0,"values":{"class":"ConditionalValueDefinition","operationType":2,"ifCondition":null,"valuesForIfCondition":[],"valuesForElseCondition":null}},{"class":"TargetAttributeMappingAction","targetAttrName":"UserPreferencesEventRemindersCheckboxDefault","isIdLinkage":false,"isSingleValue":false,"isAdvanced":false,"copyMode":0,"values":{"class":"ConditionalValueDefinition","operationType":2,"ifCondition":null,"valuesForIfCondition":[],"valuesForElseCondition":null}},{"class":"TargetAttributeMappingAction","targetAttrName":"UserPreferencesExcludeMailAppAttachments","isIdLinkage":false,"isSingleValue":false,"isAdvanced":false,"copyMode":0,"values":{"class":"ConditionalValueDefinition","operationType":2,"ifCondition":null,"valuesForIfCondition":[],"valuesForElseCondition":null}},{"class":"TargetAttributeMappingAction","targetAttrName":"UserPreferencesFavoritesShowTopFavorites","isIdLinkage":false,"isSingleValue":false,"isAdvanced":false,"copyMode":0,"values":{"class":"ConditionalValueDefinition","operationType":2,"ifCondition":null,"valuesForIfCondition":[],"valuesForElseCondition":null}},{"class":"TargetAttributeMappingAction","targetAttrName":"UserPreferencesFavoritesWTShown","isIdLinkage":false,"isSingleValue":false,"isAdvanced":false,"copyMode":0,"values":{"class":"ConditionalValueDefinition","operationType":2,"ifCondition":null,"valuesForIfCondition":[],"valuesForElseCondition":null}},{"class":"TargetAttributeMappingAction","targetAttrName":"UserPreferencesGlobalNavBarWTShown","isIdLinkage":false,"isSingleValue":false,"isAdvanced":false,"copyMode":0,"values":{"class":"ConditionalValueDefinition","operationType":2,"ifCondition":null,"valuesForIfCondition":[],"valuesForElseCondition":null}},{"class":"TargetAttributeMappingAction","targetAttrName":"UserPreferencesGlobalNavGridMenuWTShown","isIdLinkage":false,"isSingleValue":false,"isAdvanced":false,"copyMode":0,"values":{"class":"ConditionalValueDefinition","operationType":2,"ifCondition":null,"valuesForIfCondition":[],"valuesForElseCondition":null}},{"class":"TargetAttributeMappingAction","targetAttrName":"UserPreferencesHasCelebrationBadge","isIdLinkage":false,"isSingleValue":false,"isAdvanced":false,"copyMode":0,"values":{"class":"ConditionalValueDefinition","operationType":2,"ifCondition":null,"valuesForIfCondition":[],"valuesForElseCondition":null}},{"class":"TargetAttributeMappingAction","targetAttrName":"UserPreferencesHasSentWarningEmail","isIdLinkage":false,"isSingleValue":false,"isAdvanced":false,"copyMode":0,"values":{"class":"ConditionalValueDefinition","operationType":2,"ifCondition":null,"valuesForIfCondition":[],"valuesForElseCondition":null}},{"class":"TargetAttributeMappingAction","targetAttrName":"UserPreferencesHasSentWarningEmail238","isIdLinkage":false,"isSingleValue":false,"isAdvanced":false,"copyMode":0,"values":{"class":"ConditionalValueDefinition","operationType":2,"ifCondition":null,"valuesForIfCondition":[],"valuesForElseCondition":null}},{"class":"TargetAttributeMappingAction","targetAttrName":"UserPreferencesHasSentWarningEmail240","isIdLinkage":false,"isSingleValue":false,"isAdvanced":false,"copyMode":0,"values":{"class":"ConditionalValueDefinition","operationType":2,"ifCondition":null,"valuesForIfCondition":[],"valuesForElseCondition":null}},{"class":"TargetAttributeMappingAction","targetAttrName":"UserPreferencesHideBiggerPhotoCallout","isIdLinkage":false,"isSingleValue":false,"isAdvanced":false,"copyMode":0,"values":{"class":"ConditionalValueDefinition","operationType":2,"ifCondition":null,"valuesForIfCondition":[],"valuesForElseCondition":null}},{"class":"TargetAttributeMappingAction","targetAttrName":"UserPreferencesHideChatterOnboardingSplash","isIdLinkage":false,"isSingleValue":false,"isAdvanced":false,"copyMode":0,"values":{"class":"ConditionalValueDefinition","operationType":2,"ifCondition":null,"valuesForIfCondition":[],"valuesForElseCondition":null}},{"class":"TargetAttributeMappingAction","targetAttrName":"UserPreferencesHideCSNDesktopTask","isIdLinkage":false,"isSingleValue":false,"isAdvanced":false,"copyMode":0,"values":{"class":"ConditionalValueDefinition","operationType":2,"ifCondition":null,"valuesForIfCondition":[],"valuesForElseCondition":null}},{"class":"TargetAttributeMappingAction","targetAttrName":"UserPreferencesHideCSNGetChatterMobileTask","isIdLinkage":false,"isSingleValue":false,"isAdvanced":false,"copyMode":0,"values":{"class":"ConditionalValueDefinition","operationType":2,"ifCondition":null,"valuesForIfCondition":[],"valuesForElseCondition":null}},{"class":"TargetAttributeMappingAction","targetAttrName":"UserPreferencesHideEndUserOnboardingAssistantModal","isIdLinkage":false,"isSingleValue":false,"isAdvanced":false,"copyMode":0,"values":{"class":"ConditionalValueDefinition","operationType":2,"ifCondition":null,"valuesForIfCondition":[],"valuesForElseCondition":null}},{"class":"TargetAttributeMappingAction","targetAttrName":"UserPreferencesHideLegacyRetirementModal","isIdLinkage":false,"isSingleValue":false,"isAdvanced":false,"copyMode":0,"values":{"class":"ConditionalValueDefinition","operationType":2,"ifCondition":null,"valuesForIfCondition":[],"valuesForElseCondition":null}},{"class":"TargetAttributeMappingAction","targetAttrName":"UserPreferencesHideLightningMigrationModal","isIdLinkage":false,"isSingleValue":false,"isAdvanced":false,"copyMode":0,"values":{"class":"ConditionalValueDefinition","operationType":2,"ifCondition":null,"valuesForIfCondition":[],"valuesForElseCondition":null}},{"class":"TargetAttributeMappingAction","targetAttrName":"UserPreferencesHideS1BrowserUI","isIdLinkage":false,"isSingleValue":false,"isAdvanced":false,"copyMode":0,"values":{"class":"ConditionalValueDefinition","operationType":2,"ifCondition":null,"valuesForIfCondition":[],"valuesForElseCondition":null}},{"class":"TargetAttributeMappingAction","targetAttrName":"UserPreferencesHideSecondChatterOnboardingSplash","isIdLinkage":false,"isSingleValue":false,"isAdvanced":false,"copyMode":0,"values":{"class":"ConditionalValueDefinition","operationType":2,"ifCondition":null,"valuesForIfCondition":[],"valuesForElseCondition":null}},{"class":"TargetAttributeMappingAction","targetAttrName":"UserPreferencesHideSfxWelcomeMat","isIdLinkage":false,"isSingleValue":false,"isAdvanced":false,"copyMode":0,"values":{"class":"ConditionalValueDefinition","operationType":2,"ifCondition":null,"valuesForIfCondition":[],"valuesForElseCondition":null}},{"class":"TargetAttributeMappingAction","targetAttrName":"UserPreferencesJigsawListUser","isIdLinkage":false,"isSingleValue":false,"isAdvanced":false,"copyMode":0,"values":{"class":"ConditionalValueDefinition","operationType":2,"ifCondition":null,"valuesForIfCondition":[],"valuesForElseCondition":null}},{"class":"TargetAttributeMappingAction","targetAttrName":"UserPreferencesLightningExperiencePreferred","isIdLinkage":false,"isSingleValue":false,"isAdvanced":false,"copyMode":0,"values":{"class":"ConditionalValueDefinition","operationType":2,"ifCondition":null,"valuesForIfCondition":[],"valuesForElseCondition":null}},{"class":"TargetAttributeMappingAction","targetAttrName":"UserPreferencesNativeEmailClient","isIdLinkage":false,"isSingleValue":false,"isAdvanced":false,"copyMode":0,"values":{"class":"ConditionalValueDefinition","operationType":2,"ifCondition":null,"valuesForIfCondition":[],"valuesForElseCondition":null}},{"class":"TargetAttributeMappingAction","targetAttrName":"UserPreferencesNewLightningReportRunPageEnabled","isIdLinkage":false,"isSingleValue":false,"isAdvanced":false,"copyMode":0,"values":{"class":"ConditionalValueDefinition","operationType":2,"ifCondition":null,"valuesForIfCondition":[],"valuesForElseCondition":null}},{"class":"TargetAttributeMappingAction","targetAttrName":"UserPreferencesPathAssistantCollapsed","isIdLinkage":false,"isSingleValue":false,"isAdvanced":false,"copyMode":0,"values":{"class":"ConditionalValueDefinition","operationType":2,"ifCondition":null,"valuesForIfCondition":[],"valuesForElseCondition":null}},{"class":"TargetAttributeMappingAction","targetAttrName":"UserPreferencesPreviewCustomTheme","isIdLinkage":false,"isSingleValue":false,"isAdvanced":false,"copyMode":0,"values":{"class":"ConditionalValueDefinition","operationType":2,"ifCondition":null,"valuesForIfCondition":[],"valuesForElseCondition":null}},{"class":"TargetAttributeMappingAction","targetAttrName":"UserPreferencesPreviewLightning","isIdLinkage":false,"isSingleValue":false,"isAdvanced":false,"copyMode":0,"values":{"class":"ConditionalValueDefinition","operationType":2,"ifCondition":null,"valuesForIfCondition":[],"valuesForElseCondition":null}},{"class":"TargetAttributeMappingAction","targetAttrName":"UserPreferencesReceiveNoNotificationsAsApprover","isIdLinkage":false,"isSingleValue":false,"isAdvanced":false,"copyMode":0,"values":{"class":"ConditionalValueDefinition","operationType":2,"ifCondition":null,"valuesForIfCondition":[],"valuesForElseCondition":null}},{"class":"TargetAttributeMappingAction","targetAttrName":"UserPreferencesReceiveNotificationsAsDelegatedApprover","isIdLinkage":false,"isSingleValue":false,"isAdvanced":false,"copyMode":0,"values":{"class":"ConditionalValueDefinition","operationType":2,"ifCondition":null,"valuesForIfCondition":[],"valuesForElseCondition":null}},{"class":"TargetAttributeMappingAction","targetAttrName":"UserPreferencesRecordHomeReservedWTShown","isIdLinkage":false,"isSingleValue":false,"isAdvanced":false,"copyMode":0,"values":{"class":"ConditionalValueDefinition","operationType":2,"ifCondition":null,"valuesForIfCondition":[],"valuesForElseCondition":null}},{"class":"TargetAttributeMappingAction","targetAttrName":"UserPreferencesRecordHomeSectionCollapseWTShown","isIdLinkage":false,"isSingleValue":false,"isAdvanced":false,"copyMode":0,"values":{"class":"ConditionalValueDefinition","operationType":2,"ifCondition":null,"valuesForIfCondition":[],"valuesForElseCondition":null}},{"class":"TargetAttributeMappingAction","targetAttrName":"UserPreferencesReminderSoundOff","isIdLinkage":false,"isSingleValue":false,"isAdvanced":false,"copyMode":0,"values":{"class":"ConditionalValueDefinition","operationType":2,"ifCondition":null,"valuesForIfCondition":[],"valuesForElseCondition":null}},{"class":"TargetAttributeMappingAction","targetAttrName":"UserPreferencesReverseOpenActivitiesView","isIdLinkage":false,"isSingleValue":false,"isAdvanced":false,"copyMode":0,"values":{"class":"ConditionalValueDefinition","operationType":2,"ifCondition":null,"valuesForIfCondition":[],"valuesForElseCondition":null}},{"class":"TargetAttributeMappingAction","targetAttrName":"UserPreferencesShowCityToExternalUsers","isIdLinkage":false,"isSingleValue":false,"isAdvanced":false,"copyMode":0,"values":{"class":"ConditionalValueDefinition","operationType":2,"ifCondition":null,"valuesForIfCondition":[],"valuesForElseCondition":null}},{"class":"TargetAttributeMappingAction","targetAttrName":"UserPreferencesShowCityToGuestUsers","isIdLinkage":false,"isSingleValue":false,"isAdvanced":false,"copyMode":0,"values":{"class":"ConditionalValueDefinition","operationType":2,"ifCondition":null,"valuesForIfCondition":[],"valuesForElseCondition":null}},{"class":"TargetAttributeMappingAction","targetAttrName":"UserPreferencesShowCountryToExternalUsers","isIdLinkage":false,"isSingleValue":false,"isAdvanced":false,"copyMode":0,"values":{"class":"ConditionalValueDefinition","operationType":2,"ifCondition":null,"valuesForIfCondition":[],"valuesForElseCondition":null}},{"class":"TargetAttributeMappingAction","targetAttrName":"UserPreferencesShowCountryToGuestUsers","isIdLinkage":false,"isSingleValue":false,"isAdvanced":false,"copyMode":0,"values":{"class":"ConditionalValueDefinition","operationType":2,"ifCondition":null,"valuesForIfCondition":[],"valuesForElseCondition":null}},{"class":"TargetAttributeMappingAction","targetAttrName":"UserPreferencesShowEmailToExternalUsers","isIdLinkage":false,"isSingleValue":false,"isAdvanced":false,"copyMode":0,"values":{"class":"ConditionalValueDefinition","operationType":2,"ifCondition":null,"valuesForIfCondition":[],"valuesForElseCondition":null}},{"class":"TargetAttributeMappingAction","targetAttrName":"UserPreferencesShowEmailToGuestUsers","isIdLinkage":false,"isSingleValue":false,"isAdvanced":false,"copyMode":0,"values":{"class":"ConditionalValueDefinition","operationType":2,"ifCondition":null,"valuesForIfCondition":[],"valuesForElseCondition":null}},{"class":"TargetAttributeMappingAction","targetAttrName":"UserPreferencesShowFaxToExternalUsers","isIdLinkage":false,"isSingleValue":false,"isAdvanced":false,"copyMode":0,"values":{"class":"ConditionalValueDefinition","operationType":2,"ifCondition":null,"valuesForIfCondition":[],"valuesForElseCondition":null}},{"class":"TargetAttributeMappingAction","targetAttrName":"UserPreferencesShowFaxToGuestUsers","isIdLinkage":false,"isSingleValue":false,"isAdvanced":false,"copyMode":0,"values":{"class":"ConditionalValueDefinition","operationType":2,"ifCondition":null,"valuesForIfCondition":[],"valuesForElseCondition":null}},{"class":"TargetAttributeMappingAction","targetAttrName":"UserPreferencesShowForecastingChangeSignals","isIdLinkage":false,"isSingleValue":false,"isAdvanced":false,"copyMode":0,"values":{"class":"ConditionalValueDefinition","operationType":2,"ifCondition":null,"valuesForIfCondition":[],"valuesForElseCondition":null}},{"class":"TargetAttributeMappingAction","targetAttrName":"UserPreferencesShowManagerToExternalUsers","isIdLinkage":false,"isSingleValue":false,"isAdvanced":false,"copyMode":0,"values":{"class":"ConditionalValueDefinition","operationType":2,"ifCondition":null,"valuesForIfCondition":[],"valuesForElseCondition":null}},{"class":"TargetAttributeMappingAction","targetAttrName":"UserPreferencesShowManagerToGuestUsers","isIdLinkage":false,"isSingleValue":false,"isAdvanced":false,"copyMode":0,"values":{"class":"ConditionalValueDefinition","operationType":2,"ifCondition":null,"valuesForIfCondition":[],"valuesForElseCondition":null}},{"class":"TargetAttributeMappingAction","targetAttrName":"UserPreferencesShowMobilePhoneToExternalUsers","isIdLinkage":false,"isSingleValue":false,"isAdvanced":false,"copyMode":0,"values":{"class":"ConditionalValueDefinition","operationType":2,"ifCondition":null,"valuesForIfCondition":[],"valuesForElseCondition":null}},{"class":"TargetAttributeMappingAction","targetAttrName":"UserPreferencesShowMobilePhoneToGuestUsers","isIdLinkage":false,"isSingleValue":false,"isAdvanced":false,"copyMode":0,"values":{"class":"ConditionalValueDefinition","operationType":2,"ifCondition":null,"valuesForIfCondition":[],"valuesForElseCondition":null}},{"class":"TargetAttributeMappingAction","targetAttrName":"UserPreferencesShowPostalCodeToExternalUsers","isIdLinkage":false,"isSingleValue":false,"isAdvanced":false,"copyMode":0,"values":{"class":"ConditionalValueDefinition","operationType":2,"ifCondition":null,"valuesForIfCondition":[],"valuesForElseCondition":null}},{"class":"TargetAttributeMappingAction","targetAttrName":"UserPreferencesShowPostalCodeToGuestUsers","isIdLinkage":false,"isSingleValue":false,"isAdvanced":false,"copyMode":0,"values":{"class":"ConditionalValueDefinition","operationType":2,"ifCondition":null,"valuesForIfCondition":[],"valuesForElseCondition":null}},{"class":"TargetAttributeMappingAction","targetAttrName":"UserPreferencesShowProfilePicToGuestUsers","isIdLinkage":false,"isSingleValue":false,"isAdvanced":false,"copyMode":0,"values":{"class":"ConditionalValueDefinition","operationType":2,"ifCondition":null,"valuesForIfCondition":[],"valuesForElseCondition":null}},{"class":"TargetAttributeMappingAction","targetAttrName":"UserPreferencesShowStateToExternalUsers","isIdLinkage":false,"isSingleValue":false,"isAdvanced":false,"copyMode":0,"values":{"class":"ConditionalValueDefinition","operationType":2,"ifCondition":null,"valuesForIfCondition":[],"valuesForElseCondition":null}},{"class":"TargetAttributeMappingAction","targetAttrName":"UserPreferencesShowStateToGuestUsers","isIdLinkage":false,"isSingleValue":false,"isAdvanced":false,"copyMode":0,"values":{"class":"ConditionalValueDefinition","operationType":2,"ifCondition":null,"valuesForIfCondition":[],"valuesForElseCondition":null}},{"class":"TargetAttributeMappingAction","targetAttrName":"UserPreferencesShowStreetAddressToExternalUsers","isIdLinkage":false,"isSingleValue":false,"isAdvanced":false,"copyMode":0,"values":{"class":"ConditionalValueDefinition","operationType":2,"ifCondition":null,"valuesForIfCondition":[],"valuesForElseCondition":null}},{"class":"TargetAttributeMappingAction","targetAttrName":"UserPreferencesShowStreetAddressToGuestUsers","isIdLinkage":false,"isSingleValue":false,"isAdvanced":false,"copyMode":0,"values":{"class":"ConditionalValueDefinition","operationType":2,"ifCondition":null,"valuesForIfCondition":[],"valuesForElseCondition":null}},{"class":"TargetAttributeMappingAction","targetAttrName":"UserPreferencesShowTerritoryTimeZoneShifts","isIdLinkage":false,"isSingleValue":false,"isAdvanced":false,"copyMode":0,"values":{"class":"ConditionalValueDefinition","operationType":2,"ifCondition":null,"valuesForIfCondition":[],"valuesForElseCondition":null}},{"class":"TargetAttributeMappingAction","targetAttrName":"UserPreferencesShowTitleToExternalUsers","isIdLinkage":false,"isSingleValue":false,"isAdvanced":false,"copyMode":0,"values":{"class":"ConditionalValueDefinition","operationType":2,"ifCondition":null,"valuesForIfCondition":[],"valuesForElseCondition":null}},{"class":"TargetAttributeMappingAction","targetAttrName":"UserPreferencesShowTitleToGuestUsers","isIdLinkage":false,"isSingleValue":false,"isAdvanced":false,"copyMode":0,"values":{"class":"ConditionalValueDefinition","operationType":2,"ifCondition":null,"valuesForIfCondition":[],"valuesForElseCondition":null}},{"class":"TargetAttributeMappingAction","targetAttrName":"UserPreferencesShowWorkPhoneToExternalUsers","isIdLinkage":false,"isSingleValue":false,"isAdvanced":false,"copyMode":0,"values":{"class":"ConditionalValueDefinition","operationType":2,"ifCondition":null,"valuesForIfCondition":[],"valuesForElseCondition":null}},{"class":"TargetAttributeMappingAction","targetAttrName":"UserPreferencesShowWorkPhoneToGuestUsers","isIdLinkage":false,"isSingleValue":false,"isAdvanced":false,"copyMode":0,"values":{"class":"ConditionalValueDefinition","operationType":2,"ifCondition":null,"valuesForIfCondition":[],"valuesForElseCondition":null}},{"class":"TargetAttributeMappingAction","targetAttrName":"UserPreferencesSortFeedByComment","isIdLinkage":false,"isSingleValue":false,"isAdvanced":false,"copyMode":0,"values":{"class":"ConditionalValueDefinition","operationType":2,"ifCondition":null,"valuesForIfCondition":[],"valuesForElseCondition":null}},{"class":"TargetAttributeMappingAction","targetAttrName":"UserPreferencesSRHOverrideActivities","isIdLinkage":false,"isSingleValue":false,"isAdvanced":false,"copyMode":0,"values":{"class":"ConditionalValueDefinition","operationType":2,"ifCondition":null,"valuesForIfCondition":[],"valuesForElseCondition":null}},{"class":"TargetAttributeMappingAction","targetAttrName":"UserPreferencesSuppressEventSFXReminders","isIdLinkage":false,"isSingleValue":false,"isAdvanced":false,"copyMode":0,"values":{"class":"ConditionalValueDefinition","operationType":2,"ifCondition":null,"valuesForIfCondition":[],"valuesForElseCondition":null}},{"class":"TargetAttributeMappingAction","targetAttrName":"UserPreferencesSuppressTaskSFXReminders","isIdLinkage":false,"isSingleValue":false,"isAdvanced":false,"copyMode":0,"values":{"class":"ConditionalValueDefinition","operationType":2,"ifCondition":null,"valuesForIfCondition":[],"valuesForElseCondition":null}},{"class":"TargetAttributeMappingAction","targetAttrName":"UserPreferencesTaskRemindersCheckboxDefault","isIdLinkage":false,"isSingleValue":false,"isAdvanced":false,"copyMode":0,"values":{"class":"ConditionalValueDefinition","operationType":2,"ifCondition":null,"valuesForIfCondition":[],"valuesForElseCondition":null}},{"class":"TargetAttributeMappingAction","targetAttrName":"UserPreferencesUserDebugModePref","isIdLinkage":false,"isSingleValue":false,"isAdvanced":false,"copyMode":0,"values":{"class":"ConditionalValueDefinition","operationType":2,"ifCondition":null,"valuesForIfCondition":[],"valuesForElseCondition":null}},{"class":"TargetAttributeMappingAction","targetAttrName":"AboutMe","isIdLinkage":false,"isSingleValue":false,"isAdvanced":false,"copyMode":0,"values":{"class":"ConditionalValueDefinition","operationType":2,"ifCondition":null,"valuesForIfCondition":[],"valuesForElseCondition":null}},{"class":"TargetAttributeMappingAction","targetAttrName":"AccountId","isIdLinkage":false,"isSingleValue":false,"isAdvanced":false,"copyMode":0,"values":{"class":"ConditionalValueDefinition","operationType":2,"ifCondition":null,"valuesForIfCondition":[],"valuesForElseCondition":null}},{"class":"TargetAttributeMappingAction","targetAttrName":"Address","isIdLinkage":false,"isSingleValue":false,"isAdvanced":false,"copyMode":0,"values":{"class":"ConditionalValueDefinition","operationType":2,"ifCondition":null,"valuesForIfCondition":[],"valuesForElseCondition":null}},{"class":"TargetAttributeMappingAction","targetAttrName":"BadgeText","isIdLinkage":false,"isSingleValue":false,"isAdvanced":false,"copyMode":0,"values":{"class":"ConditionalValueDefinition","operationType":2,"ifCondition":null,"valuesForIfCondition":[],"valuesForElseCondition":null}},{"class":"TargetAttributeMappingAction","targetAttrName":"BannerPhotoUrl","isIdLinkage":false,"isSingleValue":false,"isAdvanced":false,"copyMode":0,"values":{"class":"ConditionalValueDefinition","operationType":2,"ifCondition":null,"valuesForIfCondition":[],"valuesForElseCondition":null}},{"class":"TargetAttributeMappingAction","targetAttrName":"CallCenterId","isIdLinkage":false,"isSingleValue":false,"isAdvanced":false,"copyMode":0,"values":{"class":"ConditionalValueDefinition","operationType":2,"ifCondition":null,"valuesForIfCondition":[],"valuesForElseCondition":null}},{"class":"TargetAttributeMappingAction","targetAttrName":"City","isIdLinkage":false,"isSingleValue":false,"isAdvanced":false,"copyMode":0,"values":{"class":"ConditionalValueDefinition","operationType":2,"ifCondition":null,"valuesForIfCondition":[],"valuesForElseCondition":null}},{"class":"TargetAttributeMappingAction","targetAttrName":"CompanyName","isIdLinkage":false,"isSingleValue":false,"isAdvanced":false,"copyMode":0,"values":{"class":"ConditionalValueDefinition","operationType":2,"ifCondition":null,"valuesForIfCondition":[],"valuesForElseCondition":null}},{"class":"TargetAttributeMappingAction","targetAttrName":"ContactId","isIdLinkage":false,"isSingleValue":false,"isAdvanced":false,"copyMode":0,"values":{"class":"ConditionalValueDefinition","operationType":2,"ifCondition":null,"valuesForIfCondition":[],"valuesForElseCondition":null}},{"class":"TargetAttributeMappingAction","targetAttrName":"Country","isIdLinkage":false,"isSingleValue":false,"isAdvanced":false,"copyMode":0,"values":{"class":"ConditionalValueDefinition","operationType":2,"ifCondition":null,"valuesForIfCondition":[],"valuesForElseCondition":null}},{"class":"TargetAttributeMappingAction","targetAttrName":"DelegatedApproverId","isIdLinkage":false,"isSingleValue":false,"isAdvanced":false,"copyMode":0,"values":{"class":"ConditionalValueDefinition","operationType":2,"ifCondition":null,"valuesForIfCondition":[],"valuesForElseCondition":null}},{"class":"TargetAttributeMappingAction","targetAttrName":"Department","isIdLinkage":false,"isSingleValue":false,"isAdvanced":false,"copyMode":0,"values":{"class":"ConditionalValueDefinition","operationType":2,"ifCondition":null,"valuesForIfCondition":[],"valuesForElseCondition":null}},{"class":"TargetAttributeMappingAction","targetAttrName":"Division","isIdLinkage":false,"isSingleValue":false,"isAdvanced":false,"copyMode":0,"values":{"class":"ConditionalValueDefinition","operationType":2,"ifCondition":null,"valuesForIfCondition":[],"valuesForElseCondition":null}},{"class":"TargetAttributeMappingAction","targetAttrName":"EmployeeNumber","isIdLinkage":false,"isSingleValue":false,"isAdvanced":false,"copyMode":0,"values":{"class":"ConditionalValueDefinition","operationType":2,"ifCondition":null,"valuesForIfCondition":[],"valuesForElseCondition":null}},{"class":"TargetAttributeMappingAction","targetAttrName":"Extension","isIdLinkage":false,"isSingleValue":false,"isAdvanced":false,"copyMode":0,"values":{"class":"ConditionalValueDefinition","operationType":2,"ifCondition":null,"valuesForIfCondition":[],"valuesForElseCondition":null}},{"class":"TargetAttributeMappingAction","targetAttrName":"Fax","isIdLinkage":false,"isSingleValue":false,"isAdvanced":false,"copyMode":0,"values":{"class":"ConditionalValueDefinition","operationType":2,"ifCondition":null,"valuesForIfCondition":[],"valuesForElseCondition":null}},{"class":"TargetAttributeMappingAction","targetAttrName":"FederationIdentifier","isIdLinkage":false,"isSingleValue":false,"isAdvanced":false,"copyMode":0,"values":{"class":"ConditionalValueDefinition","operationType":2,"ifCondition":null,"valuesForIfCondition":[],"valuesForElseCondition":null}},{"class":"TargetAttributeMappingAction","targetAttrName":"FirstName","isIdLinkage":false,"isSingleValue":false,"isAdvanced":false,"copyMode":0,"values":{"class":"ConditionalValueDefinition","operationType":2,"ifCondition":null,"valuesForIfCondition":[],"valuesForElseCondition":null}},{"class":"TargetAttributeMappingAction","targetAttrName":"FullPhotoUrl","isIdLinkage":false,"isSingleValue":false,"isAdvanced":false,"copyMode":0,"values":{"class":"ConditionalValueDefinition","operationType":2,"ifCondition":null,"valuesForIfCondition":[],"valuesForElseCondition":null}},{"class":"TargetAttributeMappingAction","targetAttrName":"GeocodeAccuracy","isIdLinkage":false,"isSingleValue":false,"isAdvanced":false,"copyMode":0,"values":{"class":"ConditionalValueDefinition","operationType":2,"ifCondition":null,"valuesForIfCondition":[],"valuesForElseCondition":null}},{"class":"TargetAttributeMappingAction","targetAttrName":"IndividualId","isIdLinkage":false,"isSingleValue":false,"isAdvanced":false,"copyMode":0,"values":{"class":"ConditionalValueDefinition","operationType":2,"ifCondition":null,"valuesForIfCondition":[],"valuesForElseCondition":null}},{"class":"TargetAttributeMappingAction","targetAttrName":"JigsawImportLimitOverride","isIdLinkage":false,"isSingleValue":false,"isAdvanced":false,"copyMode":0,"values":{"class":"ConditionalValueDefinition","operationType":2,"ifCondition":null,"valuesForIfCondition":[],"valuesForElseCondition":null}},{"class":"TargetAttributeMappingAction","targetAttrName":"LastLoginDate","isIdLinkage":false,"isSingleValue":false,"isAdvanced":false,"copyMode":0,"values":{"class":"ConditionalValueDefinition","operationType":2,"ifCondition":null,"valuesForIfCondition":[],"valuesForElseCondition":null}},{"class":"TargetAttributeMappingAction","targetAttrName":"LastPasswordChangeDate","isIdLinkage":false,"isSingleValue":false,"isAdvanced":false,"copyMode":0,"values":{"class":"ConditionalValueDefinition","operationType":2,"ifCondition":null,"valuesForIfCondition":[],"valuesForElseCondition":null}},{"class":"TargetAttributeMappingAction","targetAttrName":"LastReferencedDate","isIdLinkage":false,"isSingleValue":false,"isAdvanced":false,"copyMode":0,"values":{"class":"ConditionalValueDefinition","operationType":2,"ifCondition":null,"valuesForIfCondition":[],"valuesForElseCondition":null}},{"class":"TargetAttributeMappingAction","targetAttrName":"LastViewedDate","isIdLinkage":false,"isSingleValue":false,"isAdvanced":false,"copyMode":0,"values":{"class":"ConditionalValueDefinition","operationType":2,"ifCondition":null,"valuesForIfCondition":[],"valuesForElseCondition":null}},{"class":"TargetAttributeMappingAction","targetAttrName":"Latitude","isIdLinkage":false,"isSingleValue":false,"isAdvanced":false,"copyMode":0,"values":{"class":"ConditionalValueDefinition","operationType":2,"ifCondition":null,"valuesForIfCondition":[],"valuesForElseCondition":null}},{"class":"TargetAttributeMappingAction","targetAttrName":"Longitude","isIdLinkage":false,"isSingleValue":false,"isAdvanced":false,"copyMode":0,"values":{"class":"ConditionalValueDefinition","operationType":2,"ifCondition":null,"valuesForIfCondition":[],"valuesForElseCondition":null}},{"class":"TargetAttributeMappingAction","targetAttrName":"ManagerId","isIdLinkage":false,"isSingleValue":false,"isAdvanced":false,"copyMode":0,"values":{"class":"ConditionalValueDefinition","operationType":2,"ifCondition":null,"valuesForIfCondition":[],"valuesForElseCondition":null}},{"class":"TargetAttributeMappingAction","targetAttrName":"MediumBannerPhotoUrl","isIdLinkage":false,"isSingleValue":false,"isAdvanced":false,"copyMode":0,"values":{"class":"ConditionalValueDefinition","operationType":2,"ifCondition":null,"valuesForIfCondition":[],"valuesForElseCondition":null}},{"class":"TargetAttributeMappingAction","targetAttrName":"MediumPhotoUrl","isIdLinkage":false,"isSingleValue":false,"isAdvanced":false,"copyMode":0,"values":{"class":"ConditionalValueDefinition","operationType":2,"ifCondition":null,"valuesForIfCondition":[],"valuesForElseCondition":null}},{"class":"TargetAttributeMappingAction","targetAttrName":"MobilePhone","isIdLinkage":false,"isSingleValue":false,"isAdvanced":false,"copyMode":0,"values":{"class":"ConditionalValueDefinition","operationType":2,"ifCondition":null,"valuesForIfCondition":[],"valuesForElseCondition":null}},{"class":"TargetAttributeMappingAction","targetAttrName":"NumberOfFailedLogins","isIdLinkage":false,"isSingleValue":false,"isAdvanced":false,"copyMode":0,"values":{"class":"ConditionalValueDefinition","operationType":2,"ifCondition":null,"valuesForIfCondition":[],"valuesForElseCondition":null}},{"class":"TargetAttributeMappingAction","targetAttrName":"OfflinePdaTrialExpirationDate","isIdLinkage":false,"isSingleValue":false,"isAdvanced":false,"copyMode":0,"values":{"class":"ConditionalValueDefinition","operationType":2,"ifCondition":null,"valuesForIfCondition":[],"valuesForElseCondition":null}},{"class":"TargetAttributeMappingAction","targetAttrName":"OfflineTrialExpirationDate","isIdLinkage":false,"isSingleValue":false,"isAdvanced":false,"copyMode":0,"values":{"class":"ConditionalValueDefinition","operationType":2,"ifCondition":null,"valuesForIfCondition":[],"valuesForElseCondition":null}},{"class":"TargetAttributeMappingAction","targetAttrName":"OutOfOfficeMessage","isIdLinkage":false,"isSingleValue":false,"isAdvanced":false,"copyMode":0,"values":{"class":"ConditionalValueDefinition","operationType":2,"ifCondition":null,"valuesForIfCondition":[],"valuesForElseCondition":null}},{"class":"TargetAttributeMappingAction","targetAttrName":"Phone","isIdLinkage":false,"isSingleValue":false,"isAdvanced":false,"copyMode":0,"values":{"class":"ConditionalValueDefinition","operationType":2,"ifCondition":null,"valuesForIfCondition":[],"valuesForElseCondition":null}},{"class":"TargetAttributeMappingAction","targetAttrName":"PostalCode","isIdLinkage":false,"isSingleValue":false,"isAdvanced":false,"copyMode":0,"values":{"class":"ConditionalValueDefinition","operationType":2,"ifCondition":null,"valuesForIfCondition":[],"valuesForElseCondition":null}},{"class":"TargetAttributeMappingAction","targetAttrName":"SenderEmail","isIdLinkage":false,"isSingleValue":false,"isAdvanced":false,"copyMode":0,"values":{"class":"ConditionalValueDefinition","operationType":2,"ifCondition":null,"valuesForIfCondition":[],"valuesForElseCondition":null}},{"class":"TargetAttributeMappingAction","targetAttrName":"SenderName","isIdLinkage":false,"isSingleValue":false,"isAdvanced":false,"copyMode":0,"values":{"class":"ConditionalValueDefinition","operationType":2,"ifCondition":null,"valuesForIfCondition":[],"valuesForElseCondition":null}},{"class":"TargetAttributeMappingAction","targetAttrName":"Signature","isIdLinkage":false,"isSingleValue":false,"isAdvanced":false,"copyMode":0,"values":{"class":"ConditionalValueDefinition","operationType":2,"ifCondition":null,"valuesForIfCondition":[],"valuesForElseCondition":null}},{"class":"TargetAttributeMappingAction","targetAttrName":"SmallBannerPhotoUrl","isIdLinkage":false,"isSingleValue":false,"isAdvanced":false,"copyMode":0,"values":{"class":"ConditionalValueDefinition","operationType":2,"ifCondition":null,"valuesForIfCondition":[],"valuesForElseCondition":null}},{"class":"TargetAttributeMappingAction","targetAttrName":"SmallPhotoUrl","isIdLinkage":false,"isSingleValue":false,"isAdvanced":false,"copyMode":0,"values":{"class":"ConditionalValueDefinition","operationType":2,"ifCondition":null,"valuesForIfCondition":[],"valuesForElseCondition":null}},{"class":"TargetAttributeMappingAction","targetAttrName":"State","isIdLinkage":false,"isSingleValue":false,"isAdvanced":false,"copyMode":0,"values":{"class":"ConditionalValueDefinition","operationType":2,"ifCondition":null,"valuesForIfCondition":[],"valuesForElseCondition":null}},{"class":"TargetAttributeMappingAction","targetAttrName":"StayInTouchNote","isIdLinkage":false,"isSingleValue":false,"isAdvanced":false,"copyMode":0,"values":{"class":"ConditionalValueDefinition","operationType":2,"ifCondition":null,"valuesForIfCondition":[],"valuesForElseCondition":null}},{"class":"TargetAttributeMappingAction","targetAttrName":"StayInTouchSignature","isIdLinkage":false,"isSingleValue":false,"isAdvanced":false,"copyMode":0,"values":{"class":"ConditionalValueDefinition","operationType":2,"ifCondition":null,"valuesForIfCondition":[],"valuesForElseCondition":null}},{"class":"TargetAttributeMappingAction","targetAttrName":"StayInTouchSubject","isIdLinkage":false,"isSingleValue":false,"isAdvanced":false,"copyMode":0,"values":{"class":"ConditionalValueDefinition","operationType":2,"ifCondition":null,"valuesForIfCondition":[],"valuesForElseCondition":null}},{"class":"TargetAttributeMappingAction","targetAttrName":"Street","isIdLinkage":false,"isSingleValue":false,"isAdvanced":false,"copyMode":0,"values":{"class":"ConditionalValueDefinition","operationType":2,"ifCondition":null,"valuesForIfCondition":[],"valuesForElseCondition":null}},{"class":"TargetAttributeMappingAction","targetAttrName":"Title","isIdLinkage":false,"isSingleValue":false,"isAdvanced":false,"copyMode":0,"values":{"class":"ConditionalValueDefinition","operationType":2,"ifCondition":null,"valuesForIfCondition":[{"class":"ValueDefinition","valueType":2,"value":"title","operationType":null}],"valuesForElseCondition":null}},{"class":"TargetAttributeMappingAction","targetAttrName":"UserRoleId","isIdLinkage":false,"isSingleValue":false,"isAdvanced":false,"copyMode":0,"values":{"class":"ConditionalValueDefinition","operationType":2,"ifCondition":null,"valuesForIfCondition":[],"valuesForElseCondition":null}},{"class":"TargetAttributeMappingAction","targetAttrName":"UserType","isIdLinkage":false,"isSingleValue":false,"isAdvanced":false,"copyMode":0,"values":{"class":"ConditionalValueDefinition","operationType":2,"ifCondition":null,"valuesForIfCondition":[],"valuesForElseCondition":null}}],"complexMappingsList":[]}