{"sourceDn":"","targetDn":"","mappingsList":[{"class":"TargetAttributeMappingAction","targetAttrName":"userPrincipalName","isIdLinkage":false,"isSingleValue":false,"isAdvanced":false,"copyMode":0,"values":{"class":"ConditionalValueDefinition","operationType":2,"ifCondition":null,"valuesForIfCondition":[],"valuesForElseCondition":null}},{"class":"TargetAttributeMappingAction","targetAttrName":"accountEnabled","isIdLinkage":false,"isSingleValue":false,"isAdvanced":false,"copyMode":0,"values":{"class":"ConditionalValueDefinition","operationType":2,"ifCondition":null,"valuesForIfCondition":[],"valuesForElseCondition":null}},{"class":"TargetAttributeMappingAction","targetAttrName":"city","isIdLinkage":false,"isSingleValue":false,"isAdvanced":false,"copyMode":0,"values":{"class":"ConditionalValueDefinition","operationType":2,"ifCondition":null,"valuesForIfCondition":[],"valuesForElseCondition":null}},{"class":"TargetAttributeMappingAction","targetAttrName":"companyName","isIdLinkage":false,"isSingleValue":false,"isAdvanced":false,"copyMode":0,"values":{"class":"ConditionalValueDefinition","operationType":2,"ifCondition":null,"valuesForIfCondition":[],"valuesForElseCondition":null}},{"class":"TargetAttributeMappingAction","targetAttrName":"country","isIdLinkage":false,"isSingleValue":false,"isAdvanced":false,"copyMode":0,"values":{"class":"ConditionalValueDefinition","operationType":2,"ifCondition":null,"valuesForIfCondition":[],"valuesForElseCondition":null}},{"class":"TargetAttributeMappingAction","targetAttrName":"deltaLink","isIdLinkage":false,"isSingleValue":false,"isAdvanced":false,"copyMode":0,"values":{"class":"ConditionalValueDefinition","operationType":2,"ifCondition":null,"valuesForIfCondition":[],"valuesForElseCondition":null}},{"class":"TargetAttributeMappingAction","targetAttrName":"department","isIdLinkage":false,"isSingleValue":false,"isAdvanced":false,"copyMode":0,"values":{"class":"ConditionalValueDefinition","operationType":2,"ifCondition":null,"valuesForIfCondition":[],"valuesForElseCondition":null}},{"class":"TargetAttributeMappingAction","targetAttrName":"directReports","isIdLinkage":false,"isSingleValue":false,"isAdvanced":false,"copyMode":0,"values":{"class":"ConditionalValueDefinition","operationType":2,"ifCondition":null,"valuesForIfCondition":[],"valuesForElseCondition":null}},{"class":"TargetAttributeMappingAction","targetAttrName":"displayName","isIdLinkage":false,"isSingleValue":false,"isAdvanced":false,"copyMode":0,"values":{"class":"ConditionalValueDefinition","operationType":2,"ifCondition":null,"valuesForIfCondition":[],"valuesForElseCondition":null}},{"class":"TargetAttributeMappingAction","targetAttrName":"employeeId","isIdLinkage":false,"isSingleValue":false,"isAdvanced":false,"copyMode":0,"values":{"class":"ConditionalValueDefinition","operationType":2,"ifCondition":null,"valuesForIfCondition":[],"valuesForElseCondition":null}},{"class":"TargetAttributeMappingAction","targetAttrName":"faxNumber","isIdLinkage":false,"isSingleValue":false,"isAdvanced":false,"copyMode":0,"values":{"class":"ConditionalValueDefinition","operationType":2,"ifCondition":null,"valuesForIfCondition":[],"valuesForElseCondition":null}},{"class":"TargetAttributeMappingAction","targetAttrName":"givenName","isIdLinkage":false,"isSingleValue":false,"isAdvanced":false,"copyMode":0,"values":{"class":"ConditionalValueDefinition","operationType":2,"ifCondition":null,"valuesForIfCondition":[],"valuesForElseCondition":null}},{"class":"TargetAttributeMappingAction","targetAttrName":"id","isIdLinkage":false,"isSingleValue":false,"isAdvanced":false,"copyMode":0,"values":{"class":"ConditionalValueDefinition","operationType":2,"ifCondition":null,"valuesForIfCondition":[],"valuesForElseCondition":null}},{"class":"TargetAttributeMappingAction","targetAttrName":"invitedUserDisplayName","isIdLinkage":false,"isSingleValue":false,"isAdvanced":false,"copyMode":0,"values":{"class":"ConditionalValueDefinition","operationType":2,"ifCondition":null,"valuesForIfCondition":[],"valuesForElseCondition":null}},{"class":"TargetAttributeMappingAction","targetAttrName":"invitedUserEmailAddress","isIdLinkage":false,"isSingleValue":false,"isAdvanced":false,"copyMode":0,"values":{"class":"ConditionalValueDefinition","operationType":2,"ifCondition":null,"valuesForIfCondition":[],"valuesForElseCondition":null}},{"class":"TargetAttributeMappingAction","targetAttrName":"invitedUserType","isIdLinkage":false,"isSingleValue":false,"isAdvanced":false,"copyMode":0,"values":{"class":"ConditionalValueDefinition","operationType":2,"ifCondition":null,"valuesForIfCondition":[],"valuesForElseCondition":null}},{"class":"TargetAttributeMappingAction","targetAttrName":"inviteRedeemUrl","isIdLinkage":false,"isSingleValue":false,"isAdvanced":false,"copyMode":0,"values":{"class":"ConditionalValueDefinition","operationType":2,"ifCondition":null,"valuesForIfCondition":[],"valuesForElseCondition":null}},{"class":"TargetAttributeMappingAction","targetAttrName":"inviteRedirectUrl","isIdLinkage":false,"isSingleValue":false,"isAdvanced":false,"copyMode":0,"values":{"class":"ConditionalValueDefinition","operationType":2,"ifCondition":null,"valuesForIfCondition":[],"valuesForElseCondition":null}},{"class":"TargetAttributeMappingAction","targetAttrName":"jobTitle","isIdLinkage":false,"isSingleValue":false,"isAdvanced":false,"copyMode":0,"values":{"class":"ConditionalValueDefinition","operationType":2,"ifCondition":null,"valuesForIfCondition":[{"class":"ValueDefinition","valueType":2,"value":"title","operationType":null}],"valuesForElseCondition":null}},{"class":"TargetAttributeMappingAction","targetAttrName":"mail","isIdLinkage":false,"isSingleValue":false,"isAdvanced":false,"copyMode":0,"values":{"class":"ConditionalValueDefinition","operationType":2,"ifCondition":null,"valuesForIfCondition":[],"valuesForElseCondition":null}},{"class":"TargetAttributeMappingAction","targetAttrName":"mailNickname","isIdLinkage":false,"isSingleValue":false,"isAdvanced":false,"copyMode":0,"values":{"class":"ConditionalValueDefinition","operationType":2,"ifCondition":null,"valuesForIfCondition":[],"valuesForElseCondition":null}},{"class":"TargetAttributeMappingAction","targetAttrName":"manager","isIdLinkage":false,"isSingleValue":false,"isAdvanced":false,"copyMode":0,"values":{"class":"ConditionalValueDefinition","operationType":2,"ifCondition":null,"valuesForIfCondition":[],"valuesForElseCondition":null}},{"class":"TargetAttributeMappingAction","targetAttrName":"memberOf","isIdLinkage":false,"isSingleValue":false,"isAdvanced":false,"copyMode":0,"values":{"class":"ConditionalValueDefinition","operationType":2,"ifCondition":null,"valuesForIfCondition":[],"valuesForElseCondition":null}},{"class":"TargetAttributeMappingAction","targetAttrName":"mobilePhone","isIdLinkage":false,"isSingleValue":false,"isAdvanced":false,"copyMode":0,"values":{"class":"ConditionalValueDefinition","operationType":2,"ifCondition":null,"valuesForIfCondition":[],"valuesForElseCondition":null}},{"class":"TargetAttributeMappingAction","targetAttrName":"officeLocation","isIdLinkage":false,"isSingleValue":false,"isAdvanced":false,"copyMode":0,"values":{"class":"ConditionalValueDefinition","operationType":2,"ifCondition":null,"valuesForIfCondition":[],"valuesForElseCondition":null}},{"class":"TargetAttributeMappingAction","targetAttrName":"onPremisesImmutableId","isIdLinkage":false,"isSingleValue":false,"isAdvanced":false,"copyMode":0,"values":{"class":"ConditionalValueDefinition","operationType":2,"ifCondition":null,"valuesForIfCondition":[],"valuesForElseCondition":null}},{"class":"TargetAttributeMappingAction","targetAttrName":"ownedDevices","isIdLinkage":false,"isSingleValue":false,"isAdvanced":false,"copyMode":0,"values":{"class":"ConditionalValueDefinition","operationType":2,"ifCondition":null,"valuesForIfCondition":[],"valuesForElseCondition":null}},{"class":"TargetAttributeMappingAction","targetAttrName":"ownedObjects","isIdLinkage":false,"isSingleValue":false,"isAdvanced":false,"copyMode":0,"values":{"class":"ConditionalValueDefinition","operationType":2,"ifCondition":null,"valuesForIfCondition":[],"valuesForElseCondition":null}},{"class":"TargetAttributeMappingAction","targetAttrName":"passwordprofile-forcechangepasswordnextsignin","isIdLinkage":false,"isSingleValue":false,"isAdvanced":false,"copyMode":0,"values":{"class":"ConditionalValueDefinition","operationType":2,"ifCondition":null,"valuesForIfCondition":[],"valuesForElseCondition":null}},{"class":"TargetAttributeMappingAction","targetAttrName":"passwordprofile-password","isIdLinkage":false,"isSingleValue":false,"isAdvanced":false,"copyMode":0,"values":{"class":"ConditionalValueDefinition","operationType":2,"ifCondition":null,"valuesForIfCondition":[],"valuesForElseCondition":null}},{"class":"TargetAttributeMappingAction","targetAttrName":"postalCode","isIdLinkage":false,"isSingleValue":false,"isAdvanced":false,"copyMode":0,"values":{"class":"ConditionalValueDefinition","operationType":2,"ifCondition":null,"valuesForIfCondition":[],"valuesForElseCondition":null}},{"class":"TargetAttributeMappingAction","targetAttrName":"registeredDevices","isIdLinkage":false,"isSingleValue":false,"isAdvanced":false,"copyMode":0,"values":{"class":"ConditionalValueDefinition","operationType":2,"ifCondition":null,"valuesForIfCondition":[],"valuesForElseCondition":null}},{"class":"TargetAttributeMappingAction","targetAttrName":"sendInvitationMessage","isIdLinkage":false,"isSingleValue":false,"isAdvanced":false,"copyMode":0,"values":{"class":"ConditionalValueDefinition","operationType":2,"ifCondition":null,"valuesForIfCondition":[],"valuesForElseCondition":null}},{"class":"TargetAttributeMappingAction","targetAttrName":"state","isIdLinkage":false,"isSingleValue":false,"isAdvanced":false,"copyMode":0,"values":{"class":"ConditionalValueDefinition","operationType":2,"ifCondition":null,"valuesForIfCondition":[],"valuesForElseCondition":null}},{"class":"TargetAttributeMappingAction","targetAttrName":"status","isIdLinkage":false,"isSingleValue":false,"isAdvanced":false,"copyMode":0,"values":{"class":"ConditionalValueDefinition","operationType":2,"ifCondition":null,"valuesForIfCondition":[],"valuesForElseCondition":null}},{"class":"TargetAttributeMappingAction","targetAttrName":"streetAddress","isIdLinkage":false,"isSingleValue":false,"isAdvanced":false,"copyMode":0,"values":{"class":"ConditionalValueDefinition","operationType":2,"ifCondition":null,"valuesForIfCondition":[],"valuesForElseCondition":null}},{"class":"TargetAttributeMappingAction","targetAttrName":"surname","isIdLinkage":false,"isSingleValue":false,"isAdvanced":false,"copyMode":0,"values":{"class":"ConditionalValueDefinition","operationType":2,"ifCondition":null,"valuesForIfCondition":[],"valuesForElseCondition":null}},{"class":"TargetAttributeMappingAction","targetAttrName":"userType","isIdLinkage":false,"isSingleValue":false,"isAdvanced":false,"copyMode":0,"values":{"class":"ConditionalValueDefinition","operationType":2,"ifCondition":null,"valuesForIfCondition":[],"valuesForElseCondition":null}}],"complexMappingsList":[]}