externalaccount;identifier;repositoryid;login;givenname;surname;username;employeenumber;mail;manager;creationdate;lastlogindate;passwordlastsetdate;nextpasswordchangedate;expiredate;service;disabled;locked;logincount;badpasswordcount;passwordnotrequired;passwordcantchange;notnormalaccount;dontexpirepassword;passwordexpired;smartcardrequired;profile;lastmodificationdate;lastmodificationby;creationby;permissionid;permissionname;permissiondescription;actiongranted;limit;perimetercode;perimeterlabel
1;CN=Allison HODGES,OU=Marketing,OU=Users,OU=Accounts,OU=HQ-France,OU=BW,DC=acmeb,DC=acme,DC=corp;ACMEB;AHODGES10;Allison;HODGES;Allison HODGES;ID0000042;;;06/02/2020 12:23;20/07/2021 07:49;19/06/2020 14:35;;01/01/2022 00:00;;true;false;;;false;false;;false;false;false;;;;;CRMClerk;CRM Clerk;Customer Relationship Management;;;;
1;CN=Julio HARRISON-ext,OU=BIsol,OU=Users,OU=Accounts,OU=HQ-France,OU=BW,DC=acmeb,DC=acme,DC=corp;ACMEB;JHARRISO18-ext;Julio;HARRISON;Julio HARRISON;;;;04/10/2019 10:21;27/07/2021 03:05;17/12/2019 11:20;;01/01/2022 00:00;;false;false;;;false;false;;false;false;false;;;;;Auditor;Auditor;Sage Audit;;;;
1;CN=Andy MORAN,OU=Marketing,OU=Users,OU=Accounts,OU=HQ-France,OU=BW,DC=acmeb,DC=acme,DC=corp;ACMEB;MORAN;Andy;MORAN;Andy MORAN;ID0000043;;;06/02/2020 12:14;16/07/2021 07:27;15/05/2020 14:15;;;;false;false;;;false;false;;false;false;false;;;;;CRMClerk;CRM Clerk;Customer Relationship Management;;;;
0;AMURPHY17;SAGE;AMURPHY17;Antonia;MURPHY;Antonia MURPHY;ID0000326;;;14/05/2020 13:34;20/07/2021 09:31;14/05/2020 15:34;;;;false;false;;;false;false;;false;false;false;;;;;Auditor;Auditor;Sage Audit;;;;
0;AMURPHY17;SAGE;AMURPHY17;Antonia;MURPHY;Antonia MURPHY;ID0000326;;;14/05/2020 13:34;20/07/2021 09:31;14/05/2020 15:34;;;;false;false;;;false;false;;false;false;false;;;;;CustomerService;Customer Service;Customer Service;;;;
0;AMURPHY17;SAGE;AMURPHY17;Antonia;MURPHY;Antonia MURPHY;ID0000326;;;14/05/2020 13:34;20/07/2021 09:31;14/05/2020 15:34;;;;false;false;;;false;false;;false;false;false;;;;;Employee;Employee;Employee;;;;
0;AMURPHY17;SAGE;AMURPHY17;Antonia;MURPHY;Antonia MURPHY;ID0000326;;;14/05/2020 13:34;20/07/2021 09:31;14/05/2020 15:34;;;;false;false;;;false;false;;false;false;false;;;;;LedgerClerk;General Ledger Clerk;General Ledger Management;;;;
0;AMURPHY17;SAGE;AMURPHY17;Antonia;MURPHY;Antonia MURPHY;ID0000326;;;14/05/2020 13:34;20/07/2021 09:31;14/05/2020 15:34;;;;false;false;;;false;false;;false;false;false;;;;;IMClerk;Inventory Management Clerk;Inventory Management Management;;;;
0;ASCHMIDT;SAGE;ASCHMIDT;Andrew;SCHMIDT;Andrew SCHMIDT;;;;18/07/2020 07:28;;18/07/2020 09:28;;09/01/2022 00:00;;false;false;;;false;false;;false;false;false;;;;;APClerk;Accounts Payable Clerk;Accounts Payable Management;;;;
0;ASCHMIDT;SAGE;ASCHMIDT;Andrew;SCHMIDT;Andrew SCHMIDT;;;;28/07/2020 07:26;16/07/2021 15:38;31/03/2021 14:19;;01/01/2022 00:00;;false;false;;;false;false;;false;false;false;;;;;ARClerk;Accounts Receivable Clerk;Accounts Receivable Management;;;;
0;ASCHMIDT;SAGE;ASCHMIDT;Andrew;SCHMIDT;Andrew SCHMIDT;;;;22/07/2020 12:11;27/07/2021 08:48;21/10/2020 14:13;;01/10/2022 00:00;;false;false;;;false;false;;false;false;false;;;;;BMClerk;Bill of Materials Clerk;Bill of Materials Management;;;;
0;ASCHMIDT;SAGE;ASCHMIDT;Andrew;SCHMIDT;Andrew SCHMIDT;;;;31/07/2020 07:53;15/05/2021 06:49;31/07/2020 09:53;;;;false;false;;;false;false;;false;false;false;;;;;IMClerk;Inventory Management Clerk;Inventory Management Management;;;;
0;ASCHMIDT;SAGE;ASCHMIDT;Andrew;SCHMIDT;Andrew SCHMIDT;;;;01/08/2020 14:32;18/06/2021 08:35;20/08/2020 14:18;;;;false;false;;;false;false;;false;false;false;;;;;POClerk;Purchase Order Clerk;Purchase Order Management;;;;
0;TRUIZ;SAGE;TRUIZ;Tracey;RUIZ;Tracey RUIZ;;;;18/07/2020 07:28;;18/07/2020 09:28;;09/01/2022 00:00;;false;false;;;false;false;;false;false;false;;;;;APClerk;Accounts Payable Clerk;Accounts Payable Management;;;;
0;TRUIZ;SAGE;TRUIZ;Tracey;RUIZ;Tracey RUIZ;;;;28/07/2020 07:26;16/07/2021 15:38;31/03/2021 14:19;;01/01/2022 00:00;;false;false;;;false;false;;false;false;false;;;;;ARClerk;Accounts Receivable Clerk;Accounts Receivable Management;;;;
0;TRUIZ;SAGE;TRUIZ;Tracey;RUIZ;Tracey RUIZ;;;;22/07/2020 12:11;27/07/2021 08:48;21/10/2020 14:13;;01/10/2022 00:00;;false;false;;;false;false;;false;false;false;;;;;BMClerk;Bill of Materials Clerk;Bill of Materials Management;;;;
0;TRUIZ;SAGE;TRUIZ;Tracey;RUIZ;Tracey RUIZ;;;;31/07/2020 07:53;15/05/2021 06:49;31/07/2020 09:53;;;;false;false;;;false;false;;false;false;false;;;;;IMClerk;Inventory Management Clerk;Inventory Management Management;;;;
0;TRUIZ;SAGE;TRUIZ;Tracey;RUIZ;Tracey RUIZ;;;;01/08/2020 14:32;18/06/2021 08:35;20/08/2020 14:18;;;;false;false;;;false;false;;false;false;false;;;;;POClerk;Purchase Order Clerk;Purchase Order Management;;;;
0;EBUSH;SAGE;EBUSH;Edgar;BUSH;Edgar BUSH;ID0000901;;;14/05/2020 13:34;20/07/2021 09:31;14/05/2020 15:34;;;;false;false;;;false;false;;false;false;false;;;;;Admin;Administrator;Administrator;;;;
0;RADAMS24;SAGE;RADAMS24;Randolph;ADAMS;Randolph ADAMS;ID0000257;;;18/07/2020 07:25;;18/07/2020 09:25;;09/01/2022 00:00;;false;false;;;false;false;;false;false;false;;;;;APAdmin;Accounts Payable Admin;Accounts Payable Administration;;;;
0;RADAMS24;SAGE;RADAMS24;Randolph;ADAMS;Randolph ADAMS;ID0000257;;;18/07/2020 07:25;;18/07/2020 09:25;;09/01/2022 00:00;;false;false;;;false;false;;false;false;false;;;;;ARAdmin;Accounts Receivable Admin;Accounts Receivable Administration;;;;
0;RADAMS24;SAGE;RADAMS24;Randolph;ADAMS;Randolph ADAMS;ID0000257;;;18/07/2020 07:25;;18/07/2020 09:25;;09/01/2022 00:00;;false;false;;;false;false;;false;false;false;;;;;BMAdmin;Bill of Materials Admin;Bill of Materials Administration;;;;
0;RADAMS24;SAGE;RADAMS24;Randolph;ADAMS;Randolph ADAMS;ID0000257;;;18/07/2020 07:25;;18/07/2020 09:25;;09/01/2022 00:00;;false;false;;;false;false;;false;false;false;;;;;BRAdmin;Bank Reconciliation Admin;Bank Reconciliation Administration;;;;
0;RADAMS24;SAGE;RADAMS24;Randolph;ADAMS;Randolph ADAMS;ID0000257;;;18/07/2020 07:25;;18/07/2020 09:25;;09/01/2022 00:00;;false;false;;;false;false;;false;false;false;;;;;CRMAdmin;CRM Admin;CRM Administration;;;;
0;RADAMS24;SAGE;RADAMS24;Randolph;ADAMS;Randolph ADAMS;ID0000257;;;18/07/2020 07:25;;18/07/2020 09:25;;09/01/2022 00:00;;false;false;;;false;false;;false;false;false;;;;;LedgerAdmin;General Ledger Admin;General Ledger Administration;;;;
0;RADAMS24;SAGE;RADAMS24;Randolph;ADAMS;Randolph ADAMS;ID0000257;;;18/07/2020 07:25;;18/07/2020 09:25;;09/01/2022 00:00;;false;false;;;false;false;;false;false;false;;;;;IMAdmin;Inventory Management Admin;Inventory Management Administration;;;;
0;RADAMS24;SAGE;RADAMS24;Randolph;ADAMS;Randolph ADAMS;ID0000257;;;18/07/2020 07:25;;18/07/2020 09:25;;09/01/2022 00:00;;false;false;;;false;false;;false;false;false;;;;;PAdmin;Payroll Admin;Payroll Administration;;;;
0;RADAMS24;SAGE;RADAMS24;Randolph;ADAMS;Randolph ADAMS;ID0000257;;;18/07/2020 07:25;;18/07/2020 09:25;;09/01/2022 00:00;;false;false;;;false;false;;false;false;false;;;;;POAdmin;Purchase Order Admin;Purchase Order Administration;;;;
0;RADAMS24;SAGE;RADAMS24;Randolph;ADAMS;Randolph ADAMS;ID0000257;;;18/07/2020 07:25;;18/07/2020 09:25;;09/01/2022 00:00;;false;false;;;false;false;;false;false;false;;;;;SOAdmin;Sales Order Admin;Sales Order Administration;;;;
0;APEARSON16;SAGE;APEARSON16;Adam;PEARSON;Adam PEARSON;ID0000912;;;29/08/2020 14:38;26/05/2021 17:24;20/02/2021 14:57;;;;false;false;;;false;false;;false;false;false;;;;;Auditor;Auditor;Sage Audit;;;;
0;APEARSON16;SAGE;APEARSON16;Adam;PEARSON;Adam PEARSON;ID0000912;;;29/08/2020 14:38;26/05/2021 17:24;20/02/2021 14:57;;;;false;false;;;false;false;;false;false;false;;;;;CustomerService;Customer Service;Customer Service;;;;
0;APEARSON16;SAGE;APEARSON16;Adam;PEARSON;Adam PEARSON;ID0000912;;;29/08/2020 14:38;26/05/2021 17:24;20/02/2021 14:57;;;;false;false;;;false;false;;false;false;false;;;;;Employee;Employee;Employee;;;;
0;APEARSON16;SAGE;APEARSON16;Adam;PEARSON;Adam PEARSON;ID0000912;;;29/08/2020 14:38;26/05/2021 17:24;20/02/2021 14:57;;;;false;false;;;false;false;;false;false;false;;;;;LedgerClerk;General Ledger Clerk;General Ledger Management;;;;
0;APEARSON16;SAGE;APEARSON16;Adam;PEARSON;Adam PEARSON;ID0000912;;;29/08/2020 14:38;26/05/2021 17:24;20/02/2021 14:57;;;;false;false;;;false;false;;false;false;false;;;;;IMClerk;Inventory Management Clerk;Inventory Management Management;;;;
0;BSIMMONS18;SAGE;BSIMMONS18;Bernadette;SIMMONS;Bernadette SIMMONS;ID0000884;bsimmons18@acme.com;;22/07/2020 12:11;27/07/2021 08:48;21/10/2020 14:13;;01/10/2022 00:00;;false;false;;;false;false;;false;false;false;;;;;Auditor;Auditor;Sage Audit;;;;
0;BSIMMONS18;SAGE;BSIMMONS18;Bernadette;SIMMONS;Bernadette SIMMONS;ID0000884;bsimmons18@acme.com;;22/07/2020 12:11;27/07/2021 08:48;21/10/2020 14:13;;01/10/2022 00:00;;false;false;;;false;false;;false;false;false;;;;;CustomerService;Customer Service;Customer Service;;;;
0;BSIMMONS18;SAGE;BSIMMONS18;Bernadette;SIMMONS;Bernadette SIMMONS;ID0000884;bsimmons18@acme.com;;22/07/2020 12:11;27/07/2021 08:48;21/10/2020 14:13;;01/10/2022 00:00;;false;false;;;false;false;;false;false;false;;;;;Employee;Employee;Employee;;;;
0;BSIMMONS18;SAGE;BSIMMONS18;Bernadette;SIMMONS;Bernadette SIMMONS;ID0000884;bsimmons18@acme.com;;22/07/2020 12:11;27/07/2021 08:48;21/10/2020 14:13;;01/10/2022 00:00;;false;false;;;false;false;;false;false;false;;;;;LedgerClerk;General Ledger Clerk;General Ledger Management;;;;
0;BSIMMONS18;SAGE;BSIMMONS18;Bernadette;SIMMONS;Bernadette SIMMONS;ID0000884;bsimmons18@acme.com;;22/07/2020 12:11;27/07/2021 08:48;21/10/2020 14:13;;01/10/2022 00:00;;false;false;;;false;false;;false;false;false;;;;;IMClerk;Inventory Management Clerk;Inventory Management Management;;;;
0;CSTONE12;SAGE;CSTONE12;Clarence;STONE;Clarence STONE;ID0000607;;;29/08/2020 14:38;26/05/2021 17:24;20/02/2021 14:57;;;;false;false;;;false;false;;false;false;false;;;;;APClerk;Accounts Payable Clerk;Accounts Payable Management;;;;
0;CSTONE12;SAGE;CSTONE12;Clarence;STONE;Clarence STONE;ID0000607;;;29/08/2020 14:38;26/05/2021 17:24;20/02/2021 14:57;;;;false;false;;;false;false;;false;false;false;;;;;Auditor;Auditor;Sage Audit;;;;
0;CSTONE12;SAGE;CSTONE12;Clarence;STONE;Clarence STONE;ID0000607;;;29/08/2020 14:38;26/05/2021 17:24;20/02/2021 14:57;;;;false;false;;;false;false;;false;false;false;;;;;BMClerk;Bill of Materials Clerk;Bill of Materials Management;;;;
0;CSTONE12;SAGE;CSTONE12;Clarence;STONE;Clarence STONE;ID0000607;;;29/08/2020 14:38;26/05/2021 17:24;20/02/2021 14:57;;;;false;false;;;false;false;;false;false;false;;;;;CustomerService;Customer Service;Customer Service;;;;
0;CSTONE12;SAGE;CSTONE12;Clarence;STONE;Clarence STONE;ID0000607;;;29/08/2020 14:38;26/05/2021 17:24;20/02/2021 14:57;;;;false;false;;;false;false;;false;false;false;;;;;Employee;Employee;Employee;;;;
0;CSTONE12;SAGE;CSTONE12;Clarence;STONE;Clarence STONE;ID0000607;;;29/08/2020 14:38;26/05/2021 17:24;20/02/2021 14:57;;;;false;false;;;false;false;;false;false;false;;;;;LedgerClerk;General Ledger Clerk;General Ledger Management;;;;
0;CSTONE12;SAGE;CSTONE12;Clarence;STONE;Clarence STONE;ID0000607;;;29/08/2020 14:38;26/05/2021 17:24;20/02/2021 14:57;;;;false;false;;;false;false;;false;false;false;;;;;IMClerk;Inventory Management Clerk;Inventory Management Management;;;;
0;CSTONE12;SAGE;CSTONE12;Clarence;STONE;Clarence STONE;ID0000607;;;29/08/2020 14:38;26/05/2021 17:24;20/02/2021 14:57;;;;false;false;;;false;false;;false;false;false;;;;;SOClerk;Sales Order Clerk;Sales Order Management;;;;
0;CHARRIS11;SAGE;CHARRIS11;Constance;HARRIS;Constance HARRIS;ID0000714;;;18/07/2020 07:25;;18/07/2020 09:25;;09/01/2022 00:00;;false;false;;;false;false;;false;false;false;;;;;APClerk;Accounts Payable Clerk;Accounts Payable Management;;;;
0;CHARRIS11;SAGE;CHARRIS11;Constance;HARRIS;Constance HARRIS;ID0000714;;;18/07/2020 07:25;;18/07/2020 09:25;;09/01/2022 00:00;;false;false;;;false;false;;false;false;false;;;;;Auditor;Auditor;Sage Audit;;;;
0;CHARRIS11;SAGE;CHARRIS11;Constance;HARRIS;Constance HARRIS;ID0000714;;;18/07/2020 07:25;;18/07/2020 09:25;;09/01/2022 00:00;;false;false;;;false;false;;false;false;false;;;;;BMClerk;Bill of Materials Clerk;Bill of Materials Management;;;;
0;CHARRIS11;SAGE;CHARRIS11;Constance;HARRIS;Constance HARRIS;ID0000714;;;18/07/2020 07:25;;18/07/2020 09:25;;09/01/2022 00:00;;false;false;;;false;false;;false;false;false;;;;;CustomerService;Customer Service;Customer Service;;;;
0;CHARRIS11;SAGE;CHARRIS11;Constance;HARRIS;Constance HARRIS;ID0000714;;;18/07/2020 07:25;;18/07/2020 09:25;;09/01/2022 00:00;;false;false;;;false;false;;false;false;false;;;;;Employee;Employee;Employee;;;;
0;CHARRIS11;SAGE;CHARRIS11;Constance;HARRIS;Constance HARRIS;ID0000714;;;18/07/2020 07:25;;18/07/2020 09:25;;09/01/2022 00:00;;false;false;;;false;false;;false;false;false;;;;;LedgerClerk;General Ledger Clerk;General Ledger Management;;;;
0;CHARRIS11;SAGE;CHARRIS11;Constance;HARRIS;Constance HARRIS;ID0000714;;;18/07/2020 07:25;;18/07/2020 09:25;;09/01/2022 00:00;;false;false;;;false;false;;false;false;false;;;;;IMClerk;Inventory Management Clerk;Inventory Management Management;;;;
0;CHARRIS11;SAGE;CHARRIS11;Constance;HARRIS;Constance HARRIS;ID0000714;;;18/07/2020 07:25;;18/07/2020 09:25;;09/01/2022 00:00;;false;false;;;false;false;;false;false;false;;;;;SOClerk;Sales Order Clerk;Sales Order Management;;;;
0;DTHOMAS10;SAGE;DTHOMAS10;Dana;THOMAS;Dana THOMAS;ID0000222;;;10/10/2007 13:29;26/07/2021 03:47;13/07/2021 09:52;;;;false;false;;;false;false;;false;false;false;;;;;Auditor;Auditor;Sage Audit;;;;
0;DTHOMAS10;SAGE;DTHOMAS10;Dana;THOMAS;Dana THOMAS;ID0000222;;;10/10/2007 13:29;26/07/2021 03:47;13/07/2021 09:52;;;;false;false;;;false;false;;false;false;false;;;;;BMClerk;Bill of Materials Clerk;Bill of Materials Management;;;;
0;DTHOMAS10;SAGE;DTHOMAS10;Dana;THOMAS;Dana THOMAS;ID0000222;;;10/10/2007 13:29;26/07/2021 03:47;13/07/2021 09:52;;;;false;false;;;false;false;;false;false;false;;;;;BRAdmin;Bank Reconciliation Admin;Bank Reconciliation Administration;;;;
0;DTHOMAS10;SAGE;DTHOMAS10;Dana;THOMAS;Dana THOMAS;ID0000222;;;10/10/2007 13:29;26/07/2021 03:47;13/07/2021 09:52;;;;false;false;;;false;false;;false;false;false;;;;;CustomerService;Customer Service;Customer Service;;;;
0;DTHOMAS10;SAGE;DTHOMAS10;Dana;THOMAS;Dana THOMAS;ID0000222;;;10/10/2007 13:29;26/07/2021 03:47;13/07/2021 09:52;;;;false;false;;;false;false;;false;false;false;;;;;Employee;Employee;Employee;;;;
0;DTHOMAS10;SAGE;DTHOMAS10;Dana;THOMAS;Dana THOMAS;ID0000222;;;10/10/2007 13:29;26/07/2021 03:47;13/07/2021 09:52;;;;false;false;;;false;false;;false;false;false;;;;;LedgerClerk;General Ledger Clerk;General Ledger Management;;;;
0;DTHOMAS10;SAGE;DTHOMAS10;Dana;THOMAS;Dana THOMAS;ID0000222;;;10/10/2007 13:29;26/07/2021 03:47;13/07/2021 09:52;;;;false;false;;;false;false;;false;false;false;;;;;IMAdmin;Inventory Management Admin;Inventory Management Administration;;;;
0;DTHOMAS10;SAGE;DTHOMAS10;Dana;THOMAS;Dana THOMAS;ID0000222;;;10/10/2007 13:29;26/07/2021 03:47;13/07/2021 09:52;;;;false;false;;;false;false;;false;false;false;;;;;SOClerk;Sales Order Clerk;Sales Order Management;;;;
0;EGRAY16;SAGE;EGRAY16;Elaine;GRAY;Elaine GRAY;ID0000872;;;14/05/2020 13:34;20/07/2021 09:31;14/05/2020 15:34;;;;false;false;;;false;false;;false;false;false;;;;;Auditor;Auditor;Sage Audit;;;;
0;EGRAY16;SAGE;EGRAY16;Elaine;GRAY;Elaine GRAY;ID0000872;;;14/05/2020 13:34;20/07/2021 09:31;14/05/2020 15:34;;;;false;false;;;false;false;;false;false;false;;;;;BMClerk;Bill of Materials Clerk;Bill of Materials Management;;;;
0;EGRAY16;SAGE;EGRAY16;Elaine;GRAY;Elaine GRAY;ID0000872;;;14/05/2020 13:34;20/07/2021 09:31;14/05/2020 15:34;;;;false;false;;;false;false;;false;false;false;;;;;BRAdmin;Bank Reconciliation Admin;Bank Reconciliation Administration;;;;
0;EGRAY16;SAGE;EGRAY16;Elaine;GRAY;Elaine GRAY;ID0000872;;;14/05/2020 13:34;20/07/2021 09:31;14/05/2020 15:34;;;;false;false;;;false;false;;false;false;false;;;;;CustomerService;Customer Service;Customer Service;;;;
0;EGRAY16;SAGE;EGRAY16;Elaine;GRAY;Elaine GRAY;ID0000872;;;14/05/2020 13:34;20/07/2021 09:31;14/05/2020 15:34;;;;false;false;;;false;false;;false;false;false;;;;;Employee;Employee;Employee;;;;
0;EGRAY16;SAGE;EGRAY16;Elaine;GRAY;Elaine GRAY;ID0000872;;;14/05/2020 13:34;20/07/2021 09:31;14/05/2020 15:34;;;;false;false;;;false;false;;false;false;false;;;;;LedgerClerk;General Ledger Clerk;General Ledger Management;;;;
0;EGRAY16;SAGE;EGRAY16;Elaine;GRAY;Elaine GRAY;ID0000872;;;14/05/2020 13:34;20/07/2021 09:31;14/05/2020 15:34;;;;false;false;;;false;false;;false;false;false;;;;;IMAdmin;Inventory Management Admin;Inventory Management Administration;;;;
0;EGRAY16;SAGE;EGRAY16;Elaine;GRAY;Elaine GRAY;ID0000872;;;14/05/2020 13:34;20/07/2021 09:31;14/05/2020 15:34;;;;false;false;;;false;false;;false;false;false;;;;;SOClerk;Sales Order Clerk;Sales Order Management;;;;
0;HLYONS11;SAGE;HLYONS11;Hannah;LYONS;Hannah LYONS;ID0000816;;;10/10/2007 13:29;26/07/2021 03:47;13/07/2021 09:52;;;;false;false;;;false;false;;false;false;false;;;;;APClerk;Accounts Payable Clerk;Accounts Payable Management;;;;
0;HLYONS11;SAGE;HLYONS11;Hannah;LYONS;Hannah LYONS;ID0000816;;;10/10/2007 13:29;26/07/2021 03:47;13/07/2021 09:52;;;;false;false;;;false;false;;false;false;false;;;;;ARClerk;Accounts Receivable Clerk;Accounts Receivable Management;;;;
0;HLYONS11;SAGE;HLYONS11;Hannah;LYONS;Hannah LYONS;ID0000816;;;10/10/2007 13:29;26/07/2021 03:47;13/07/2021 09:52;;;;false;false;;;false;false;;false;false;false;;;;;BMClerk;Bill of Materials Clerk;Bill of Materials Management;;;;
0;HLYONS11;SAGE;HLYONS11;Hannah;LYONS;Hannah LYONS;ID0000816;;;10/10/2007 13:29;26/07/2021 03:47;13/07/2021 09:52;;;;false;false;;;false;false;;false;false;false;;;;;CustomerService;Customer Service;Customer Service;;;;
0;HLYONS11;SAGE;HLYONS11;Hannah;LYONS;Hannah LYONS;ID0000816;;;10/10/2007 13:29;26/07/2021 03:47;13/07/2021 09:52;;;;false;false;;;false;false;;false;false;false;;;;;LedgerClerk;General Ledger Clerk;General Ledger Management;;;;
0;HLYONS11;SAGE;HLYONS11;Hannah;LYONS;Hannah LYONS;ID0000816;;;10/10/2007 13:29;26/07/2021 03:47;13/07/2021 09:52;;;;false;false;;;false;false;;false;false;false;;;;;IMClerk;Inventory Management Clerk;Inventory Management Management;;;;
0;HLYONS11;SAGE;HLYONS11;Hannah;LYONS;Hannah LYONS;ID0000816;;;10/10/2007 13:29;26/07/2021 03:47;13/07/2021 09:52;;;;false;false;;;false;false;;false;false;false;;;;;POClerk;Purchase Order Clerk;Purchase Order Management;;;;
0;HLYONS11;SAGE;HLYONS11;Hannah;LYONS;Hannah LYONS;ID0000816;;;10/10/2007 13:29;26/07/2021 03:47;13/07/2021 09:52;;;;false;false;;;false;false;;false;false;false;;;;;SOClerk;Sales Order Clerk;Sales Order Management;;;;
0;HSTEWART11;SAGE;HSTEWART11;Harriet;STEWART;Harriet STEWART;ID0000334;;;22/07/2020 12:11;27/07/2021 08:48;21/10/2020 14:13;;01/10/2022 00:00;;false;false;;;false;false;;false;false;false;;;;;APClerk;Accounts Payable Clerk;Accounts Payable Management;;;;
0;HSTEWART11;SAGE;HSTEWART11;Harriet;STEWART;Harriet STEWART;ID0000334;;;22/07/2020 12:11;27/07/2021 08:48;21/10/2020 14:13;;01/10/2022 00:00;;false;false;;;false;false;;false;false;false;;;;;ARClerk;Accounts Receivable Clerk;Accounts Receivable Management;;;;
0;HSTEWART11;SAGE;HSTEWART11;Harriet;STEWART;Harriet STEWART;ID0000334;;;22/07/2020 12:11;27/07/2021 08:48;21/10/2020 14:13;;01/10/2022 00:00;;false;false;;;false;false;;false;false;false;;;;;BMClerk;Bill of Materials Clerk;Bill of Materials Management;;;;
0;HSTEWART11;SAGE;HSTEWART11;Harriet;STEWART;Harriet STEWART;ID0000334;;;22/07/2020 12:11;27/07/2021 08:48;21/10/2020 14:13;;01/10/2022 00:00;;false;false;;;false;false;;false;false;false;;;;;CustomerService;Customer Service;Customer Service;;;;
0;HSTEWART11;SAGE;HSTEWART11;Harriet;STEWART;Harriet STEWART;ID0000334;;;22/07/2020 12:11;27/07/2021 08:48;21/10/2020 14:13;;01/10/2022 00:00;;false;false;;;false;false;;false;false;false;;;;;LedgerClerk;General Ledger Clerk;General Ledger Management;;;;
0;HSTEWART11;SAGE;HSTEWART11;Harriet;STEWART;Harriet STEWART;ID0000334;;;22/07/2020 12:11;27/07/2021 08:48;21/10/2020 14:13;;01/10/2022 00:00;;false;false;;;false;false;;false;false;false;;;;;IMClerk;Inventory Management Clerk;Inventory Management Management;;;;
0;HSTEWART11;SAGE;HSTEWART11;Harriet;STEWART;Harriet STEWART;ID0000334;;;22/07/2020 12:11;27/07/2021 08:48;21/10/2020 14:13;;01/10/2022 00:00;;false;false;;;false;false;;false;false;false;;;;;POClerk;Purchase Order Clerk;Purchase Order Management;;;;
0;HSTEWART11;SAGE;HSTEWART11;Harriet;STEWART;Harriet STEWART;ID0000334;;;22/07/2020 12:11;27/07/2021 08:48;21/10/2020 14:13;;01/10/2022 00:00;;false;false;;;false;false;;false;false;false;;;;;SOClerk;Sales Order Clerk;Sales Order Management;;;;
0;HVARGAS18;SAGE;HVARGAS18;Hazel;VARGAS;Hazel VARGAS;ID0000878;;;14/05/2020 13:34;20/07/2021 09:31;14/05/2020 15:34;;;;false;false;;;false;false;;false;false;false;;;;;Auditor;Auditor;Sage Audit;;;;
0;HVARGAS18;SAGE;HVARGAS18;Hazel;VARGAS;Hazel VARGAS;ID0000878;;;14/05/2020 13:34;20/07/2021 09:31;14/05/2020 15:34;;;;false;false;;;false;false;;false;false;false;;;;;CustomerService;Customer Service;Customer Service;;;;
0;HVARGAS18;SAGE;HVARGAS18;Hazel;VARGAS;Hazel VARGAS;ID0000878;;;14/05/2020 13:34;20/07/2021 09:31;14/05/2020 15:34;;;;false;false;;;false;false;;false;false;false;;;;;Employee;Employee;Employee;;;;
0;HVARGAS18;SAGE;HVARGAS18;Hazel;VARGAS;Hazel VARGAS;ID0000878;;;14/05/2020 13:34;20/07/2021 09:31;14/05/2020 15:34;;;;false;false;;;false;false;;false;false;false;;;;;LedgerClerk;General Ledger Clerk;General Ledger Management;;;;
0;HVARGAS18;SAGE;HVARGAS18;Hazel;VARGAS;Hazel VARGAS;ID0000878;;;14/05/2020 13:34;20/07/2021 09:31;14/05/2020 15:34;;;;false;false;;;false;false;;false;false;false;;;;;IMClerk;Inventory Management Clerk;Inventory Management Management;;;;
0;JFULLER17;SAGE;JFULLER17;Joanne;FULLER;Joanne FULLER;ID0000310;jfuller17@acme.com;;29/08/2020 14:38;26/05/2021 17:24;20/02/2021 14:57;;;;false;false;;;false;false;;false;false;false;;;;;Auditor;Auditor;Sage Audit;;;;
0;JFULLER17;SAGE;JFULLER17;Joanne;FULLER;Joanne FULLER;ID0000310;jfuller17@acme.com;;29/08/2020 14:38;26/05/2021 17:24;20/02/2021 14:57;;;;false;false;;;false;false;;false;false;false;;;;;CustomerService;Customer Service;Customer Service;;;;
0;JFULLER17;SAGE;JFULLER17;Joanne;FULLER;Joanne FULLER;ID0000310;jfuller17@acme.com;;29/08/2020 14:38;26/05/2021 17:24;20/02/2021 14:57;;;;false;false;;;false;false;;false;false;false;;;;;Employee;Employee;Employee;;;;
0;JFULLER17;SAGE;JFULLER17;Joanne;FULLER;Joanne FULLER;ID0000310;jfuller17@acme.com;;29/08/2020 14:38;26/05/2021 17:24;20/02/2021 14:57;;;;false;false;;;false;false;;false;false;false;;;;;LedgerClerk;General Ledger Clerk;General Ledger Management;;;;
0;JFULLER17;SAGE;JFULLER17;Joanne;FULLER;Joanne FULLER;ID0000310;jfuller17@acme.com;;29/08/2020 14:38;26/05/2021 17:24;20/02/2021 14:57;;;;false;false;;;false;false;;false;false;false;;;;;IMClerk;Inventory Management Clerk;Inventory Management Management;;;;
0;MTYLER16;SAGE;MTYLER16;Marcella;TYLER;Marcella TYLER;ID0000666;;;18/07/2020 07:25;;18/07/2020 09:25;;09/01/2022 00:00;;false;false;;;false;false;;false;false;false;;;;;Auditor;Auditor;Sage Audit;;;;
0;MTYLER16;SAGE;MTYLER16;Marcella;TYLER;Marcella TYLER;ID0000666;;;18/07/2020 07:25;;18/07/2020 09:25;;09/01/2022 00:00;;false;false;;;false;false;;false;false;false;;;;;BMClerk;Bill of Materials Clerk;Bill of Materials Management;;;;
0;MTYLER16;SAGE;MTYLER16;Marcella;TYLER;Marcella TYLER;ID0000666;;;18/07/2020 07:25;;18/07/2020 09:25;;09/01/2022 00:00;;false;false;;;false;false;;false;false;false;;;;;BRAdmin;Bank Reconciliation Admin;Bank Reconciliation Administration;;;;
0;MTYLER16;SAGE;MTYLER16;Marcella;TYLER;Marcella TYLER;ID0000666;;;18/07/2020 07:25;;18/07/2020 09:25;;09/01/2022 00:00;;false;false;;;false;false;;false;false;false;;;;;CustomerService;Customer Service;Customer Service;;;;
0;MTYLER16;SAGE;MTYLER16;Marcella;TYLER;Marcella TYLER;ID0000666;;;18/07/2020 07:25;;18/07/2020 09:25;;09/01/2022 00:00;;false;false;;;false;false;;false;false;false;;;;;Employee;Employee;Employee;;;;
0;MTYLER16;SAGE;MTYLER16;Marcella;TYLER;Marcella TYLER;ID0000666;;;18/07/2020 07:25;;18/07/2020 09:25;;09/01/2022 00:00;;false;false;;;false;false;;false;false;false;;;;;LedgerClerk;General Ledger Clerk;General Ledger Management;;;;
0;MTYLER16;SAGE;MTYLER16;Marcella;TYLER;Marcella TYLER;ID0000666;;;18/07/2020 07:25;;18/07/2020 09:25;;09/01/2022 00:00;;false;false;;;false;false;;false;false;false;;;;;IMAdmin;Inventory Management Admin;Inventory Management Administration;;;;
0;MTYLER16;SAGE;MTYLER16;Marcella;TYLER;Marcella TYLER;ID0000666;;;18/07/2020 07:25;;18/07/2020 09:25;;09/01/2022 00:00;;false;false;;;false;false;;false;false;false;;;;;SOClerk;Sales Order Clerk;Sales Order Management;;;;
0;MALVARAD20;SAGE;MALVARAD20;Marian;ALVARADO;Marian ALVARADO;ID0000744;;;22/07/2020 12:11;27/07/2021 08:48;21/10/2020 14:13;;01/10/2022 00:00;;false;false;;;false;false;;false;false;false;;;;;Auditor;Auditor;Sage Audit;;;;
0;MALVARAD20;SAGE;MALVARAD20;Marian;ALVARADO;Marian ALVARADO;ID0000744;;;22/07/2020 12:11;27/07/2021 08:48;21/10/2020 14:13;;01/10/2022 00:00;;false;false;;;false;false;;false;false;false;;;;;BMClerk;Bill of Materials Clerk;Bill of Materials Management;;;;
0;MALVARAD20;SAGE;MALVARAD20;Marian;ALVARADO;Marian ALVARADO;ID0000744;;;22/07/2020 12:11;27/07/2021 08:48;21/10/2020 14:13;;01/10/2022 00:00;;false;false;;;false;false;;false;false;false;;;;;BRAdmin;Bank Reconciliation Admin;Bank Reconciliation Administration;;;;
0;MALVARAD20;SAGE;MALVARAD20;Marian;ALVARADO;Marian ALVARADO;ID0000744;;;22/07/2020 12:11;27/07/2021 08:48;21/10/2020 14:13;;01/10/2022 00:00;;false;false;;;false;false;;false;false;false;;;;;CustomerService;Customer Service;Customer Service;;;;
0;MALVARAD20;SAGE;MALVARAD20;Marian;ALVARADO;Marian ALVARADO;ID0000744;;;22/07/2020 12:11;27/07/2021 08:48;21/10/2020 14:13;;01/10/2022 00:00;;false;false;;;false;false;;false;false;false;;;;;Employee;Employee;Employee;;;;
0;MALVARAD20;SAGE;MALVARAD20;Marian;ALVARADO;Marian ALVARADO;ID0000744;;;22/07/2020 12:11;27/07/2021 08:48;21/10/2020 14:13;;01/10/2022 00:00;;false;false;;;false;false;;false;false;false;;;;;LedgerClerk;General Ledger Clerk;General Ledger Management;;;;
0;MALVARAD20;SAGE;MALVARAD20;Marian;ALVARADO;Marian ALVARADO;ID0000744;;;22/07/2020 12:11;27/07/2021 08:48;21/10/2020 14:13;;01/10/2022 00:00;;false;false;;;false;false;;false;false;false;;;;;IMAdmin;Inventory Management Admin;Inventory Management Administration;;;;
0;MALVARAD20;SAGE;MALVARAD20;Marian;ALVARADO;Marian ALVARADO;ID0000744;;;22/07/2020 12:11;27/07/2021 08:48;21/10/2020 14:13;;01/10/2022 00:00;;false;false;;;false;false;;false;false;false;;;;;SOClerk;Sales Order Clerk;Sales Order Management;;;;
1;CN=SageAccountant,OU=SAGE,OU=Applications,OU=Group,DC=acmeb,DC=acme,DC=corp;ACMEB;SageAccountant;;;;;;;;;;;;;;;;;;;;;;;;;;;BRClerk;Bank Reconciliation Clerk;Bank Reconciliation Management;;;;
1;CN=SageAnalyst,OU=SAGE,OU=Applications,OU=Group,DC=acmeb,DC=acme,DC=corp;ACMEB;SageAnalyst;;;;;;;;;;;;;;;;;;;;;;;;;;;Auditor;Auditor;Sage Audit;;;;
1;CN=SageAnalyst,OU=SAGE,OU=Applications,OU=Group,DC=acmeb,DC=acme,DC=corp;ACMEB;SageAnalyst;;;;;;;;;;;;;;;;;;;;;;;;;;;CRMClerk;CRM Clerk;Customer Relationship Management;;;;
1;CN=SageAnalyst,OU=SAGE,OU=Applications,OU=Group,DC=acmeb,DC=acme,DC=corp;ACMEB;SageAnalyst;;;;;;;;;;;;;;;;;;;;;;;;;;;LedgerClerk;General Ledger Clerk;General Ledger Management;;;;
1;CN=SageAnalyst,OU=SAGE,OU=Applications,OU=Group,DC=acmeb,DC=acme,DC=corp;ACMEB;SageAnalyst;;;;;;;;;;;;;;;;;;;;;;;;;;;IMClerk;Inventory Management Clerk;Inventory Management Management;;;;
1;CN=SageCostAcc,OU=SAGE,OU=Applications,OU=Group,DC=acmeb,DC=acme,DC=corp;ACMEB;SageCostAcc;;;;;;;;;;;;;;;;;;;;;;;;;;;APClerk;Accounts Payable Clerk;Accounts Payable Management;;;;
1;CN=SageCostAcc,OU=SAGE,OU=Applications,OU=Group,DC=acmeb,DC=acme,DC=corp;ACMEB;SageCostAcc;;;;;;;;;;;;;;;;;;;;;;;;;;;BMClerk;Bill of Materials Clerk;Bill of Materials Management;;;;
1;CN=SageCostAcc,OU=SAGE,OU=Applications,OU=Group,DC=acmeb,DC=acme,DC=corp;ACMEB;SageCostAcc;;;;;;;;;;;;;;;;;;;;;;;;;;;Employee;Employee;Employee;;;;
1;CN=SageCostAcc,OU=SAGE,OU=Applications,OU=Group,DC=acmeb,DC=acme,DC=corp;ACMEB;SageCostAcc;;;;;;;;;;;;;;;;;;;;;;;;;;;LedgerClerk;General Ledger Clerk;General Ledger Management;;;;
1;CN=SageCostAcc,OU=SAGE,OU=Applications,OU=Group,DC=acmeb,DC=acme,DC=corp;ACMEB;SageCostAcc;;;;;;;;;;;;;;;;;;;;;;;;;;;IMClerk;Inventory Management Clerk;Inventory Management Management;;;;
1;CN=SageCostAcc,OU=SAGE,OU=Applications,OU=Group,DC=acmeb,DC=acme,DC=corp;ACMEB;SageCostAcc;;;;;;;;;;;;;;;;;;;;;;;;;;;PClerk;Payroll Clerk;Payroll Management;;;;
1;CN=SageCostAcc,OU=SAGE,OU=Applications,OU=Group,DC=acmeb,DC=acme,DC=corp;ACMEB;SageCostAcc;;;;;;;;;;;;;;;;;;;;;;;;;;;POClerk;Purchase Order Clerk;Purchase Order Management;;;;
1;CN=SageAccManager,OU=SAGE,OU=Applications,OU=Group,DC=acmeb,DC=acme,DC=corp;ACMEB;SageAccManager;;;;;;;;;;;;;;;;;;;;;;;;;;;CustomerService;Customer Service;Customer Service;;;;
1;CN=SageAccManager,OU=SAGE,OU=Applications,OU=Group,DC=acmeb,DC=acme,DC=corp;ACMEB;SageAccManager;;;;;;;;;;;;;;;;;;;;;;;;;;;LedgerAdmin;General Ledger Admin;General Ledger Administration;;;;
1;CN=SageAccManager,OU=SAGE,OU=Applications,OU=Group,DC=acmeb,DC=acme,DC=corp;ACMEB;SageAccManager;;;;;;;;;;;;;;;;;;;;;;;;;;;POAdmin;Purchase Order Admin;Purchase Order Administration;;;;
1;CN=SageAccManager,OU=SAGE,OU=Applications,OU=Group,DC=acmeb,DC=acme,DC=corp;ACMEB;SageAccManager;;;;;;;;;;;;;;;;;;;;;;;;;;;SOAdmin;Sales Order Admin;Sales Order Administration;;;;
1;CN=SageDirector,OU=SAGE,OU=Applications,OU=Group,DC=acmeb,DC=acme,DC=corp;ACMEB;SageDirector;;;;;;;;;;;;;;;;;;;;;;;;;;;APAdmin;Accounts Payable Admin;Accounts Payable Administration;;;;
1;CN=SageDirector,OU=SAGE,OU=Applications,OU=Group,DC=acmeb,DC=acme,DC=corp;ACMEB;SageDirector;;;;;;;;;;;;;;;;;;;;;;;;;;;ARAdmin;Accounts Receivable Admin;Accounts Receivable Administration;;;;
1;CN=SageDirector,OU=SAGE,OU=Applications,OU=Group,DC=acmeb,DC=acme,DC=corp;ACMEB;SageDirector;;;;;;;;;;;;;;;;;;;;;;;;;;;BMAdmin;Bill of Materials Admin;Bill of Materials Administration;;;;
1;CN=SageDirector,OU=SAGE,OU=Applications,OU=Group,DC=acmeb,DC=acme,DC=corp;ACMEB;SageDirector;;;;;;;;;;;;;;;;;;;;;;;;;;;BRAdmin;Bank Reconciliation Admin;Bank Reconciliation Administration;;;;
1;CN=SageDirector,OU=SAGE,OU=Applications,OU=Group,DC=acmeb,DC=acme,DC=corp;ACMEB;SageDirector;;;;;;;;;;;;;;;;;;;;;;;;;;;Employee;Employee;Employee;;;;
1;CN=SageDirector,OU=SAGE,OU=Applications,OU=Group,DC=acmeb,DC=acme,DC=corp;ACMEB;SageDirector;;;;;;;;;;;;;;;;;;;;;;;;;;;IMAdmin;Inventory Management Admin;Inventory Management Administration;;;;
1;CN=SageDirector,OU=SAGE,OU=Applications,OU=Group,DC=acmeb,DC=acme,DC=corp;ACMEB;SageDirector;;;;;;;;;;;;;;;;;;;;;;;;;;;PAdmin;Payroll Admin;Payroll Administration;;;;
1;CN=SageSvcManager,OU=SAGE,OU=Applications,OU=Group,DC=acmeb,DC=acme,DC=corp;ACMEB;SageSvcManager;;;;;;;;;;;;;;;;;;;;;;;;;;;ARClerk;Accounts Receivable Clerk;Accounts Receivable Management;;;;
1;CN=SageSvcManager,OU=SAGE,OU=Applications,OU=Group,DC=acmeb,DC=acme,DC=corp;ACMEB;SageSvcManager;;;;;;;;;;;;;;;;;;;;;;;;;;;CustomerService;Customer Service;Customer Service;;;;
1;CN=SageSvcManager,OU=SAGE,OU=Applications,OU=Group,DC=acmeb,DC=acme,DC=corp;ACMEB;SageSvcManager;;;;;;;;;;;;;;;;;;;;;;;;;;;SOClerk;Sales Order Clerk;Sales Order Management;;;;
1;CN=PayrollAccountant,OU=SAGE,OU=Applications,OU=Group,DC=acmeb,DC=acme,DC=corp;ACMEB;PayrollAccountant;;;;;;;;;;;;;;;;;;;;;;;;;;;BRClerk;Bank Reconciliation Clerk;Bank Reconciliation Management;;;;
1;CN=PayrollAccountant,OU=SAGE,OU=Applications,OU=Group,DC=acmeb,DC=acme,DC=corp;ACMEB;PayrollAccountant;;;;;;;;;;;;;;;;;;;;;;;;;;;Employee;Employee;Employee;;;;
1;CN=PayrollAccountant,OU=SAGE,OU=Applications,OU=Group,DC=acmeb,DC=acme,DC=corp;ACMEB;PayrollAccountant;;;;;;;;;;;;;;;;;;;;;;;;;;;PAdmin;Payroll Admin;Payroll Administration;;;;
1;CN=FundsManagement,OU=SAGE,OU=Applications,OU=Group,DC=acmeb,DC=acme,DC=corp;ACMEB;FundsManagement;;;;;;;;;;;;;;;;;;;;;;;;;;;Auditor;Auditor;Sage Audit;;;;
1;CN=FundsManagement,OU=SAGE,OU=Applications,OU=Group,DC=acmeb,DC=acme,DC=corp;ACMEB;FundsManagement;;;;;;;;;;;;;;;;;;;;;;;;;;;CustomerService;Customer Service;Customer Service;;;;
1;CN=FundsManagement,OU=SAGE,OU=Applications,OU=Group,DC=acmeb,DC=acme,DC=corp;ACMEB;FundsManagement;;;;;;;;;;;;;;;;;;;;;;;;;;;Employee;Employee;Employee;;;;
1;CN=FundsManagement,OU=SAGE,OU=Applications,OU=Group,DC=acmeb,DC=acme,DC=corp;ACMEB;FundsManagement;;;;;;;;;;;;;;;;;;;;;;;;;;;LedgerClerk;General Ledger Clerk;General Ledger Management;;;;
1;CN=FundsManagement,OU=SAGE,OU=Applications,OU=Group,DC=acmeb,DC=acme,DC=corp;ACMEB;FundsManagement;;;;;;;;;;;;;;;;;;;;;;;;;;;SOClerk;Sales Order Clerk;Sales Order Management;;;;
1;CN=TreasuryOperations,OU=SAGE,OU=Applications,OU=Group,DC=acmeb,DC=acme,DC=corp;ACMEB;TreasuryOperations;;;;;;;;;;;;;;;;;;;;;;;;;;;BMClerk;Bill of Materials Clerk;Bill of Materials Management;;;;
1;CN=TreasuryOperations,OU=SAGE,OU=Applications,OU=Group,DC=acmeb,DC=acme,DC=corp;ACMEB;TreasuryOperations;;;;;;;;;;;;;;;;;;;;;;;;;;;BRAdmin;Bank Reconciliation Admin;Bank Reconciliation Administration;;;;
1;CN=TreasuryOperations,OU=SAGE,OU=Applications,OU=Group,DC=acmeb,DC=acme,DC=corp;ACMEB;TreasuryOperations;;;;;;;;;;;;;;;;;;;;;;;;;;;IMAdmin;Inventory Management Admin;Inventory Management Administration;;;;
1;CN=SageAccount,OU=SAGE,OU=Applications,OU=Group,DC=acmeb,DC=acme,DC=corp;ACMEB;SageAccount;;;;;;;;;;;;;;;;;;;;;;;;;;;APAdmin;Accounts Payable Admin;Accounts Payable Administration;;;;
1;CN=SageAccount,OU=SAGE,OU=Applications,OU=Group,DC=acmeb,DC=acme,DC=corp;ACMEB;SageAccount;;;;;;;;;;;;;;;;;;;;;;;;;;;ARAdmin;Accounts Receivable Admin;Accounts Receivable Administration;;;;
1;CN=FundDirector,OU=SAGE,OU=Applications,OU=Group,DC=acmeb,DC=acme,DC=corp;ACMEB;FundDirector;;;;;;;;;;;;;;;;;;;;;;;;;;;BMAdmin;Bill of Materials Admin;Bill of Materials Administration;;;;
1;CN=FundDirector,OU=SAGE,OU=Applications,OU=Group,DC=acmeb,DC=acme,DC=corp;ACMEB;FundDirector;;;;;;;;;;;;;;;;;;;;;;;;;;;BRAdmin;Bank Reconciliation Admin;Bank Reconciliation Administration;;;;
1;CN=FundDirector,OU=SAGE,OU=Applications,OU=Group,DC=acmeb,DC=acme,DC=corp;ACMEB;FundDirector;;;;;;;;;;;;;;;;;;;;;;;;;;;IMAdmin;Inventory Management Admin;Inventory Management Administration;;;;
1;CN=PaymentAnalyst,OU=SAGE,OU=Applications,OU=Group,DC=acmeb,DC=acme,DC=corp;ACMEB;PaymentAnalyst;;;;;;;;;;;;;;;;;;;;;;;;;;;APClerk;Accounts Payable Clerk;Accounts Payable Management;;;;
1;CN=PaymentAnalyst,OU=SAGE,OU=Applications,OU=Group,DC=acmeb,DC=acme,DC=corp;ACMEB;PaymentAnalyst;;;;;;;;;;;;;;;;;;;;;;;;;;;BMClerk;Bill of Materials Clerk;Bill of Materials Management;;;;
1;CN=PaymentAnalyst,OU=SAGE,OU=Applications,OU=Group,DC=acmeb,DC=acme,DC=corp;ACMEB;PaymentAnalyst;;;;;;;;;;;;;;;;;;;;;;;;;;;IMClerk;Inventory Management Clerk;Inventory Management Management;;;;
1;CN=PurchaseManager,OU=SAGE,OU=Applications,OU=Group,DC=acmeb,DC=acme,DC=corp;ACMEB;PurchaseManager;;;;;;;;;;;;;;;;;;;;;;;;;;;APClerk;Accounts Payable Clerk;Accounts Payable Management;;;;
1;CN=PurchaseManager,OU=SAGE,OU=Applications,OU=Group,DC=acmeb,DC=acme,DC=corp;ACMEB;PurchaseManager;;;;;;;;;;;;;;;;;;;;;;;;;;;ARClerk;Accounts Receivable Clerk;Accounts Receivable Management;;;;
1;CN=PurchaseManager,OU=SAGE,OU=Applications,OU=Group,DC=acmeb,DC=acme,DC=corp;ACMEB;PurchaseManager;;;;;;;;;;;;;;;;;;;;;;;;;;;BMClerk;Bill of Materials Clerk;Bill of Materials Management;;;;
1;CN=PurchaseManager,OU=SAGE,OU=Applications,OU=Group,DC=acmeb,DC=acme,DC=corp;ACMEB;PurchaseManager;;;;;;;;;;;;;;;;;;;;;;;;;;;IMClerk;Inventory Management Clerk;Inventory Management Management;;;;
1;CN=PurchaseManager,OU=SAGE,OU=Applications,OU=Group,DC=acmeb,DC=acme,DC=corp;ACMEB;PurchaseManager;;;;;;;;;;;;;;;;;;;;;;;;;;;POClerk;Purchase Order Clerk;Purchase Order Management;;;;
1;CN=HeadPurchasing,OU=SAGE,OU=Applications,OU=Group,DC=acmeb,DC=acme,DC=corp;ACMEB;HeadPurchasing;;;;;;;;;;;;;;;;;;;;;;;;;;;APAdmin;Accounts Payable Admin;Accounts Payable Administration;;;;
1;CN=HeadPurchasing,OU=SAGE,OU=Applications,OU=Group,DC=acmeb,DC=acme,DC=corp;ACMEB;HeadPurchasing;;;;;;;;;;;;;;;;;;;;;;;;;;;ARAdmin;Accounts Receivable Admin;Accounts Receivable Administration;;;;
1;CN=HeadPurchasing,OU=SAGE,OU=Applications,OU=Group,DC=acmeb,DC=acme,DC=corp;ACMEB;HeadPurchasing;;;;;;;;;;;;;;;;;;;;;;;;;;;BMAdmin;Bill of Materials Admin;Bill of Materials Administration;;;;
1;CN=HeadPurchasing,OU=SAGE,OU=Applications,OU=Group,DC=acmeb,DC=acme,DC=corp;ACMEB;HeadPurchasing;;;;;;;;;;;;;;;;;;;;;;;;;;;IMAdmin;Inventory Management Admin;Inventory Management Administration;;;;
1;CN=HeadPurchasing,OU=SAGE,OU=Applications,OU=Group,DC=acmeb,DC=acme,DC=corp;ACMEB;HeadPurchasing;;;;;;;;;;;;;;;;;;;;;;;;;;;POAdmin;Purchase Order Admin;Purchase Order Administration;;;;
1;CN=SageTaxes,OU=SAGE,OU=Applications,OU=Group,DC=acmeb,DC=acme,DC=corp;ACMEB;SageTaxes;;;;;;;;;;;;;;;;;;;;;;;;;;;APClerk;Accounts Payable Clerk;Accounts Payable Management;;;;
1;CN=SageTaxes,OU=SAGE,OU=Applications,OU=Group,DC=acmeb,DC=acme,DC=corp;ACMEB;SageTaxes;;;;;;;;;;;;;;;;;;;;;;;;;;;ARClerk;Accounts Receivable Clerk;Accounts Receivable Management;;;;
1;CN=SageTaxes,OU=SAGE,OU=Applications,OU=Group,DC=acmeb,DC=acme,DC=corp;ACMEB;SageTaxes;;;;;;;;;;;;;;;;;;;;;;;;;;;Auditor;Auditor;Sage Audit;;;;
1;CN=SageTaxes,OU=SAGE,OU=Applications,OU=Group,DC=acmeb,DC=acme,DC=corp;ACMEB;SageTaxes;;;;;;;;;;;;;;;;;;;;;;;;;;;BMClerk;Bill of Materials Clerk;Bill of Materials Management;;;;
1;CN=SageTaxes,OU=SAGE,OU=Applications,OU=Group,DC=acmeb,DC=acme,DC=corp;ACMEB;SageTaxes;;;;;;;;;;;;;;;;;;;;;;;;;;;PClerk;Payroll Clerk;Payroll Management;;;;
1;CN=SageTaxes,OU=SAGE,OU=Applications,OU=Group,DC=acmeb,DC=acme,DC=corp;ACMEB;SageTaxes;;;;;;;;;;;;;;;;;;;;;;;;;;;POClerk;Purchase Order Clerk;Purchase Order Management;;;;
1;CN=SageTaxes,OU=SAGE,OU=Applications,OU=Group,DC=acmeb,DC=acme,DC=corp;ACMEB;SageTaxes;;;;;;;;;;;;;;;;;;;;;;;;;;;SOClerk;Sales Order Clerk;Sales Order Management;;;;
1;CN=SageLitigation,OU=SAGE,OU=Applications,OU=Group,DC=acmeb,DC=acme,DC=corp;ACMEB;SageLitigation;;;;;;;;;;;;;;;;;;;;;;;;;;;Auditor;Auditor;Sage Audit;;;;
1;CN=SageLitigation,OU=SAGE,OU=Applications,OU=Group,DC=acmeb,DC=acme,DC=corp;ACMEB;SageLitigation;;;;;;;;;;;;;;;;;;;;;;;;;;;CustomerService;Customer Service;Customer Service;;;;
1;CN=SageLegal,OU=SAGE,OU=Applications,OU=Group,DC=acmeb,DC=acme,DC=corp;ACMEB;SageLegal;;;;;;;;;;;;;;;;;;;;;;;;;;;BMClerk;Bill of Materials Clerk;Bill of Materials Management;;;;
1;CN=SageLegal,OU=SAGE,OU=Applications,OU=Group,DC=acmeb,DC=acme,DC=corp;ACMEB;SageLegal;;;;;;;;;;;;;;;;;;;;;;;;;;;CRMClerk;CRM Clerk;Customer Relationship Management;;;;
1;CN=SageLegal,OU=SAGE,OU=Applications,OU=Group,DC=acmeb,DC=acme,DC=corp;ACMEB;SageLegal;;;;;;;;;;;;;;;;;;;;;;;;;;;POClerk;Purchase Order Clerk;Purchase Order Management;;;;
1;CN=SageLegal,OU=SAGE,OU=Applications,OU=Group,DC=acmeb,DC=acme,DC=corp;ACMEB;SageLegal;;;;;;;;;;;;;;;;;;;;;;;;;;;SOClerk;Sales Order Clerk;Sales Order Management;;;;
1;CN=SageLegalDir,OU=SAGE,OU=Applications,OU=Group,DC=acmeb,DC=acme,DC=corp;ACMEB;SageLegalDir;;;;;;;;;;;;;;;;;;;;;;;;;;;PClerk;Payroll Clerk;Payroll Management;;;;
1;CN=PayrollCons,OU=SAGE,OU=Applications,OU=Group,DC=acmeb,DC=acme,DC=corp;ACMEB;PayrollCons;;;;;;;;;;;;;;;;;;;;;;;;;;;PClerk;Payroll Clerk;Payroll Management;;;;
1;CN=PayrollCons,OU=SAGE,OU=Applications,OU=Group,DC=acmeb,DC=acme,DC=corp;ACMEB;PayrollCons;;;;;;;;;;;;;;;;;;;;;;;;;;;BRClerk;Bank Reconciliation Clerk;Bank Reconciliation Management;;;;
1;CN=PayrollCons,OU=SAGE,OU=Applications,OU=Group,DC=acmeb,DC=acme,DC=corp;ACMEB;PayrollCons;;;;;;;;;;;;;;;;;;;;;;;;;;;Employee;Employee;Employee;;;;
1;CN=SageCashManagement,OU=SAGE,OU=Applications,OU=Group,DC=acmeb,DC=acme,DC=corp;ACMEB;SageCashManagement;;;;;;;;;;;;;;;;;;;;;;;;;;;LedgerClerk;General Ledger Clerk;General Ledger Management;;;;
1;CN=SageFinancialDiv,OU=SAGE,OU=Applications,OU=Group,DC=acmeb,DC=acme,DC=corp;ACMEB;SageFinancialDiv;;;;;;;;;;;;;;;;;;;;;;;;;;;Admin;Administrator;Administrator;;;;
1;CN=FPandA,OU=SAGE,OU=Applications,OU=Group,DC=acmeb,DC=acme,DC=corp;ACMEB;FPandA;;;;;;;;;;;;;;;;;;;;;;;;;;;Auditor;Auditor;Sage Audit;;;;
1;CN=FPandA,OU=SAGE,OU=Applications,OU=Group,DC=acmeb,DC=acme,DC=corp;ACMEB;FPandA;;;;;;;;;;;;;;;;;;;;;;;;;;;CustomerService;Customer Service;Customer Service;;;;
1;CN=FPandA,OU=SAGE,OU=Applications,OU=Group,DC=acmeb,DC=acme,DC=corp;ACMEB;FPandA;;;;;;;;;;;;;;;;;;;;;;;;;;;Employee;Employee;Employee;;;;
1;CN=FPandA,OU=SAGE,OU=Applications,OU=Group,DC=acmeb,DC=acme,DC=corp;ACMEB;FPandA;;;;;;;;;;;;;;;;;;;;;;;;;;;LedgerClerk;General Ledger Clerk;General Ledger Management;;;;
1;CN=FPandA,OU=SAGE,OU=Applications,OU=Group,DC=acmeb,DC=acme,DC=corp;ACMEB;FPandA;;;;;;;;;;;;;;;;;;;;;;;;;;;IMClerk;Inventory Management Clerk;Inventory Management Management;;;;
1;CN=SageInternalAuditor,OU=SAGE,OU=Applications,OU=Group,DC=acmeb,DC=acme,DC=corp;ACMEB;SageInternalAuditor;;;;;;;;;;;;;;;;;;;;;;;;;;;Auditor;Auditor;Sage Audit;;;;
