{"active":true,"schemas":["urn:ietf:params:scim:schemas:core:2.0:ResourceType"],"id":"f48bbf07-b271-425a-8dea-58240afb1dab","name":"GlobalProfile","description":"Auto-generated Resource Type for /globalprofile","endpoint":"globalprofile","schema":"urn:ietf:params:scim:schemas:core:2.0:globalprofile","scimMapping":{"mail":"mail","teletexTerminalIdentifier":"teletexTerminalIdentifier","postalCode":"postalCode","x500uniqueIdentifier":"x500uniqueIdentifier","carLicense":"carLicense","telexNumber":"telexNumber","employeeNumber":"employeeNumber","postOfficeBox":"postOfficeBox","registeredAddress":"registeredAddress","pager":"pager","x121Address":"x121Address","jpegPhoto":"jpegPhoto","labeledURI":"labeledURI","physicalDeliveryOfficeName":"physicalDeliveryOfficeName","userSMimeCertificate":"userSMimeCertificate","initials":"initials","givenName":"givenName","homePhone":"homePhone","destinationIndicator":"destinationIndicator","userCertificate":"userCertificate","postalAddress":"postalAddress","internationaliSDNNumber":"internationaliSDNNumber","departmentNumber":"departmentNumber","preferredLanguage":"preferredLanguage","roomNumber":"roomNumber","telephoneNumber":"telephoneNumber","displayName":"displayName","description":"description","title":"title","seeAlso":"seeAlso","uid":"uid","secretary":"secretary","street":"street","audio":"audio","sn":"sn","st":"st","manager":"manager","ou":"ou","mobile":"mobile","photo":"photo","facsimileTelephoneNumber":"facsimileTelephoneNumber","cn":"cn","l":"l","homePostalAddress":"homePostalAddress","o":"o","employeeType":"employeeType","preferredDeliveryMethod":"preferredDeliveryMethod","businessCategory":"businessCategory","userPKCS12":"userPKCS12"},"objectClass":"inetOrgPerson","countLimit":500,"baseDn":"o=GlobalProfile","meta":{"lastModified":"2024-08-28T20:39:11.781Z","created":"2024-08-28T20:39:11.597Z","version":"W/\"af22426a\"","resourceType":"ResourceType"}}