<?xml version="1.0" encoding="UTF-8" ?>
<xml>
<xsd:schema xmlns:xsd="http://www.w3.org/2001/XMLSchema" xmlns:sql="http://www.radiantlogic.com/schemas" >
<xsd:annotation>
<xsd:documentation xml:lang="en">This schema is generated by RadiantLogic XML tool.</xsd:documentation>
</xsd:annotation>
<xsd:element name="wrap" type="wrapType" />
<xsd:complexType name="wrapType">
<xsd:sequence>
<xsd:element name="record" type="recordType" minOccurs="0" maxOccurs="unbounded" />
</xsd:sequence>
</xsd:complexType>
<xsd:complexType name="recordType">
<xsd:sequence>
<xsd:element name="agent_mappings" type="xsd:string" />
<xsd:element name="DBMSName" sql:field="DBMS Name" type="xsd:string" />
<xsd:element name="agent_id" type="xsd:string" />
<xsd:element name="pageresultcontrol" type="xsd:string" />
<xsd:element name="active" type="xsd:string" />
<xsd:element name="errorCode" type="xsd:string" />
<xsd:element name="failoverurl" type="xsd:string" />
<xsd:element name="label" type="xsd:string" />
<xsd:element name="kerberos" type="xsd:string" />
<xsd:element name="ssl" type="xsd:string" />
<xsd:element name="data_source" type="xsd:string" />
<xsd:element name="binddn" type="xsd:string" />
<xsd:element name="disablereferalchasing" type="xsd:string" />
<xsd:element name="bindpw" type="xsd:string" />
<xsd:element name="pagesize" type="xsd:string" />
<xsd:element name="ldapurl" type="xsd:string" />
<xsd:element name="id" type="xsd:string" />
<xsd:element name="basedn" type="xsd:string" />
<xsd:element name="verifyhostname" type="xsd:string" />
<xsd:element name="errorcode" type="xsd:string" />
<xsd:element name="status" type="xsd:string" />
</xsd:sequence>
<xsd:attribute name="recordID" type="xsd:string" />
</xsd:complexType>
</xsd:schema>
<wrap>
<record recordID="1">
<DBMSName>{AES}50tK0XWQBvwpqopavH5lBrhZfK81AgU8s9kb7zJmbC3FNoLRO3RTYSULl1VNmWfKgb|IaEVT/</DBMSName>
<active>true</active>
<agent_id>fa608d89-fa1c-4d94-b550-e31e563be7b1</agent_id>
<agent_mappings>{&quot;r1tunnel.duploservices-rli-use2-svc.svc.cluster.local:5029&quot;:{&quot;host&quot;:&quot;acme.corp&quot;,&quot;port&quot;:389}}</agent_mappings>
<basedn>{AES}l2a0YIkiCIYIlpPnlJAAqOii/1rCph/A7Q+GIovMxfaiMztpWsfV|lekoh6pj/0Xk/VvtXyr/</basedn>
<binddn>{AES}ws8Otphwa3HCVzjQWluEkHkH6CBgmh1y8Cw4egt7HVLLIYVGLp5u0157jOaSlAMzYrd0X6T5+T1|juS6CCY4x43GGX5Zu/w==</binddn>
<bindpw>{AES}b377iGgDrl0KV8uiVjMGUbFfI|dgxDNkrq71dU6ytcMAdSdp0DLZNzm/BAzLHDQ362eDwoUX/</bindpw>
<data_source>LDAP</data_source>
<disablereferalchasing>true</disablereferalchasing>
<errorCode>0</errorCode>
<errorcode>0</errorcode>
<failoverurl>{AES}tTmIvx+mEjgDoEHdRRCltk17ZQP0f6gQwlqsGeaO|63DgRi+MZd7hwyh4grruhKTYhS3SThn/</failoverurl>
<id>acme</id>
<kerberos>false</kerberos>
<label>acme</label>
<ldapurl>{AES}fnP8ShSiMLv0SPOKrbM7S83sYeVeW6k3MJFNwv/v0aCWbcr2YFrMoTfaL+nA6bsvjGTRMsx0c52YnW1+RkAKVTkywROpQuS9oBBHWEN/QeKzYpub7JKOPzvi6I4YD0ZpLqWxjD/6JU7m4D552i|5uiatdI8gUu4m9bjckmrC1vGcHUz9TI/8=</ldapurl>
<pageresultcontrol>true</pageresultcontrol>
<pagesize>500</pagesize>
<ssl>false</ssl>
<status>OK</status>
<verifyhostname>false</verifyhostname>
</record>
</wrap>
</xml>