<?xml version="1.0" encoding="UTF-8" ?>
<xml>
<xsd:schema xmlns:xsd="http://www.w3.org/2001/XMLSchema" xmlns:sql="http://www.radiantlogic.com/schemas" >
<xsd:annotation>
<xsd:documentation xml:lang="en">This schema is generated by RadiantLogic XML tool.</xsd:documentation>
</xsd:annotation>
<xsd:element name="wrap" type="wrapType" />
<xsd:complexType name="wrapType">
<xsd:sequence>
<xsd:element name="record" type="recordType" minOccurs="0" maxOccurs="unbounded" />
</xsd:sequence>
</xsd:complexType>
<xsd:complexType name="recordType">
<xsd:sequence>
<xsd:element name="agent_mappings" type="xsd:string" />
<xsd:element name="DBMSName" sql:field="DBMS Name" type="xsd:string" />
<xsd:element name="agent_id" type="xsd:string" />
<xsd:element name="pageresultcontrol" type="xsd:string" />
<xsd:element name="active" type="xsd:string" />
<xsd:element name="errorCode" type="xsd:string" />
<xsd:element name="failoverurl" type="xsd:string" />
<xsd:element name="label" type="xsd:string" />
<xsd:element name="kerberos" type="xsd:string" />
<xsd:element name="ssl" type="xsd:string" />
<xsd:element name="data_source" type="xsd:string" />
<xsd:element name="binddn" type="xsd:string" />
<xsd:element name="disablereferalchasing" type="xsd:string" />
<xsd:element name="bindpw" type="xsd:string" />
<xsd:element name="pagesize" type="xsd:string" />
<xsd:element name="ldapurl" type="xsd:string" />
<xsd:element name="id" type="xsd:string" />
<xsd:element name="basedn" type="xsd:string" />
<xsd:element name="verifyhostname" type="xsd:string" />
<xsd:element name="errorcode" type="xsd:string" />
<xsd:element name="status" type="xsd:string" />
</xsd:sequence>
<xsd:attribute name="recordID" type="xsd:string" />
</xsd:complexType>
</xsd:schema>
<wrap>
<record recordID="1">
<DBMSName>{AES}i1MPMgiQB0UQ5ikV7T5qkG/pt+AzanFoP8zzcvnJZ|Z38aq2mv8L20ZFn5kfMHYCzjn6VOXn/</DBMSName>
<active>true</active>
<agent_id>fa608d89-fa1c-4d94-b550-e31e563be7b1</agent_id>
<agent_mappings>{&quot;r1tunnel.duploservices-rli-use2-svc.svc.cluster.local:5030&quot;:{&quot;host&quot;:&quot;acmeb.corp&quot;,&quot;port&quot;:389}}</agent_mappings>
<basedn>{AES}7vJmgWpkRmv25hxef+uX/V5jGK/p+xZ1KJpyEBA6on9o|u22LGUvuk8aKDo2QCuzOOIMVH9Fq7w0XeP/05nfcqVgP/DwC/w==</basedn>
<binddn>{AES}fbuSnaUdXQ/hGPHlI329r9lZ|/B9u+exB+u61WjkPtkbrAgb781V4Hh3xK7u4Ix4RSdXbEXRXPUA23A1LmB2mztGTZn1Z/w==</binddn>
<bindpw>{AES}la+ZQdw5GPwJDbJA/5uLEpmsHNFn28g+eeWSmhAcYMkSm6v43K7|SX3V+NJzr4HF8FASsVRn/</bindpw>
<data_source>LDAP</data_source>
<disablereferalchasing>true</disablereferalchasing>
<errorCode>0</errorCode>
<errorcode>0</errorcode>
<failoverurl>{AES}8c2ab5|jCsPeb2GlpeGh2/kByeFEwHhp+2ZiRdG9cZkC6YJNrIL6TnO0qHHzezZk8MPNtPWP/</failoverurl>
<id>acmeb</id>
<kerberos>false</kerberos>
<label>acmeb</label>
<ldapurl>{AES}fmZ6nQGkTC1YZNX0QgFYk71VEdvc9yG3jvaURGlCTb9YVN1OzBPDXVm9PuD7T/nMm3trJ5gk6ZHi093dvo7W3FCTjOeTzMo4DnaWMmcSUA+b1PF/Gk0KnfvGNc|eRzzY8mtG1Rqb/rywmNovw1ozr/Znp+/3p3OrVdHwhtT8rkFUOd24IAP8=</ldapurl>
<pageresultcontrol>true</pageresultcontrol>
<pagesize>500</pagesize>
<ssl>false</ssl>
<status>OK</status>
<verifyhostname>false</verifyhostname>
</record>
</wrap>
</xml>