<?xml version="1.0" encoding="UTF-8" ?>
<xml>
<xsd:schema xmlns:xsd="http://www.w3.org/2001/XMLSchema" xmlns:sql="http://www.radiantlogic.com/schemas" >
<xsd:annotation>
<xsd:documentation xml:lang="en">This schema is generated by RadiantLogic XML tool.</xsd:documentation>
</xsd:annotation>
<xsd:element name="wrap" type="wrapType" />
<xsd:complexType name="wrapType">
<xsd:sequence>
<xsd:element name="record" type="recordType" minOccurs="0" maxOccurs="unbounded" />
</xsd:sequence>
</xsd:complexType>
<xsd:complexType name="recordType">
<xsd:sequence>
<xsd:element name="agent_mappings" type="xsd:string" />
<xsd:element name="DBMSName" sql:field="DBMS Name" type="xsd:string" />
<xsd:element name="agent_id" type="xsd:string" />
<xsd:element name="pageresultcontrol" type="xsd:string" />
<xsd:element name="active" type="xsd:string" />
<xsd:element name="errorCode" type="xsd:string" />
<xsd:element name="failoverurl" type="xsd:string" />
<xsd:element name="label" type="xsd:string" />
<xsd:element name="kerberos" type="xsd:string" />
<xsd:element name="ssl" type="xsd:string" />
<xsd:element name="data_source" type="xsd:string" />
<xsd:element name="binddn" type="xsd:string" />
<xsd:element name="disablereferalchasing" type="xsd:string" />
<xsd:element name="bindpw" type="xsd:string" />
<xsd:element name="pagesize" type="xsd:string" />
<xsd:element name="ldapurl" type="xsd:string" />
<xsd:element name="id" type="xsd:string" />
<xsd:element name="basedn" type="xsd:string" />
<xsd:element name="verifyhostname" type="xsd:string" />
<xsd:element name="errorcode" type="xsd:string" />
<xsd:element name="status" type="xsd:string" />
</xsd:sequence>
<xsd:attribute name="recordID" type="xsd:string" />
</xsd:complexType>
</xsd:schema>
<wrap>
<record recordID="1">
<DBMSName>{AES}xHJdiYBeDSp9+qGAAmEj4BHTSW7npZyeJpdpknj/t4gZKmXfDCh/Np4yvMj|C4+gfmlM0cF3/</DBMSName>
<active>true</active>
<agent_id>fa608d89-fa1c-4d94-b550-e31e563be7b1</agent_id>
<agent_mappings>{&quot;r1tunnel.duploservices-rli-use2-svc.svc.cluster.local:5031&quot;:{&quot;host&quot;:&quot;acmeprd.corp&quot;,&quot;port&quot;:389}}</agent_mappings>
<basedn>{AES}ts/KPTuZK/Oi+qWtMtrPHsSXTo0QjupD1WQnwoIh/2xl152ILF0SvdRf4ae1erpkalOQpWbN7G66mkrncYHbNkBFf|ngV/w==</basedn>
<binddn>{AES}cD4lwU4SBiR1e82ZQBX1xco4qaI7qTX0VwqZcqZWPQrN9x8D6HaBob5R8NI6ME4hr0xL+ncz0WfHWPUUxmbOR|lTBtakZ/w==</binddn>
<bindpw>{AES}AsRARJ8+59MM+IjTwkz82o9GiJZNGyxYYgCtfd|oIw6VewDw+NaXGhuWY1FhCQJr1sMPXIhL/</bindpw>
<data_source>LDAP</data_source>
<disablereferalchasing>true</disablereferalchasing>
<errorCode>0</errorCode>
<errorcode>0</errorcode>
<failoverurl>{AES}Hm|6glr3SgychFYwERt/R/UHhpbPWvOecoi0YsrBLRU9YIchrfjDJpGck6qdcsL/3B0KP5UT/</failoverurl>
<id>acmeprd</id>
<kerberos>false</kerberos>
<label>acmeprd</label>
<ldapurl>{AES}MZXYWohpep5HNhRwNOzjP1j7Y3skYzqjKicBl3ca|Spfxn2vOTJl1E5jq12o8v1L+dkBGsNUrSHkMmrDJMRaHcZVlc3WJJCz6W41agB23JDZEcCEvYnRTUOyN3gvenXwx5ziqdfTd7Dd4P2rw5KRGsibgYpHuj31rtpBb47csK1FTtuWkGP8=</ldapurl>
<pageresultcontrol>true</pageresultcontrol>
<pagesize>500</pagesize>
<ssl>false</ssl>
<status>OK</status>
<verifyhostname>false</verifyhostname>
</record>
</wrap>
</xml>