<?xml version="1.0" encoding="UTF-8" ?>
<xml>
<xsd:schema xmlns:xsd="http://www.w3.org/2001/XMLSchema" xmlns:sql="http://www.radiantlogic.com/schemas" >
<xsd:annotation>
<xsd:documentation xml:lang="en">This schema is generated by RadiantLogic XML tool.</xsd:documentation>
</xsd:annotation>
<xsd:element name="wrap" type="wrapType" />
<xsd:complexType name="wrapType">
<xsd:sequence>
<xsd:element name="record" type="recordType" minOccurs="0" maxOccurs="unbounded" />
</xsd:sequence>
</xsd:complexType>
<xsd:complexType name="recordType">
<xsd:sequence>
<xsd:element name="password" type="xsd:string" />
<xsd:element name="DBMSName" sql:field="DBMS Name" type="xsd:string" />
<xsd:element name="active" type="xsd:string" />
<xsd:element name="errorCode" type="xsd:string" />
<xsd:element name="id" type="xsd:string" />
<xsd:element name="label" type="xsd:string" />
<xsd:element name="driver-class-name" type="xsd:string" />
<xsd:element name="data_source" type="xsd:string" />
<xsd:element name="url" type="xsd:string" />
<xsd:element name="errorcode" type="xsd:string" />
<xsd:element name="username" type="xsd:string" />
<xsd:element name="status" type="xsd:string" />
</xsd:sequence>
<xsd:attribute name="recordID" type="xsd:string" />
</xsd:complexType>
</xsd:schema>
<wrap>
<record recordID="1">
<DBMSName>{AES}/Cit|DlUNno6vZR9tMztB3uYvbYwGcEin7Gm3JwO7P/1baF4TszX1uLiSUHbqUb3slmOgaxf/</DBMSName>
<active>true</active>
<data_source>JDBC</data_source>
<driver-class-name>{AES}kBAVq0pgm+wuiUFKo9EaDeGve/N6wvQWYez07HZNOFQQnfx+AFGl+4qIqcWQzctjpbboAVFfA|JLvXQT9IU076ZhkW768WuV/4XZwCQiHFsTuJvxPc/8=</driver-class-name>
<errorCode>0</errorCode>
<errorcode>0</errorcode>
<id>advworks</id>
<label>advworks</label>
<password>{AES}zEE4q+H+/ktOjUBydoovydnQP|L3XCk2/L6WnM3uTiNW4jfBNXDzBm1cn32cTbaPpYMgeal7/</password>
<status>OK</status>
<url>{AES}nR3f2mqFnS02IzCMH59U1D6kU2/JF|ZIytMIauCALBAhOKtm3keC0aNlTIo0iKu35Z6mTcSLJ7BBbgM15P+W4uE+kG0Kla6T0uMoUvItexL8w8sPNJflIqxrk66XBGGu5wckDyJ3EBE1KEFZQM3BUrumnu/BGpKLEWg30COCSkOrs0gP8NP8=</url>
<username>{AES}bCl+RmUzj|Wfm/R38haYbQg0hwYg7yjHO9VppE3d1Ki4PN6ncrVaX50cFNk6r0lHGF3sT33T/</username>
</record>
</wrap>
</xml>