<?xml version="1.0" encoding="UTF-8" ?>
<xml>
<xsd:schema xmlns:xsd="http://www.w3.org/2001/XMLSchema" xmlns:sql="http://www.radiantlogic.com/schemas" >
<xsd:annotation>
<xsd:documentation xml:lang="en">This schema is generated by RadiantLogic XML tool.</xsd:documentation>
</xsd:annotation>
<xsd:element name="wrap" type="wrapType" />
<xsd:complexType name="wrapType">
<xsd:sequence>
<xsd:element name="record" type="recordType" minOccurs="0" maxOccurs="unbounded" />
</xsd:sequence>
</xsd:complexType>
<xsd:complexType name="recordType">
<xsd:sequence>
<xsd:element name="password" type="xsd:string" />
<xsd:element name="DBMSName" sql:field="DBMS Name" type="xsd:string" />
<xsd:element name="active" type="xsd:string" />
<xsd:element name="errorCode" type="xsd:string" />
<xsd:element name="id" type="xsd:string" />
<xsd:element name="label" type="xsd:string" />
<xsd:element name="driver-class-name" type="xsd:string" />
<xsd:element name="data_source" type="xsd:string" />
<xsd:element name="url" type="xsd:string" />
<xsd:element name="errorcode" type="xsd:string" />
<xsd:element name="username" type="xsd:string" />
<xsd:element name="status" type="xsd:string" />
</xsd:sequence>
<xsd:attribute name="recordID" type="xsd:string" />
</xsd:complexType>
</xsd:schema>
<wrap>
<record recordID="1">
<DBMSName>{AES}eagbN|Xn3wxU7XDrtuB0wl3hlSdo/DuWjBeydDXRfqdAzCH19mxXCKXOJ+XicIbk+PkhuIQX/</DBMSName>
<active>true</active>
<data_source>JDBC</data_source>
<driver-class-name>{AES}5WfUBt0V9rknAQvMdIcoo+zVqnpMdl2+HZ/T831FlcQ26cnTjfYPYTCQ/eXNh7KHXTi|tUOzrS6IqUVTGp7XIPmxElSF6R9fdc4sXqW5IMJuhaJGpBv8=</driver-class-name>
<errorCode>0</errorCode>
<errorcode>0</errorcode>
<id>amazilog</id>
<label>amazilog</label>
<password>{AES}MBg4URUmXmPWmr7cvMX6CdG3M|IlTfjX+UNK3Ibh08tmRNd/lWqBB4+nGkBrzEIneGpidIVr/</password>
<status>OK</status>
<url>{AES}Mvr+RapZvtKDaBcQvFv7Zs4vhNjoMbHJLDtxPkk+AhvveKHE5ZQBvt7UlUQ42Au/e18WmoDyYQ7d5MULlt649QXzyTYEHmeGfhosR3BYhHG3FaXYGLHLRGLx|8wP9sbCwsjCeYFXGeui+f0ST4uz52DbQvI79ZmMbACYC3Spwxj0CfVf9Lv8=</url>
<username>{AES}8tLhL0M2rxBM6+cDtG8gWocHrvxeSBXRw0iiVbohhHNlw7E|in6ZFsGKIjzDXXcLAGOHraCb/</username>
</record>
</wrap>
</xml>