<?xml version="1.0" encoding="UTF-8" ?>
<xml>
<xsd:schema xmlns:xsd="http://www.w3.org/2001/XMLSchema" xmlns:sql="http://www.radiantlogic.com/schemas" >
<xsd:annotation>
<xsd:documentation xml:lang="en">This schema is generated by RadiantLogic XML tool.</xsd:documentation>
</xsd:annotation>
<xsd:element name="wrap" type="wrapType" />
<xsd:complexType name="wrapType">
<xsd:sequence>
<xsd:element name="record" type="recordType" minOccurs="0" maxOccurs="unbounded" />
</xsd:sequence>
</xsd:complexType>
<xsd:complexType name="recordType">
<xsd:sequence>
<xsd:element name="password" type="xsd:string" />
<xsd:element name="DBMSName" sql:field="DBMS Name" type="xsd:string" />
<xsd:element name="active" type="xsd:string" />
<xsd:element name="errorCode" type="xsd:string" />
<xsd:element name="id" type="xsd:string" />
<xsd:element name="label" type="xsd:string" />
<xsd:element name="driver-class-name" type="xsd:string" />
<xsd:element name="data_source" type="xsd:string" />
<xsd:element name="url" type="xsd:string" />
<xsd:element name="errorcode" type="xsd:string" />
<xsd:element name="username" type="xsd:string" />
<xsd:element name="status" type="xsd:string" />
</xsd:sequence>
<xsd:attribute name="recordID" type="xsd:string" />
</xsd:complexType>
</xsd:schema>
<wrap>
<record recordID="1">
<DBMSName>{AES}qzYSucu3VeFByHcZ4N/0mueP00A3|WGpYRY/nkVm/exOkjMjOFAJkocYnsHGxllrjvnDro3z/</DBMSName>
<active>true</active>
<data_source>JDBC</data_source>
<driver-class-name>{AES}Q/M3xuI+4Cc3Ky6iFufJhaMTds|2zAW+iRis8mfsKsgnZ6epBz5jW+nuQ/H/LZhA776zQMhfdU6qqrALLnvYDq2DuZRrXl6SG7+tZp+5J/Fa8ZrzSBP8=</driver-class-name>
<errorCode>0</errorCode>
<errorcode>0</errorcode>
<id>bestguy</id>
<label>bestguy</label>
<password>{AES}XteL3NyRw8kZ3Ft/iVT5wUUxpcVfbN76|iK4cZbWIwLE1uzc2wOumjvZozNN8QICpeHGzp2D/</password>
<status>OK</status>
<url>{AES}eWnXOqljG9uYqs+ipBTQ0/mc2GyTf7RfaKNrBEAQpmP9WkjrPJD7PYIO9YTDreCnupEy00cAtO/Zkg4GSOffJz|Xgool3vshZf+tYuqXxyQ6k7ZD6PBUscRCsoUi0uoDoA5rEuJC92DXjk9zHYpuPHCd7+IetNsrrbCIvoBCWqiwjP4lBD/8=</url>
<username>{AES}+siCrjOep4ZEFuXoeULyvNtEwz+Jbf18MERAwx6G5lyZt8nqT|iQNdrgCyT6dh83q1Jnr1lT/</username>
</record>
</wrap>
</xml>