<?xml version="1.0" encoding="UTF-8" ?>
<xml>
<xsd:schema xmlns:xsd="http://www.w3.org/2001/XMLSchema" xmlns:sql="http://www.radiantlogic.com/schemas" >
<xsd:annotation>
<xsd:documentation xml:lang="en">This schema is generated by RadiantLogic XML tool.</xsd:documentation>
</xsd:annotation>
<xsd:element name="wrap" type="wrapType" />
<xsd:complexType name="wrapType">
<xsd:sequence>
<xsd:element name="record" type="recordType" minOccurs="0" maxOccurs="unbounded" />
</xsd:sequence>
</xsd:complexType>
<xsd:complexType name="recordType">
<xsd:sequence>
<xsd:element name="password" type="xsd:string" />
<xsd:element name="DBMSName" sql:field="DBMS Name" type="xsd:string" />
<xsd:element name="active" type="xsd:string" />
<xsd:element name="errorCode" type="xsd:string" />
<xsd:element name="id" type="xsd:string" />
<xsd:element name="label" type="xsd:string" />
<xsd:element name="driver-class-name" type="xsd:string" />
<xsd:element name="data_source" type="xsd:string" />
<xsd:element name="url" type="xsd:string" />
<xsd:element name="errorcode" type="xsd:string" />
<xsd:element name="username" type="xsd:string" />
<xsd:element name="status" type="xsd:string" />
</xsd:sequence>
<xsd:attribute name="recordID" type="xsd:string" />
</xsd:complexType>
</xsd:schema>
<wrap>
<record recordID="1">
<DBMSName>{AES}6LRneZBuvH|C0wv9HjaSrV+1st5FGl+mKE8zZHf+vkUmuXtip1FSdRg/FpUHaz8UYWe0hGj7/</DBMSName>
<active>true</active>
<data_source>JDBC</data_source>
<driver-class-name>{AES}JUm1X1YcQ2IO9CsIqHzGrEpqMqfHPppvvdXb7QypNAI7+XoHmj8sfP0KDPWKLTzUNVRcxlmQRZPnBOlC4C1pz69vs/GpX8AUOpomezqdA/6KOZifAf8|=</driver-class-name>
<errorCode>0</errorCode>
<errorcode>0</errorcode>
<id>cd4ever</id>
<label>cd4ever</label>
<password>{AES}Vge367ELFjhtAJlV7LDH0t0nB/sSX0zkjnaYQiZ6fP5XB6JjqgiwSIf|cFzEkYVvcZhrniAf/</password>
<status>OK</status>
<url>{AES}V/E9P6032T+AbndY67d4Dpp0X8NU0rKmURa4jIEPnvDHZKBiePuJxiy+gm2BZrcoTBSvb0k/bzX/ZAHeN/2K58W1NaSmQlSRlWlnfsAmw6iAofreCzZHNmWpks5RV|813MHpy91r/mbERPOVMWMBB2RIQDTxZ26M2wOMdifI4fz95qLwsQf8=</url>
<username>{AES}dvCcoqk5sOUUiWoiGF5zcYvZbxj59mW2YHGaxNqUQsnCC/x|8TY/f1p67rg/zvMlAKoVhgBf/</username>
</record>
</wrap>
</xml>