<?xml version="1.0" encoding="UTF-8" ?>
<xml>
<xsd:schema xmlns:xsd="http://www.w3.org/2001/XMLSchema" xmlns:sql="http://www.radiantlogic.com/schemas" >
<xsd:annotation>
<xsd:documentation xml:lang="en">This schema is generated by RadiantLogic XML tool.</xsd:documentation>
</xsd:annotation>
<xsd:element name="wrap" type="wrapType" />
<xsd:complexType name="wrapType">
<xsd:sequence>
<xsd:element name="record" type="recordType" minOccurs="0" maxOccurs="unbounded" />
</xsd:sequence>
</xsd:complexType>
<xsd:complexType name="recordType">
<xsd:sequence>
<xsd:element name="DBMSName" sql:field="DBMS Name" type="xsd:string" />
<xsd:element name="agent_id" type="xsd:string" />
<xsd:element name="active" type="xsd:string" />
<xsd:element name="errorCode" type="xsd:string" />
<xsd:element name="label" type="xsd:string" />
<xsd:element name="alternatedatasource" type="xsd:string" />
<xsd:element name="data_source" type="xsd:string" />
<xsd:element name="url" type="xsd:string" />
<xsd:element name="password" type="xsd:string" />
<xsd:element name="id" type="xsd:string" />
<xsd:element name="driver-class-name" type="xsd:string" />
<xsd:element name="errorcode" type="xsd:string" />
<xsd:element name="username" type="xsd:string" />
<xsd:element name="status" type="xsd:string" />
</xsd:sequence>
<xsd:attribute name="recordID" type="xsd:string" />
</xsd:complexType>
</xsd:schema>
<wrap>
<record recordID="1">
<DBMSName>{AES}Ml0XeqMH28v/hvHOrLkzWeMm1hkaeC6WYRTHq7MyVVRLX|LThdRxZoFy6sKpcyi4QxhXxRV7/</DBMSName>
<active>true</active>
<agent_id>None</agent_id>
<alternatedatasource></alternatedatasource>
<data_source>JDBC</data_source>
<driver-class-name>{AES}qYaLWWULKFd|HXELVBcd00tqUNieIDwTKW+L/BiN4HSzsE4r006cccTvnCNhfLa/oBW82CgeaGB6nC5rAuXPXg+/CvfJ0/w==</driver-class-name>
<errorCode>0</errorCode>
<errorcode>0</errorcode>
<id>csv</id>
<label>csv</label>
<password>{AES}jU74QQKuD2c57xv6VENsN5ciV8h+YGyZ|9FXkTSbpE8XAdotNql4h2/aRxzWPzzcdabJANQX/</password>
<status>OK</status>
<url>{AES}4u44RUjyzxKZQXoh7p2lch+uGfLUPqm14r2H6RE+KXWHbWx2BTg6h1|iaam1CUafMPu2vhfA7htZuSg+jKtGW6sz8ppPEX+H4M9jttxYb+/7hb6u+eG65Y3btJO8jDojnB0rh29DYoluWQ2ol44XDTJjNmMVx/w==</url>
<username>{AES}XhIM65X8hu2wL/hMfgnqPLiUHeKBop17BrPANypQ8/wTrmUtaaIPjHIBOaL|CSTb2Onj4XiP/</username>
</record>
</wrap>
</xml>