<?xml version="1.0" encoding="UTF-8" ?>
<xml>
<xsd:schema xmlns:xsd="http://www.w3.org/2001/XMLSchema" xmlns:sql="http://www.radiantlogic.com/schemas" >
<xsd:annotation>
<xsd:documentation xml:lang="en">This schema is generated by RadiantLogic XML tool.</xsd:documentation>
</xsd:annotation>
<xsd:element name="wrap" type="wrapType" />
<xsd:complexType name="wrapType">
<xsd:sequence>
<xsd:element name="record" type="recordType" minOccurs="0" maxOccurs="unbounded" />
</xsd:sequence>
</xsd:complexType>
<xsd:complexType name="recordType">
<xsd:sequence>
<xsd:element name="agent_mappings" type="xsd:string" />
<xsd:element name="DBMSName" sql:field="DBMS Name" type="xsd:string" />
<xsd:element name="agent_id" type="xsd:string" />
<xsd:element name="active" type="xsd:string" />
<xsd:element name="errorCode" type="xsd:string" />
<xsd:element name="label" type="xsd:string" />
<xsd:element name="alternatedatasource" type="xsd:string" />
<xsd:element name="data_source" type="xsd:string" />
<xsd:element name="url" type="xsd:string" />
<xsd:element name="password" type="xsd:string" />
<xsd:element name="id" type="xsd:string" />
<xsd:element name="driver-class-name" type="xsd:string" />
<xsd:element name="errorcode" type="xsd:string" />
<xsd:element name="username" type="xsd:string" />
<xsd:element name="status" type="xsd:string" />
</xsd:sequence>
<xsd:attribute name="recordID" type="xsd:string" />
</xsd:complexType>
</xsd:schema>
<wrap>
<record recordID="1">
<DBMSName>{AES}0RzaKwAtV0LRzYAYNoCjwEWD9zPw2sqAV+ruYDNHwDO8pRRM1e6c5WEvigsMqBVRSZvXYQ|b/</DBMSName>
<active>true</active>
<agent_id>fa608d89-fa1c-4d94-b550-e31e563be7b1</agent_id>
<agent_mappings>{&quot;r1tunnel.duploservices-rli-use2-svc.svc.cluster.local:5027&quot;:{&quot;host&quot;:&quot;localhost&quot;,&quot;port&quot;:50000}}</agent_mappings>
<alternatedatasource></alternatedatasource>
<data_source>JDBC</data_source>
<driver-class-name>{AES}SaUH|0nUAjwXXy44t0p6N8Md77snrOczkndxL1NwN0xpviEIbINM8S8ySOawKFb/dwSq77diBP4PKWOz0gyeNoZ/d9cdE/w==</driver-class-name>
<errorCode>0</errorCode>
<errorcode>0</errorcode>
<id>db2</id>
<label>db2</label>
<password>{AES}Ghci|EFolXZp0ZlyYFIlSaNgy6F0dLCAPmvyL3XOdaj4GG/qD3QzAsM2vmHJSoPYgdxnMS23/</password>
<status>OK</status>
<url>{AES}X9a6kKerCA/BHigOj|M1mFvTi1oaHDEYk3MaKxmdNWsbnGGaSQDSs7IX/Fu/7JufFuZmpmPjFGN9jiwLiVnajbCkCzT/KGso89Rw9aV204JGr/1qSMTDi3df4WpncDIE+PCMfJ99OqRc9mEEc8x8++75wkaM+/w==</url>
<username>{AES}7ItbXGukJIfVvYMPTJSdqsUHKl2UjuJsDSfsA1xKmOnJjHLuSqqPNQSMYmVNttm3Xr|OTPRz/</username>
</record>
</wrap>
</xml>