<?xml version="1.0" encoding="UTF-8" ?>
<xml>
<xsd:schema xmlns:xsd="http://www.w3.org/2001/XMLSchema" xmlns:sql="http://www.radiantlogic.com/schemas" >
<xsd:annotation>
<xsd:documentation xml:lang="en">This schema is generated by RadiantLogic XML tool.</xsd:documentation>
</xsd:annotation>
<xsd:element name="wrap" type="wrapType" />
<xsd:complexType name="wrapType">
<xsd:sequence>
<xsd:element name="record" type="recordType" minOccurs="0" maxOccurs="unbounded" />
</xsd:sequence>
</xsd:complexType>
<xsd:complexType name="recordType">
<xsd:sequence>
<xsd:element name="DBMSName" sql:field="DBMS Name" type="xsd:string" />
<xsd:element name="agent_id" type="xsd:string" />
<xsd:element name="active" type="xsd:string" />
<xsd:element name="errorCode" type="xsd:string" />
<xsd:element name="label" type="xsd:string" />
<xsd:element name="alternatedatasource" type="xsd:string" />
<xsd:element name="data_source" type="xsd:string" />
<xsd:element name="url" type="xsd:string" />
<xsd:element name="password" type="xsd:string" />
<xsd:element name="id" type="xsd:string" />
<xsd:element name="driver-class-name" type="xsd:string" />
<xsd:element name="errorcode" type="xsd:string" />
<xsd:element name="username" type="xsd:string" />
<xsd:element name="status" type="xsd:string" />
</xsd:sequence>
<xsd:attribute name="recordID" type="xsd:string" />
</xsd:complexType>
</xsd:schema>
<wrap>
<record recordID="1">
<DBMSName>{AES}ATAKkuIVpjJ1+gNcg6H3ATLttHlbeaintUbVrJC2pssUr64VcrxU/6QpvWff6h|7GrYPxyiT/</DBMSName>
<active>true</active>
<agent_id>None</agent_id>
<alternatedatasource></alternatedatasource>
<data_source>JDBC</data_source>
<driver-class-name>{AES}oaJcEQ88cIgZNN4FHvBqAaKCIxTXH6YC+FEbMViycaAT+ZIlajfjrHsOxBkN2yqo3xt49W2sru9w5NOqA3FTkA7Oq5ztBxZ/VqL7t|2++r9OKBrjgE/8=</driver-class-name>
<errorCode>0</errorCode>
<errorcode>0</errorcode>
<id>derbyorders</id>
<label>derbyorders</label>
<password>{AES}oQBlrWqJJC|sHISop6tVbl3EWyL5LX8jM42o+A2uCWj+d1XU/QynNak6qkTaoNJosDeUaTnn/</password>
<status>OK</status>
<url>{AES}C5TMPnJzPqwzj+XxDWt2/WieUFrwYXcebGAqPyVZhCNBreK9CeIBiC|meKZdmsfdw8bXrx8cEjqcakKsieeR7McST7Loo2pQz8ZToYAHP+kX7R6+Qh/GKQsu8mRPeUZP8im3xJV1+GagToDxammiii0SYk6k3PJe+eiQkHVhT2vMvb3erNv8=</url>
<username>{AES}UWYh2hTMDW63m0LKuXi7IKVS9qFbzs9Ik|Q4N9LMufwh6bh9UqLavnPSElPWozu6Det1Y5hn/</username>
</record>
</wrap>
</xml>