<?xml version="1.0" encoding="UTF-8" ?>
<xml>
<xsd:schema xmlns:xsd="http://www.w3.org/2001/XMLSchema" xmlns:sql="http://www.radiantlogic.com/schemas" >
<xsd:annotation>
<xsd:documentation xml:lang="en">This schema is generated by RadiantLogic XML tool.</xsd:documentation>
</xsd:annotation>
<xsd:element name="wrap" type="wrapType" />
<xsd:complexType name="wrapType">
<xsd:sequence>
<xsd:element name="record" type="recordType" minOccurs="0" maxOccurs="unbounded" />
</xsd:sequence>
</xsd:complexType>
<xsd:complexType name="recordType">
<xsd:sequence>
<xsd:element name="password" type="xsd:string" />
<xsd:element name="DBMSName" sql:field="DBMS Name" type="xsd:string" />
<xsd:element name="active" type="xsd:string" />
<xsd:element name="errorCode" type="xsd:string" />
<xsd:element name="id" type="xsd:string" />
<xsd:element name="label" type="xsd:string" />
<xsd:element name="driver-class-name" type="xsd:string" />
<xsd:element name="data_source" type="xsd:string" />
<xsd:element name="url" type="xsd:string" />
<xsd:element name="errorcode" type="xsd:string" />
<xsd:element name="username" type="xsd:string" />
<xsd:element name="status" type="xsd:string" />
</xsd:sequence>
<xsd:attribute name="recordID" type="xsd:string" />
</xsd:complexType>
</xsd:schema>
<wrap>
<record recordID="1">
<DBMSName>{AES}Nt2Ry4m139KZxWxLMtBdSEg8Ma+1yE2iXFJwt4yhEjxguZTf|ddXAv4Kpn9WAt1UPML1i7F//</DBMSName>
<active>true</active>
<data_source>JDBC</data_source>
<driver-class-name>{AES}USHFGK46UmS5+G5WMxDzGCORY|AuccBaGshBbdSrI3fDIbGvT/w4hGKkm7LxOOp2vL1tOm3UCuWn/4Aqb1XVyygfeaXHXMZD+dnn3uxpdxNIrPxExPP8=</driver-class-name>
<errorCode>0</errorCode>
<errorcode>0</errorcode>
<id>derbysales</id>
<label>derbysales</label>
<password>{AES}Kvyx0gG1Gha+UNbM+RInmRslTYdCgCeMRrUnsNh3F59icaGb|Aa3Q2phxK9lNZQGsBMfenTH/</password>
<status>OK</status>
<url>{AES}k8sBsBRFhBikkAkO8POW1ak2t28b7lSEil5iGzj59v6F0wa3PL22R91Q3dlKWUx+E9u89/qYGP|wheox8xfAQ9edNG3owQ/h+rjdI/mh48zGbbe5YDb0QBtv4WUEmB6jGIoqvpffdyjXe4IqRVnb7rnmGZLS6iipBiLjJ4YrYLO5mArTYA/8=</url>
<username>{AES}a/pME0DPe7pwoASWNAUIxtaTuxskHDIsXhMSeGF8wa5kXZRI2PsrGtJsMv|nwME5lCxhkoRv/</username>
</record>
</wrap>
</xml>