<?xml version="1.0" encoding="UTF-8" ?>
<xml>
<xsd:schema xmlns:xsd="http://www.w3.org/2001/XMLSchema" xmlns:sql="http://www.radiantlogic.com/schemas" >
<xsd:annotation>
<xsd:documentation xml:lang="en">This schema is generated by RadiantLogic XML tool.</xsd:documentation>
</xsd:annotation>
<xsd:element name="wrap" type="wrapType" />
<xsd:complexType name="wrapType">
<xsd:sequence>
<xsd:element name="record" type="recordType" minOccurs="0" maxOccurs="unbounded" />
</xsd:sequence>
</xsd:complexType>
<xsd:complexType name="recordType">
<xsd:sequence>
<xsd:element name="agent_mappings" type="xsd:string" />
<xsd:element name="DBMSName" sql:field="DBMS Name" type="xsd:string" />
<xsd:element name="agent_id" type="xsd:string" />
<xsd:element name="active" type="xsd:string" />
<xsd:element name="errorCode" type="xsd:string" />
<xsd:element name="label" type="xsd:string" />
<xsd:element name="alternatedatasource" type="xsd:string" />
<xsd:element name="data_source" type="xsd:string" />
<xsd:element name="url" type="xsd:string" />
<xsd:element name="password" type="xsd:string" />
<xsd:element name="id" type="xsd:string" />
<xsd:element name="driver-class-name" type="xsd:string" />
<xsd:element name="errorcode" type="xsd:string" />
<xsd:element name="username" type="xsd:string" />
<xsd:element name="status" type="xsd:string" />
</xsd:sequence>
<xsd:attribute name="recordID" type="xsd:string" />
</xsd:complexType>
</xsd:schema>
<wrap>
<record recordID="1">
<DBMSName>{AES}4I1p2/ghbYdwcD0EUun2mKM+TNCIyZvMWMpNGtnvEAjFf0VnA/KZryZ/S5JGEQqwIxck3aPp/G9RIea|jRWZFliiDK2kM/w==</DBMSName>
<active>true</active>
<agent_id>fa608d89-fa1c-4d94-b550-e31e563be7b1</agent_id>
<agent_mappings>{&quot;r1tunnel.duploservices-rli-use2-svc.svc.cluster.local:5028&quot;:{&quot;host&quot;:&quot;localhost&quot;,&quot;port&quot;:1433}}</agent_mappings>
<alternatedatasource></alternatedatasource>
<data_source>JDBC</data_source>
<driver-class-name>{AES}tIatqgUeMlHAlMrUx/pz+ItCAr5XLjWhvUNn/CDvbXwBRDlmRd9Ci28ib+sRPUES|4UOF3arWYV5o4Y0xUbfWHjKHFG242rnPSY0cSDWdlqOx4LtdYv8=</driver-class-name>
<errorCode>0</errorCode>
<errorcode>0</errorcode>
<id>employeedb</id>
<label>employeedb</label>
<password>{AES}/i1P+/6VL6SBon31U0QSxzXh7htJ77r4aTjDVABtsMnQZEZKH6G/2q5/d|AOKLf0t2a1+BgD/</password>
<status>OK</status>
<url>{AES}aZ138TIt7wgrut2hsCG/loWQV/Gy7imyoWZJ6kBEnZ8lsza8fQLKGX/S/KNoQnzSZxOxOfMyiV2TXF1C|Phj3nnNOQWFS2B1Nn4ZLgEIhdEpzX30D5+Mur6GYUq7aEvwOPTp/02ApvuSLDNp9LQq8B5OmVnOppi6hK/r7mh5ZH4erqF6pKSRqRse4FD4SSN4VosapWLjKw437pUpn/I7Dw1TrZs8nTsQcZ1pEFF9yPCxYFEvnxdObYEYyn+AP0jHax6oThTf/</url>
<username>{AES}g7KniNLFZ6ULxnDPmwUnCEat5aO3XgLRmyhDBi/buz4cFaTN+CqISd0vGcVgxY|IQzuZo8Sb/</username>
</record>
</wrap>
</xml>