<?xml version="1.0" encoding="UTF-8" ?>
<xml>
<xsd:schema xmlns:xsd="http://www.w3.org/2001/XMLSchema" xmlns:sql="http://www.radiantlogic.com/schemas" >
<xsd:annotation>
<xsd:documentation xml:lang="en">This schema is generated by RadiantLogic XML tool.</xsd:documentation>
</xsd:annotation>
<xsd:element name="wrap" type="wrapType" />
<xsd:complexType name="wrapType">
<xsd:sequence>
<xsd:element name="record" type="recordType" minOccurs="0" maxOccurs="unbounded" />
</xsd:sequence>
</xsd:complexType>
<xsd:complexType name="recordType">
<xsd:sequence>
<xsd:element name="oauthurl" type="xsd:string" />
<xsd:element name="datasource" sql:field="data source" type="xsd:string" />
<xsd:element name="active" type="xsd:string" />
<xsd:element name="errorCode" type="xsd:string" />
<xsd:element name="label" type="xsd:string" />
<xsd:element name="data_source" type="xsd:string" />
<xsd:element name="url" type="xsd:string" />
<xsd:element name="password" type="xsd:string" />
<xsd:element name="meta-name" type="xsd:string" />
<xsd:element name="readonly" type="xsd:string" />
<xsd:element name="datasource" type="xsd:string" />
<xsd:element name="scope" type="xsd:string" />
<xsd:element name="id" type="xsd:string" />
<xsd:element name="errorcode" type="xsd:string" />
<xsd:element name="status" type="xsd:string" />
<xsd:element name="username" type="xsd:string" />
</xsd:sequence>
<xsd:attribute name="recordID" type="xsd:string" />
</xsd:complexType>
</xsd:schema>
<wrap>
<record recordID="1">
<active>true</active>
<datasource>XML</datasource>
<data_source>XML</data_source>
<datasource>XML</datasource>
<errorCode>0</errorCode>
<errorcode>0</errorcode>
<id>entraid</id>
<label>entraid</label>
<meta-name>MGraph</meta-name>
<oauthurl>https://login.microsoftonline.com/rlidemo.onmicrosoft.com/oauth2/v2.0/token</oauthurl>
<password>{AES}Q45OUEX6aFT/QJzT+/+YUf2kIN/oIuItxmaTdtGOQwcruzFaoEJkD2UtKuxRZnMJco88DCbp51vP1S+O9B0L6TNltrykQHDgX1QvChIKEPSmAxVBG|/8=</password>
<readonly>false</readonly>
<scope>https://graph.microsoft.com/.default</scope>
<status>OK</status>
<url>https://graph.microsoft.com/beta</url>
<username>77cd54ce-13c0-470e-b3be-1d7207a31ee7</username>
</record>
</wrap>
</xml>