<?xml version="1.0" encoding="UTF-8" ?>
<xml>
<xsd:schema xmlns:xsd="http://www.w3.org/2001/XMLSchema" xmlns:sql="http://www.radiantlogic.com/schemas" >
<xsd:annotation>
<xsd:documentation xml:lang="en">This schema is generated by RadiantLogic XML tool.</xsd:documentation>
</xsd:annotation>
<xsd:element name="wrap" type="wrapType" />
<xsd:complexType name="wrapType">
<xsd:sequence>
<xsd:element name="record" type="recordType" minOccurs="0" maxOccurs="unbounded" />
</xsd:sequence>
</xsd:complexType>
<xsd:complexType name="recordType">
<xsd:sequence>
<xsd:element name="DBMSName" sql:field="DBMS Name" type="xsd:string" />
<xsd:element name="active" type="xsd:string" />
<xsd:element name="errorCode" type="xsd:string" />
<xsd:element name="label" type="xsd:string" />
<xsd:element name="alternatedatasource" type="xsd:string" />
<xsd:element name="data_source" type="xsd:string" />
<xsd:element name="url" type="xsd:string" />
<xsd:element name="password" type="xsd:string" />
<xsd:element name="id" type="xsd:string" />
<xsd:element name="driver-class-name" type="xsd:string" />
<xsd:element name="errorcode" type="xsd:string" />
<xsd:element name="username" type="xsd:string" />
<xsd:element name="backendstatus" type="xsd:string" />
<xsd:element name="status" type="xsd:string" />
</xsd:sequence>
<xsd:attribute name="recordID" type="xsd:string" />
</xsd:complexType>
</xsd:schema>
<wrap>
<record recordID="1">
<DBMSName>{AES}2nIzNWBErtwbUhN91bxa4tixEOIH5zu|/EFGrXJYu2ibKNc4s/Vj6RMit8OvjIsZiUswQoTX/</DBMSName>
<active>true</active>
<alternatedatasource></alternatedatasource>
<backendstatus>on</backendstatus>
<data_source>JDBC</data_source>
<driver-class-name>{AES}RTanMteTjQBujb48piklKmTIYzEZBj69OGWqtzusSV6Q2HQm/|fgdCTmn4HY2DJiVv8qXU/G7Iz0q1p2Rij1orYEwedfYO3+qNEs9VaYUPadC5SrvQP8=</driver-class-name>
<errorCode>0</errorCode>
<errorcode>0</errorcode>
<id>examples</id>
<label>examples</label>
<password>{AES}1M1h|sMefuejnvUnmLe2xSn6sL4sJ+HIe6NSBMjEUkTEIeAn9YYAnov77iswU0YmxTsAUQHH/</password>
<status>OK</status>
<url>{AES}ssWp6|YKVv+I2L2lxpsIvae54XsYrNxzhsWHb7kgiIBPss2YMxv/0LGdBK2vC5voZQ+azznsu71Fhwdk0Y+2BvXfAkEkwmGNPiEGEJcUKTHgA3XQT/KkEAc5P12uvewPjnPW/Cb5OhZ8ECH2gutgDO5sRQIHIz1QwlLSEQX5n5ueMJTomTf8=</url>
<username>{AES}/T6FcpHAmVMaBQIzKBUomboNDyUKeXgptQ/ylaCBL|yZNGWXXTozbMGtanDfSHTBHtPZUpF//</username>
</record>
</wrap>
</xml>