<?xml version="1.0" encoding="UTF-8" ?>
<xml>
<xsd:schema xmlns:xsd="http://www.w3.org/2001/XMLSchema" xmlns:sql="http://www.radiantlogic.com/schemas" >
<xsd:annotation>
<xsd:documentation xml:lang="en">This schema is generated by RadiantLogic XML tool.</xsd:documentation>
</xsd:annotation>
<xsd:element name="wrap" type="wrapType" />
<xsd:complexType name="wrapType">
<xsd:sequence>
<xsd:element name="record" type="recordType" minOccurs="0" maxOccurs="unbounded" />
</xsd:sequence>
</xsd:complexType>
<xsd:complexType name="recordType">
<xsd:sequence>
<xsd:element name="password" type="xsd:string" />
<xsd:element name="DBMSName" sql:field="DBMS Name" type="xsd:string" />
<xsd:element name="active" type="xsd:string" />
<xsd:element name="errorCode" type="xsd:string" />
<xsd:element name="id" type="xsd:string" />
<xsd:element name="label" type="xsd:string" />
<xsd:element name="driver-class-name" type="xsd:string" />
<xsd:element name="data_source" type="xsd:string" />
<xsd:element name="url" type="xsd:string" />
<xsd:element name="errorcode" type="xsd:string" />
<xsd:element name="username" type="xsd:string" />
<xsd:element name="status" type="xsd:string" />
</xsd:sequence>
<xsd:attribute name="recordID" type="xsd:string" />
</xsd:complexType>
</xsd:schema>
<wrap>
<record recordID="1">
<DBMSName>{AES}UpeFXlvBprvddCYSRKM7EAMwHFIP+Z9pqm3Xg0NCbOM/515QI9O4b5d|hBDmMBmBCm+ePW2j/</DBMSName>
<active>true</active>
<data_source>JDBC</data_source>
<driver-class-name>{AES}V4g5RdoJ3vPK7XyomV|pw/UvSxNLtsM9euxzxTXzCc2hGhYCK9eMN02eolLbltsk6jPDYr5QqR0gzKZeLjCLEuUVf64KEVMDoSSYo13sJIOn2qxrWDP8=</driver-class-name>
<errorCode>0</errorCode>
<errorcode>0</errorcode>
<id>multistore</id>
<label>multistore</label>
<password>{AES}mESkN/v127X123lm6Z7nMRv27lVS97aG/9vdP2ISLhN0fGXXI3dBaVRHAEPtVlmuA|vXtSgj/</password>
<status>OK</status>
<url>{AES}lyIBuEPv8auO1qKMhgfZPNAEeOVRsZ89TgMn|6RAg0lqNjyWUBL5RU+STx1OFSYusx+7pukqdxgMFKzp8jhemQjK8Ij7mN618W66xjmc5LPEQt0F3zliKVKWJlq0J5zrYQOsHYodXQKapfDpvvfqM2MaLy0d9BFXGlTvLp+Owj0LF8R9hAf8=</url>
<username>{AES}R9oXvzqYvBpHITjF8nZ1EQEl7WgYJn/pqvsJ4zz6ISDh0T12EShofqwJhlsLq4zQTQz3Imr|/</username>
</record>
</wrap>
</xml>