<?xml version="1.0" encoding="UTF-8" ?>
<xml>
<xsd:schema xmlns:xsd="http://www.w3.org/2001/XMLSchema" xmlns:sql="http://www.radiantlogic.com/schemas" >
<xsd:annotation>
<xsd:documentation xml:lang="en">This schema is generated by RadiantLogic XML tool.</xsd:documentation>
</xsd:annotation>
<xsd:element name="wrap" type="wrapType" />
<xsd:complexType name="wrapType">
<xsd:sequence>
<xsd:element name="record" type="recordType" minOccurs="0" maxOccurs="unbounded" />
</xsd:sequence>
</xsd:complexType>
<xsd:complexType name="recordType">
<xsd:sequence>
<xsd:element name="password" type="xsd:string" />
<xsd:element name="DBMSName" sql:field="DBMS Name" type="xsd:string" />
<xsd:element name="active" type="xsd:string" />
<xsd:element name="errorCode" type="xsd:string" />
<xsd:element name="id" type="xsd:string" />
<xsd:element name="label" type="xsd:string" />
<xsd:element name="driver-class-name" type="xsd:string" />
<xsd:element name="data_source" type="xsd:string" />
<xsd:element name="url" type="xsd:string" />
<xsd:element name="errorcode" type="xsd:string" />
<xsd:element name="username" type="xsd:string" />
<xsd:element name="status" type="xsd:string" />
</xsd:sequence>
<xsd:attribute name="recordID" type="xsd:string" />
</xsd:complexType>
</xsd:schema>
<wrap>
<record recordID="1">
<DBMSName>{AES}z2iz2jDwwaIfFAgVEYPrCF5bgDmAakXuaj9a1p1aRd7AbDN5RTuTOtGe0|UuMAOK2LCWlYRX/</DBMSName>
<active>true</active>
<data_source>JDBC</data_source>
<driver-class-name>{AES}zw6iE+0rBZbJPyxl5|TaNrCPHkO63el0Mf+1yzvaBVw3thkWb31p5KNcRnoJ5CwKCwCGgBDSdHpLmKrCmAzAMYtASgvDvZW1aWjEFGqZJm53s38PaN/8=</driver-class-name>
<errorCode>0</errorCode>
<errorcode>0</errorcode>
<id>northwind</id>
<label>northwind</label>
<password>{AES}FhbQRZjlzuSuaxSpyxFaTDH89kVik6Rdsht8hAdA1EtBKPz27tWrc7PQj|9DRqgeMjf7R+lf/</password>
<status>OK</status>
<url>{AES}4wepcMuWyqpP4aZmR1otdBa2TYTTKY3bFKx5vKIf/aNZ4OAGH4q7Cei/2BOgCx4mPRYlI5MzfY5Z29N1wJ6XpE3j295e1kG84m+1xU7rUaE+sk3Pj6a55WUCsm1IQFEOncLydSVIJLm1auaE|Ff0YfAOzmAHxhU86R3+KxQ+eo8oBri3rPf8=</url>
<username>{AES}OrXydex1172sfIZpV0piMd3VoVMgIZOuTdZnkgSJi918aFVtUjRbr|7gx8bI9GfnLSBrbexr/</username>
</record>
</wrap>
</xml>