<?xml version="1.0" encoding="UTF-8" ?>
<xml>
<xsd:schema xmlns:xsd="http://www.w3.org/2001/XMLSchema" xmlns:sql="http://www.radiantlogic.com/schemas" >
<xsd:annotation>
<xsd:documentation xml:lang="en">This schema is generated by RadiantLogic XML tool.</xsd:documentation>
</xsd:annotation>
<xsd:element name="wrap" type="wrapType" />
<xsd:complexType name="wrapType">
<xsd:sequence>
<xsd:element name="record" type="recordType" minOccurs="0" maxOccurs="unbounded" />
</xsd:sequence>
</xsd:complexType>
<xsd:complexType name="recordType">
<xsd:sequence>
<xsd:element name="agent_mappings" type="xsd:string" />
<xsd:element name="DBMSName" sql:field="DBMS Name" type="xsd:string" />
<xsd:element name="agent_id" type="xsd:string" />
<xsd:element name="pageresultcontrol" type="xsd:string" />
<xsd:element name="active" type="xsd:string" />
<xsd:element name="errorCode" type="xsd:string" />
<xsd:element name="failoverurl" type="xsd:string" />
<xsd:element name="label" type="xsd:string" />
<xsd:element name="kerberos" type="xsd:string" />
<xsd:element name="ssl" type="xsd:string" />
<xsd:element name="data_source" type="xsd:string" />
<xsd:element name="binddn" type="xsd:string" />
<xsd:element name="disablereferalchasing" type="xsd:string" />
<xsd:element name="bindpw" type="xsd:string" />
<xsd:element name="pagesize" type="xsd:string" />
<xsd:element name="ldapurl" type="xsd:string" />
<xsd:element name="id" type="xsd:string" />
<xsd:element name="basedn" type="xsd:string" />
<xsd:element name="verifyhostname" type="xsd:string" />
<xsd:element name="errorcode" type="xsd:string" />
<xsd:element name="status" type="xsd:string" />
</xsd:sequence>
<xsd:attribute name="recordID" type="xsd:string" />
</xsd:complexType>
</xsd:schema>
<wrap>
<record recordID="1">
<DBMSName>{AES}7Z2xk8KyYJyIqoD4/BGxuIDQng/9Bz/kvcgAWD85VZrIcSZPkqyh8imO/3aa|QHigyzK2vxX/</DBMSName>
<active>true</active>
<agent_id>fa608d89-fa1c-4d94-b550-e31e563be7b1</agent_id>
<agent_mappings>{&quot;r1tunnel.duploservices-rli-use2-svc.svc.cluster.local:5012&quot;:{&quot;host&quot;:&quot;NYDC01.ny.com&quot;,&quot;port&quot;:636,&quot;groupId&quot;:&quot;fa608d89-fa1c-4d94-b550-e31e563be7b1&quot;}}</agent_mappings>
<basedn>{AES}RJOYfdZHJcG7Fb|N6NGaQtIpp34syfvu2uKVSeOOcm38pV7s0bf1dMMCMsNVaQqL8MSm3MVD/</basedn>
<binddn>{AES}cSN1Fk3mCOKVhGmTtxyKn8/sfQ4czy61XTXQxbmtHd56KE1Q|FpiTJbq1FBx1VuFQKriNttPpYPZGV/wkFjxnj9vKuzUP/w==</binddn>
<bindpw>{AES}TPaDScDvCp+EqsWjxpzbipO6TqbSAWCkPhxdz/ZyVrDDQRbIMx|iL2U+CiCcmrXkpTTsDRhv/</bindpw>
<data_source>LDAP</data_source>
<disablereferalchasing>true</disablereferalchasing>
<errorCode>0</errorCode>
<errorcode>0</errorcode>
<failoverurl>{AES}t|rwDvFH+TR4YPW58ohSi0bBzp3e+I93w0eIPiHACxIJAkG9yqsrnPGZerUJGgS5id4ZjflD/</failoverurl>
<id>nydomain</id>
<kerberos>false</kerberos>
<label>nydomain</label>
<ldapurl>{AES}3|1lmjdA6vQ5c/4p9NNjDygB23+nIEWiEQjg1yn2s5cveP/+O0hfYjKufsbiPY/gAweyXyByLjajeYp3xfLLrAy8E0qPtaI6vU4fYJaG/1/iiSJtvJIvhZrGO75NFuMXTdXc76GQiiSz1DE9c7qyuItkAnSRd/w==</ldapurl>
<pageresultcontrol>true</pageresultcontrol>
<pagesize>500</pagesize>
<ssl>true</ssl>
<status>OK</status>
<verifyhostname>false</verifyhostname>
</record>
</wrap>
</xml>