<?xml version="1.0" encoding="UTF-8" ?>
<xml>
<xsd:schema xmlns:xsd="http://www.w3.org/2001/XMLSchema" xmlns:sql="http://www.radiantlogic.com/schemas" >
<xsd:annotation>
<xsd:documentation xml:lang="en">This schema is generated by RadiantLogic XML tool.</xsd:documentation>
</xsd:annotation>
<xsd:element name="wrap" type="wrapType" />
<xsd:complexType name="wrapType">
<xsd:sequence>
<xsd:element name="record" type="recordType" minOccurs="0" maxOccurs="unbounded" />
</xsd:sequence>
</xsd:complexType>
<xsd:complexType name="recordType">
<xsd:sequence>
<xsd:element name="datasource" sql:field="data source" type="xsd:string" />
<xsd:element name="agent_id" type="xsd:string" />
<xsd:element name="active" type="xsd:string" />
<xsd:element name="errorCode" type="xsd:string" />
<xsd:element name="label" type="xsd:string" />
<xsd:element name="data_source" type="xsd:string" />
<xsd:element name="timeout" type="xsd:string" />
<xsd:element name="url" type="xsd:string" />
<xsd:element name="apitoken" type="xsd:string" />
<xsd:element name="meta-name" type="xsd:string" />
<xsd:element name="classname" type="xsd:string" />
<xsd:element name="readonly" type="xsd:string" />
<xsd:element name="datasource" type="xsd:string" />
<xsd:element name="maxretries" type="xsd:string" />
<xsd:element name="id" type="xsd:string" />
<xsd:element name="errorcode" type="xsd:string" />
<xsd:element name="status" type="xsd:string" />
<xsd:element name="username" type="xsd:string" />
</xsd:sequence>
<xsd:attribute name="recordID" type="xsd:string" />
</xsd:complexType>
</xsd:schema>
<wrap>
<record recordID="1">
<active>true</active>
<agent_id>None</agent_id>
<apitoken>00zU2UUSsIRVCst2WdboWynzxEcI27eTBFfHJ_lmdK</apitoken>
<classname>Okta</classname>
<datasource>XML</datasource>
<data_source>XML</data_source>
<datasource>XML</datasource>
<errorCode>0</errorCode>
<errorcode>0</errorcode>
<id>okta</id>
<label>okta</label>
<maxretries>2</maxretries>
<meta-name>Okta</meta-name>
<readonly>false</readonly>
<status>OK</status>
<timeout>120</timeout>
<url>https://dev-58159876.okta.com</url>
<username>jdh96r@gmail.com</username>
</record>
</wrap>
</xml>