<?xml version="1.0" encoding="UTF-8" ?>
<xml>
<xsd:schema xmlns:xsd="http://www.w3.org/2001/XMLSchema" xmlns:sql="http://www.radiantlogic.com/schemas" >
<xsd:annotation>
<xsd:documentation xml:lang="en">This schema is generated by RadiantLogic XML tool.</xsd:documentation>
</xsd:annotation>
<xsd:element name="wrap" type="wrapType" />
<xsd:complexType name="wrapType">
<xsd:sequence>
<xsd:element name="record" type="recordType" minOccurs="0" maxOccurs="unbounded" />
</xsd:sequence>
</xsd:complexType>
<xsd:complexType name="recordType">
<xsd:sequence>
<xsd:element name="agent_mappings" type="xsd:string" />
<xsd:element name="DBMSName" sql:field="DBMS Name" type="xsd:string" />
<xsd:element name="agent_id" type="xsd:string" />
<xsd:element name="pageresultcontrol" type="xsd:string" />
<xsd:element name="active" type="xsd:string" />
<xsd:element name="errorCode" type="xsd:string" />
<xsd:element name="failoverurl" type="xsd:string" />
<xsd:element name="label" type="xsd:string" />
<xsd:element name="kerberos" type="xsd:string" />
<xsd:element name="ssl" type="xsd:string" />
<xsd:element name="data_source" type="xsd:string" />
<xsd:element name="binddn" type="xsd:string" />
<xsd:element name="disablereferalchasing" type="xsd:string" />
<xsd:element name="bindpw" type="xsd:string" />
<xsd:element name="pagesize" type="xsd:string" />
<xsd:element name="ldapurl" type="xsd:string" />
<xsd:element name="id" type="xsd:string" />
<xsd:element name="basedn" type="xsd:string" />
<xsd:element name="verifyhostname" type="xsd:string" />
<xsd:element name="errorcode" type="xsd:string" />
<xsd:element name="status" type="xsd:string" />
</xsd:sequence>
<xsd:attribute name="recordID" type="xsd:string" />
</xsd:complexType>
</xsd:schema>
<wrap>
<record recordID="1">
<DBMSName>{AES}56xTGiQ|zvf/JRp1HIKeMVRG9rMS0hTiqmT+Osr8ZN6Aytjrr0VGHFAvmM6PWFsBhhV1xdXn/</DBMSName>
<active>true</active>
<agent_id>fa608d89-fa1c-4d94-b550-e31e563be7b1</agent_id>
<agent_mappings>{&quot;r1tunnel.duploservices-rli-use2-svc.svc.cluster.local:5011&quot;:{&quot;host&quot;:&quot;localhost&quot;,&quot;port&quot;:10389}}</agent_mappings>
<basedn>{AES}e9odPbbVqdtpHBZniwoVl1gcMp0260to05w12lY0dMHAjpH4YQKCjN6YWp2|Er6OSEZBGMUj/</basedn>
<binddn>{AES}0K9z7tHU+LhPucvwiEZxLKLX8YLzzsXzFUzUaYuhigmbWUZFbsumYOstBTag|SoUEBwI8+rhqGXc51MXsrr+S+Z9DRBr1ktX1A0ZTqz+A5CLyxoxyHv8=</binddn>
<bindpw>{AES}wfXwv|SlwjEv083BHcF0JO71FxWUPNUHI8QRudpZkLyuxz2Xv7KKP0A9MGqCYqmFxQ/xzd09inn0ZN0hd4HYLuBvRo1k3/w==</bindpw>
<data_source>LDAP</data_source>
<disablereferalchasing>true</disablereferalchasing>
<errorCode>0</errorCode>
<errorcode>0</errorcode>
<failoverurl>{AES}KtOIFlqLiFPxO4AxCBLIQwGAXtd8AS0moJolHAYYd|etVo5p/eFxk9ADtrHfTPFRBRBfgRmj/</failoverurl>
<id>openldap</id>
<kerberos>false</kerberos>
<label>openldap</label>
<ldapurl>{AES}pgo6y5dAnK1h8F29rprRKq4rQzXLpHL35Vtb9uG6g7uAJqYVEi6I20DGRM0QOvCvU1UarAWhYTIlWFhbKs|oFaiyZ4RuDrI7m4jrrQ5mu94VUSMiYDcBWt56hLHq4vDjryAD5/wQIDFvRf8w8vZJJlweFDEgy/w==</ldapurl>
<pageresultcontrol>true</pageresultcontrol>
<pagesize>500</pagesize>
<ssl>false</ssl>
<status>OK</status>
<verifyhostname>false</verifyhostname>
</record>
</wrap>
</xml>