<?xml version="1.0" encoding="UTF-8" ?>
<xml>
<xsd:schema xmlns:xsd="http://www.w3.org/2001/XMLSchema" xmlns:sql="http://www.radiantlogic.com/schemas" >
<xsd:annotation>
<xsd:documentation xml:lang="en">This schema is generated by RadiantLogic XML tool.</xsd:documentation>
</xsd:annotation>
<xsd:element name="wrap" type="wrapType" />
<xsd:complexType name="wrapType">
<xsd:sequence>
<xsd:element name="record" type="recordType" minOccurs="0" maxOccurs="unbounded" />
</xsd:sequence>
</xsd:complexType>
<xsd:complexType name="recordType">
<xsd:sequence>
<xsd:element name="DBMSName" sql:field="DBMS Name" type="xsd:string" />
<xsd:element name="pageresultcontrol" type="xsd:string" />
<xsd:element name="active" type="xsd:string" />
<xsd:element name="errorCode" type="xsd:string" />
<xsd:element name="failoverurl" type="xsd:string" />
<xsd:element name="label" type="xsd:string" />
<xsd:element name="kerberos" type="xsd:string" />
<xsd:element name="ssl" type="xsd:string" />
<xsd:element name="data_source" type="xsd:string" />
<xsd:element name="binddn" type="xsd:string" />
<xsd:element name="disablereferalchasing" type="xsd:string" />
<xsd:element name="bindpw" type="xsd:string" />
<xsd:element name="pagesize" type="xsd:string" />
<xsd:element name="ldapurl" type="xsd:string" />
<xsd:element name="id" type="xsd:string" />
<xsd:element name="basedn" type="xsd:string" />
<xsd:element name="verifyhostname" type="xsd:string" />
<xsd:element name="errorcode" type="xsd:string" />
<xsd:element name="status" type="xsd:string" />
</xsd:sequence>
<xsd:attribute name="recordID" type="xsd:string" />
</xsd:complexType>
</xsd:schema>
<wrap>
<record recordID="1">
<DBMSName>{AES}I4IcGD7FYxsIs|rRb/f/z8mBBN8Absd/t+n4nrSOrOap1uIRXfYuxvTi3B3cYehvnEBMUJwz/</DBMSName>
<active>true</active>
<basedn>{AES}UjK|sdH3GXqqSr3ATxh3/m0qZH617dJ/h7to2ptYTppY5ne3HpJyUc11YDHJ7Av6HUqxQayf/</basedn>
<binddn>{AES}ujfM8aS6gzdDOpmbv6/MDoeXRM2xrfYvtAvtLZ5GR1V9cHHk0a53TxBVGmYg2uiqasEgdc|1UwaglK4hG6m5B/VwgO58u/w==</binddn>
<bindpw>{AES}7akQK8euihLN|66/eqicapkP+t6KUuseKuWFbhogYn3aSYlOn4OjZWzssHkNyDL+2DswROIG8hKVXQ00ythC/5UyA7H40/w==</bindpw>
<data_source>LDAP</data_source>
<disablereferalchasing>false</disablereferalchasing>
<errorCode>0</errorCode>
<errorcode>0</errorcode>
<failoverurl>{AES}tmb++wNuEDwMQ3NscNx45+Kpww1oc+vAZV3U0Eg1zCS28|0rnrVdQNI03BfoLgZ1jNwTGiG//</failoverurl>
<id>replicationjournal</id>
<kerberos>false</kerberos>
<label>replicationjournal</label>
<ldapurl>{AES}SzMv1ic65aOYlEWzJ2epHzoutsaZwEkxWnTpLFv|jRl24Y2facwoEkG68em2mJvF9IBKn8k8Ac8Orv16JOwL8S4FAM6uyz195/mADPOMtKq1MveHQpvwcte6PEn9Oc6u9B+ceWLWehbhfXnisCRFT96153cAP/w==</ldapurl>
<pageresultcontrol>false</pageresultcontrol>
<pagesize>500</pagesize>
<ssl>false</ssl>
<status>OK</status>
<verifyhostname>false</verifyhostname>
</record>
</wrap>
</xml>