<?xml version="1.0" encoding="UTF-8" ?>
<xml>
<xsd:schema xmlns:xsd="http://www.w3.org/2001/XMLSchema" xmlns:sql="http://www.radiantlogic.com/schemas" >
<xsd:annotation>
<xsd:documentation xml:lang="en">This schema is generated by RadiantLogic XML tool.</xsd:documentation>
</xsd:annotation>
<xsd:element name="wrap" type="wrapType" />
<xsd:complexType name="wrapType">
<xsd:sequence>
<xsd:element name="record" type="recordType" minOccurs="0" maxOccurs="unbounded" />
</xsd:sequence>
</xsd:complexType>
<xsd:complexType name="recordType">
<xsd:sequence>
<xsd:element name="password" type="xsd:string" />
<xsd:element name="DBMSName" sql:field="DBMS Name" type="xsd:string" />
<xsd:element name="active" type="xsd:string" />
<xsd:element name="errorCode" type="xsd:string" />
<xsd:element name="id" type="xsd:string" />
<xsd:element name="label" type="xsd:string" />
<xsd:element name="driver-class-name" type="xsd:string" />
<xsd:element name="data_source" type="xsd:string" />
<xsd:element name="url" type="xsd:string" />
<xsd:element name="errorcode" type="xsd:string" />
<xsd:element name="username" type="xsd:string" />
<xsd:element name="status" type="xsd:string" />
</xsd:sequence>
<xsd:attribute name="recordID" type="xsd:string" />
</xsd:complexType>
</xsd:schema>
<wrap>
<record recordID="1">
<DBMSName>{AES}U|Vy/OFFj1rfzoH9XnNLWpBlassOBa/6V4YBhv0NunstLk7sGygNXxTiRDjCFSDzFvnwKXRz/</DBMSName>
<active>true</active>
<data_source>JDBC</data_source>
<driver-class-name>{AES}7WTyk0uDlJq3NeycsJFEAxkbhOOw41D0344XqHMgXM2mNcoa7TpIUDusVNsfgxgGrhn6yo|z1wM41j+QRO6mxzCz/xqhdFcEfeDDEl4nISClyxHO5bv8=</driver-class-name>
<errorCode>0</errorCode>
<errorcode>0</errorcode>
<id>rli_client_db_datasource</id>
<label>rli_client_db_datasource</label>
<password>{AES}7KMeggWZ+S3+dM2AxdmuDbKaB8+yORlLAgVgQAafK|U2/RuSQdZSF5y+2Rw+QRi2dUY57cxf/</password>
<status>OK</status>
<url>{AES}59hji9ITfNM335IHZYRb0b5GoRNpqAYm9qXsYAPBqHGBILaz/jJhn2SXhM64TQ8JfzRxQ|gxctn/sVwrCWSmkyhknAormza4u+kBmCl/W1y4UQMQiOs6yPb259gaXtIXWPtJHk2CAUBGy/2skx6guzUrUozY8zy41OH/0+pHcIoO1boKpIf8=</url>
<username>{AES}XlJ3GaVv0HR0nR7+TAYB9nlgjqtGBT2j1Pvmk5PA1BIw3HD2YsQfEz0kSV|fNcJscHslIzQT/</username>
</record>
</wrap>
</xml>