<?xml version="1.0" encoding="UTF-8" ?>
<xml>
<xsd:schema xmlns:xsd="http://www.w3.org/2001/XMLSchema" xmlns:sql="http://www.radiantlogic.com/schemas" >
<xsd:annotation>
<xsd:documentation xml:lang="en">This schema is generated by RadiantLogic XML tool.</xsd:documentation>
</xsd:annotation>
<xsd:element name="wrap" type="wrapType" />
<xsd:complexType name="wrapType">
<xsd:sequence>
<xsd:element name="record" type="recordType" minOccurs="0" maxOccurs="unbounded" />
</xsd:sequence>
</xsd:complexType>
<xsd:complexType name="recordType">
<xsd:sequence>
<xsd:element name="password" type="xsd:string" />
<xsd:element name="DBMSName" sql:field="DBMS Name" type="xsd:string" />
<xsd:element name="active" type="xsd:string" />
<xsd:element name="errorCode" type="xsd:string" />
<xsd:element name="id" type="xsd:string" />
<xsd:element name="label" type="xsd:string" />
<xsd:element name="driver-class-name" type="xsd:string" />
<xsd:element name="data_source" type="xsd:string" />
<xsd:element name="url" type="xsd:string" />
<xsd:element name="errorcode" type="xsd:string" />
<xsd:element name="username" type="xsd:string" />
<xsd:element name="status" type="xsd:string" />
</xsd:sequence>
<xsd:attribute name="recordID" type="xsd:string" />
</xsd:complexType>
</xsd:schema>
<wrap>
<record recordID="1">
<DBMSName>{AES}9Av6/72+PdiSw432FrfoXJB3Y7gupsZrIKY4ywmT7JK0qSuMK3t3p6N9+WFBSCCA|QuSj0mH/</DBMSName>
<active>true</active>
<data_source>JDBC</data_source>
<driver-class-name>{AES}Bz/WPBCO1/jmEP8RmaE0BB2PBZSbhm70fl3JIIgKBJJknlRD1xDe3Sqk6ff1xVtum5k1DTPYSIRXvF7xZ/VqDQMVP9qxkZ2NilYh7l8b9CBnjxrhH|P8=</driver-class-name>
<errorCode>0</errorCode>
<errorcode>0</errorcode>
<id>rx500</id>
<label>rx500</label>
<password>{AES}0oZc7amcHuzlBEXTzfsqEFr9|OtdNG73NRPfyAPdWIM+I2iu+AHXTe/iELd9d6bvT9cK3p2f/</password>
<status>OK</status>
<url>{AES}5+DiKNFBfjfA1eP7ioO08uOYToj9zW7O6Gho3lrFC|odsuf3qDEWpc1l/Y9UD5SUJczLR2xlG97Q/L0uHB58EpUMZn6fvHpJb+EIqBHDzpRR30kju4nSQqwJbegamF8xzS6vmOA3TNweDSLRp2TqriZlBG3thVRHZ4oLnLKwfOK85W5CCBv8=</url>
<username>{AES}VzcY|yvriAOr1mAZhQuxt1L79tLketUwy/xz9BO0kkr6DQh8OsnjkXA7OiO39ozclD3Z4NAz/</username>
</record>
</wrap>
</xml>