<?xml version="1.0" encoding="UTF-8" ?>
<xml>
<xsd:schema xmlns:xsd="http://www.w3.org/2001/XMLSchema" xmlns:sql="http://www.radiantlogic.com/schemas" >
<xsd:annotation>
<xsd:documentation xml:lang="en">This schema is generated by RadiantLogic XML tool.</xsd:documentation>
</xsd:annotation>
<xsd:element name="wrap" type="wrapType" />
<xsd:complexType name="wrapType">
<xsd:sequence>
<xsd:element name="record" type="recordType" minOccurs="0" maxOccurs="unbounded" />
</xsd:sequence>
</xsd:complexType>
<xsd:complexType name="recordType">
<xsd:sequence>
<xsd:element name="DBMSName" sql:field="DBMS Name" type="xsd:string" />
<xsd:element name="agent_id" type="xsd:string" />
<xsd:element name="active" type="xsd:string" />
<xsd:element name="errorCode" type="xsd:string" />
<xsd:element name="label" type="xsd:string" />
<xsd:element name="alternatedatasource" type="xsd:string" />
<xsd:element name="data_source" type="xsd:string" />
<xsd:element name="url" type="xsd:string" />
<xsd:element name="password" type="xsd:string" />
<xsd:element name="id" type="xsd:string" />
<xsd:element name="driver-class-name" type="xsd:string" />
<xsd:element name="errorcode" type="xsd:string" />
<xsd:element name="username" type="xsd:string" />
<xsd:element name="status" type="xsd:string" />
</xsd:sequence>
<xsd:attribute name="recordID" type="xsd:string" />
</xsd:complexType>
</xsd:schema>
<wrap>
<record recordID="1">
<DBMSName>{AES}hEvN7uFQSoadhPJoni4mZB0x8kSrQQQh+hxvG9xY4NRyMIPxap|fTq0xXUizTndlo31rZCC3/</DBMSName>
<active>true</active>
<agent_id>None</agent_id>
<alternatedatasource></alternatedatasource>
<data_source>JDBC</data_source>
<driver-class-name>{AES}QHq4U9/JiFfON+4xiCHT7W38SMTytMKZ6+xK5EdO5+FQOYZzAdMWF|CbAqRkXimiRalUj1U8ma/zU1/Ta7zSn29NrSAdGipmKSmJyUKC+zIH5ce1pA/8=</driver-class-name>
<errorCode>0</errorCode>
<errorcode>0</errorcode>
<id>salesforce</id>
<label>salesforce</label>
<password>{AES}so9KYPq1Koc4eCh5H86RxbBiqonae41O9P5OncWVmhpk|RGQh4/FeU7A859D1KvbdLfx7+/MYrGcSb2046vCHpYJ+83psKFOMv2WZW2ei5fqVQdFAY/8=</password>
<status>OK</status>
<url>{AES}kDyET4RioGLO7ulLSUWttvwRXByukgqVGhJ+Z8hw0ZWcapveFmQFM+Sv|RFaOejG9bYHCanX88ZM9mXK5txkxoRl/k4pY/w==</url>
<username>{AES}Y1h7SoYh6I2oO+PZym92gCXfc23kYj3LFC2jUZtmYfZV168vN02T0QfKu/gAfDXLJq1nVCrEOfWT54cGKoEDEFtvqSUb/w=|=</username>
</record>
</wrap>
</xml>