<?xml version="1.0" encoding="UTF-8" ?>
<xml>
<xsd:schema xmlns:xsd="http://www.w3.org/2001/XMLSchema" xmlns:sql="http://www.radiantlogic.com/schemas" >
<xsd:annotation>
<xsd:documentation xml:lang="en">This schema is generated by RadiantLogic XML tool.</xsd:documentation>
</xsd:annotation>
<xsd:element name="wrap" type="wrapType" />
<xsd:complexType name="wrapType">
<xsd:sequence>
<xsd:element name="record" type="recordType" minOccurs="0" maxOccurs="unbounded" />
</xsd:sequence>
</xsd:complexType>
<xsd:complexType name="recordType">
<xsd:sequence>
<xsd:element name="passthru" type="xsd:string" />
<xsd:element name="datasource" sql:field="data source" type="xsd:string" />
<xsd:element name="active" type="xsd:string" />
<xsd:element name="errorCode" type="xsd:string" />
<xsd:element name="label" type="xsd:string" />
<xsd:element name="data_source" type="xsd:string" />
<xsd:element name="url" type="xsd:string" />
<xsd:element name="password" type="xsd:string" />
<xsd:element name="protocol" type="xsd:string" />
<xsd:element name="meta-name" type="xsd:string" />
<xsd:element name="readonly" type="xsd:string" />
<xsd:element name="datasource" type="xsd:string" />
<xsd:element name="id" type="xsd:string" />
<xsd:element name="errorcode" type="xsd:string" />
<xsd:element name="status" type="xsd:string" />
<xsd:element name="username" type="xsd:string" />
</xsd:sequence>
<xsd:attribute name="recordID" type="xsd:string" />
</xsd:complexType>
</xsd:schema>
<wrap>
<record recordID="1">
<active>true</active>
<datasource>XML</datasource>
<data_source>XML</data_source>
<datasource>XML</datasource>
<errorCode>0</errorCode>
<errorcode>0</errorcode>
<id>servicenow</id>
<label>servicenow</label>
<meta-name>SCIM v2</meta-name>
<passthru>false</passthru>
<password>{AES}SLBNYYolAo3/ciIVzNe|uHDfF8cDUpbsayniYzuu27NG5emanS8xunDq/KWMg0pFokEpq7HX/</password>
<protocol>https</protocol>
<readonly>false</readonly>
<status>OK</status>
<url>https://dev218852.service-now.com/api/now/scim</url>
<username>admin</username>
</record>
</wrap>
</xml>