<?xml version="1.0" encoding="UTF-8" ?>
<xml>
<xsd:schema xmlns:xsd="http://www.w3.org/2001/XMLSchema" xmlns:sql="http://www.radiantlogic.com/schemas" >
<xsd:annotation>
<xsd:documentation xml:lang="en">This schema is generated by RadiantLogic XML tool.</xsd:documentation>
</xsd:annotation>
<xsd:element name="wrap" type="wrapType" />
<xsd:complexType name="wrapType">
<xsd:sequence>
<xsd:element name="record" type="recordType" minOccurs="0" maxOccurs="unbounded" />
</xsd:sequence>
</xsd:complexType>
<xsd:complexType name="recordType">
<xsd:sequence>
<xsd:element name="agent_mappings" type="xsd:string" />
<xsd:element name="DBMSName" sql:field="DBMS Name" type="xsd:string" />
<xsd:element name="agent_id" type="xsd:string" />
<xsd:element name="pageresultcontrol" type="xsd:string" />
<xsd:element name="active" type="xsd:string" />
<xsd:element name="errorCode" type="xsd:string" />
<xsd:element name="failoverurl" type="xsd:string" />
<xsd:element name="label" type="xsd:string" />
<xsd:element name="kerberos" type="xsd:string" />
<xsd:element name="ssl" type="xsd:string" />
<xsd:element name="data_source" type="xsd:string" />
<xsd:element name="binddn" type="xsd:string" />
<xsd:element name="disablereferalchasing" type="xsd:string" />
<xsd:element name="bindpw" type="xsd:string" />
<xsd:element name="pagesize" type="xsd:string" />
<xsd:element name="ldapurl" type="xsd:string" />
<xsd:element name="id" type="xsd:string" />
<xsd:element name="basedn" type="xsd:string" />
<xsd:element name="verifyhostname" type="xsd:string" />
<xsd:element name="errorcode" type="xsd:string" />
<xsd:element name="status" type="xsd:string" />
</xsd:sequence>
<xsd:attribute name="recordID" type="xsd:string" />
</xsd:complexType>
</xsd:schema>
<wrap>
<record recordID="1">
<DBMSName>{AES}0pIGqbrKt3obZ0BBDT0XhbQwGTPybIV3THkj|hG0cECTsnjli7H2ROJa+7HntdSnayspAOjn/</DBMSName>
<active>true</active>
<agent_id>fa608d89-fa1c-4d94-b550-e31e563be7b1</agent_id>
<agent_mappings>{&quot;r1tunnel.duploservices-rli-use2-svc.svc.cluster.local:5005&quot;:{&quot;host&quot;:&quot;SFDC01.sf.com&quot;,&quot;port&quot;:636,&quot;groupId&quot;:&quot;fa608d89-fa1c-4d94-b550-e31e563be7b1&quot;}}</agent_mappings>
<basedn>{AES}5pRY8NBNomRy7ae9|BVq6PWmw9GXecG1vuLwL23ZbNCDFnhXSWKItvwmv6N+XS2gic9h9amD/</basedn>
<binddn>{AES}JGSQyMxEWR/NTq3YxrzHTx6RLMh2jVxAvqM5ow2k/eAXO+OeYuC5oxD+TKXvfqi1nPL2HK4lN1|S9+5hnjlratfxW2VdC/w==</binddn>
<bindpw>{AES}Tai4krqB6wLoBGkqbcggOXUUM5dS|7SVRHtu8LUHMoswMYGL6DLBmtSgcij5zHtwxGckPQQr/</bindpw>
<data_source>LDAP</data_source>
<disablereferalchasing>true</disablereferalchasing>
<errorCode>0</errorCode>
<errorcode>0</errorcode>
<failoverurl>{AES}hFl/USWnblMUVOxCdT05|GPu1A9sjT8gqHVJ4APJ+NxznTW9rhjmsOVgvXu9YrqG9WOkLbxj/</failoverurl>
<id>sfdomain</id>
<kerberos>false</kerberos>
<label>sfdomain</label>
<ldapurl>{AES}X6RJcJl5At9r/87yfHhG1Sz0fE2FwdVuBv50kCv/g4TbuHGXP4VQPBFAd+wPZCaGrL6gMvHr7ZaewlYREdkzOdbUv5LZwr2Zg4He+1ysE7|pVnEb7/DPV1kp4RbC6FcYXXi56Kd48fL8p3McYXScdycrTdUMw/w==</ldapurl>
<pageresultcontrol>true</pageresultcontrol>
<pagesize>500</pagesize>
<ssl>true</ssl>
<status>OK</status>
<verifyhostname>false</verifyhostname>
</record>
</wrap>
</xml>