<?xml version="1.0" encoding="UTF-8" ?>
<xml>
<xsd:schema xmlns:xsd="http://www.w3.org/2001/XMLSchema" xmlns:sql="http://www.radiantlogic.com/schemas" >
<xsd:annotation>
<xsd:documentation xml:lang="en">This schema is generated by RadiantLogic XML tool.</xsd:documentation>
</xsd:annotation>
<xsd:element name="wrap" type="wrapType" />
<xsd:complexType name="wrapType">
<xsd:sequence>
<xsd:element name="record" type="recordType" minOccurs="0" maxOccurs="unbounded" />
</xsd:sequence>
</xsd:complexType>
<xsd:complexType name="recordType">
<xsd:sequence>
<xsd:element name="password" type="xsd:string" />
<xsd:element name="DBMSName" sql:field="DBMS Name" type="xsd:string" />
<xsd:element name="active" type="xsd:string" />
<xsd:element name="errorCode" type="xsd:string" />
<xsd:element name="id" type="xsd:string" />
<xsd:element name="label" type="xsd:string" />
<xsd:element name="driver-class-name" type="xsd:string" />
<xsd:element name="data_source" type="xsd:string" />
<xsd:element name="url" type="xsd:string" />
<xsd:element name="errorcode" type="xsd:string" />
<xsd:element name="username" type="xsd:string" />
<xsd:element name="status" type="xsd:string" />
</xsd:sequence>
<xsd:attribute name="recordID" type="xsd:string" />
</xsd:complexType>
</xsd:schema>
<wrap>
<record recordID="1">
<DBMSName>{AES}Zo9mhAatTJtkyS4I|AfWYzgGgyi0HwW3XvApJYGExYZiyBf2rbgU4creNZteCBQBCA7kcJg3/</DBMSName>
<active>true</active>
<data_source>JDBC</data_source>
<driver-class-name>{AES}BZ0ixZ5MbxzhQGZfAWtU34Lz88Ndj/VJcml3REnlIykLzeffOe+l9cJvQ62z|M33YUGyRlW9vVsitzTDZ/HcXQyZrYYei5frRB4sVi7MOdl8mQ8alMv8=</driver-class-name>
<errorCode>0</errorCode>
<errorcode>0</errorcode>
<id>vdapdb</id>
<label>vdapdb</label>
<password>{AES}AqQjrinuuOHXjLik7hxNEWsUGVjK9Kn7GLFK1rtmzdn29r/pC/RJ71GYlcY|YmzjilEvQFWr/</password>
<status>OK</status>
<url>{AES}gk2YT/QjwQ+c4GJ1DIGswOaVQBdFWtNCgJumeYUyqIIayQfNT8IJ1Xk2KNpLJx+BvWHmHvBm2ShCxV8dKbq+oNQ7CaRkfreO9HD2NWXsMYYb3QP4SKB/d/SX/vk6q9MhBknnDD2tQ|Tn+KT89KDXFbqb4SMAPEP4Md3tTCYI31oqP1TzqNf8=</url>
<username>{AES}OdvyXIhrVsJUMebV0x9dFHKu|2itMZOi9fvip+RAKba6Duu2jdx0Avu71hlAurmwfOEJ/E2P/</username>
</record>
</wrap>
</xml>