<?xml version="1.0" encoding="UTF-8" ?>
<xml>
<xsd:schema xmlns:xsd="http://www.w3.org/2001/XMLSchema" xmlns:sql="http://www.radiantlogic.com/schemas" >
<xsd:annotation>
<xsd:documentation xml:lang="en">This schema is generated by RadiantLogic XML tool.</xsd:documentation>
</xsd:annotation>
<xsd:element name="wrap" type="wrapType" />
<xsd:complexType name="wrapType">
<xsd:sequence>
<xsd:element name="record" type="recordType" minOccurs="0" maxOccurs="unbounded" />
</xsd:sequence>
</xsd:complexType>
<xsd:complexType name="recordType">
<xsd:sequence>
<xsd:element name="DBMSName" sql:field="DBMS Name" type="xsd:string" />
<xsd:element name="pageresultcontrol" type="xsd:string" />
<xsd:element name="active" type="xsd:string" />
<xsd:element name="errorCode" type="xsd:string" />
<xsd:element name="failoverurl" type="xsd:string" />
<xsd:element name="label" type="xsd:string" />
<xsd:element name="kerberos" type="xsd:string" />
<xsd:element name="ssl" type="xsd:string" />
<xsd:element name="data_source" type="xsd:string" />
<xsd:element name="binddn" type="xsd:string" />
<xsd:element name="disablereferalchasing" type="xsd:string" />
<xsd:element name="bindpw" type="xsd:string" />
<xsd:element name="pagesize" type="xsd:string" />
<xsd:element name="ldapurl" type="xsd:string" />
<xsd:element name="id" type="xsd:string" />
<xsd:element name="basedn" type="xsd:string" />
<xsd:element name="verifyhostname" type="xsd:string" />
<xsd:element name="errorcode" type="xsd:string" />
<xsd:element name="status" type="xsd:string" />
</xsd:sequence>
<xsd:attribute name="recordID" type="xsd:string" />
</xsd:complexType>
</xsd:schema>
<wrap>
<record recordID="1">
<DBMSName>{AES}WIANM1mQ87/cVq/2Szaw1l|qrAGPlB31nrOfSgM6I+L/Sp1+7I/D5euubXr0+jRB/ZFLe/jf/</DBMSName>
<active>true</active>
<basedn>{AES}OU0Vq+QDSDy9pq8wIlPViaZkkSGH|yDovhiFREAlS97XcqJlfntj9yXqmhGGDoYdynmr7i0f/</basedn>
<binddn>{AES}B|KCHnl+DweX/uFFtqg491CuGpHJCwnc6NqqLP2aUuyuZxpc2wAUgkog2SnYfAZf3ZmLQ72W/hOtGZrVl1Y0WYTcNU3Vx/w==</binddn>
<bindpw>{AES}mUh6jHjci7FpjUjUUJmzDoCXd0WWB6pWLOl8TNzc9fFnyISMQfnNo|QsCpEsQEi6itwrSXcUWx4l3DVfBbjWWhsoIF8wv/w==</bindpw>
<data_source>LDAP</data_source>
<disablereferalchasing>false</disablereferalchasing>
<errorCode>0</errorCode>
<errorcode>0</errorcode>
<failoverurl>{AES}iY72n1Q2EIdG3xIcqpymPyMFLyMO6XHF|ejEYRIISW86VZXCd8ofJfYch2EzDn13pYzb6z0v/</failoverurl>
<id>vdsha</id>
<kerberos>false</kerberos>
<label>vdsha</label>
<ldapurl>{AES}IEiZO1G91CEUEPZdMsM9+REuroqTlyG3hAeW5cr8ivC7445p6MQ/Et+n+WZzpNPBsNb5byi53kPqdHnWJe+ZPfselAyhzydGUPOXmRnp4NebYFXlHDGB8qS+Oos/DB+|ZIGau9EdWqLplrV3ucPbhp+eAXMUO/w==</ldapurl>
<pageresultcontrol>false</pageresultcontrol>
<pagesize>500</pagesize>
<ssl>false</ssl>
<status>OK</status>
<verifyhostname>false</verifyhostname>
</record>
</wrap>
</xml>