{
  "schemas" : [ "urn:ietf:params:scim:schemas:core:2.0:Schema" ],
  "id" : "urn:ietf:params:scim:schemas:core:2.0:globalprofile",
  "name" : "GlobalProfile",
  "description" : "Auto-generated Schema for /globalprofile",
  "meta" : {
    "lastModified" : "2024-08-28T20:39:32.354Z",
    "created" : "2024-08-28T20:39:32.354Z",
    "version" : "W/\"1aa1b529\"",
    "resourceType" : "Schema"
  },
  "attributes" : [ {
    "name" : "mail",
    "type" : "string",
    "multiValued" : false,
    "description" : "Dynamic attribute generated for attribute name: mail",
    "required" : false,
    "caseExact" : false,
    "mutability" : "readWrite",
    "returned" : "default",
    "uniqueness" : "none"
  }, {
    "name" : "teletexTerminalIdentifier",
    "type" : "string",
    "multiValued" : false,
    "description" : "Dynamic attribute generated for attribute name: teletexTerminalIdentifier",
    "required" : false,
    "caseExact" : false,
    "mutability" : "readWrite",
    "returned" : "default",
    "uniqueness" : "none"
  }, {
    "name" : "postalCode",
    "type" : "string",
    "multiValued" : false,
    "description" : "Dynamic attribute generated for attribute name: postalCode",
    "required" : false,
    "caseExact" : false,
    "mutability" : "readWrite",
    "returned" : "default",
    "uniqueness" : "none"
  }, {
    "name" : "x500uniqueIdentifier",
    "type" : "string",
    "multiValued" : false,
    "description" : "Dynamic attribute generated for attribute name: x500uniqueIdentifier",
    "required" : false,
    "caseExact" : false,
    "mutability" : "readWrite",
    "returned" : "default",
    "uniqueness" : "none"
  }, {
    "name" : "carLicense",
    "type" : "string",
    "multiValued" : false,
    "description" : "Dynamic attribute generated for attribute name: carLicense",
    "required" : false,
    "caseExact" : false,
    "mutability" : "readWrite",
    "returned" : "default",
    "uniqueness" : "none"
  }, {
    "name" : "telexNumber",
    "type" : "string",
    "multiValued" : false,
    "description" : "Dynamic attribute generated for attribute name: telexNumber",
    "required" : false,
    "caseExact" : false,
    "mutability" : "readWrite",
    "returned" : "default",
    "uniqueness" : "none"
  }, {
    "name" : "employeeNumber",
    "type" : "string",
    "multiValued" : false,
    "description" : "Dynamic attribute generated for attribute name: employeeNumber",
    "required" : false,
    "caseExact" : false,
    "mutability" : "readWrite",
    "returned" : "default",
    "uniqueness" : "none"
  }, {
    "name" : "postOfficeBox",
    "type" : "string",
    "multiValued" : false,
    "description" : "Dynamic attribute generated for attribute name: postOfficeBox",
    "required" : false,
    "caseExact" : false,
    "mutability" : "readWrite",
    "returned" : "default",
    "uniqueness" : "none"
  }, {
    "name" : "registeredAddress",
    "type" : "string",
    "multiValued" : false,
    "description" : "Dynamic attribute generated for attribute name: registeredAddress",
    "required" : false,
    "caseExact" : false,
    "mutability" : "readWrite",
    "returned" : "default",
    "uniqueness" : "none"
  }, {
    "name" : "pager",
    "type" : "string",
    "multiValued" : false,
    "description" : "Dynamic attribute generated for attribute name: pager",
    "required" : false,
    "caseExact" : false,
    "mutability" : "readWrite",
    "returned" : "default",
    "uniqueness" : "none"
  }, {
    "name" : "x121Address",
    "type" : "string",
    "multiValued" : false,
    "description" : "Dynamic attribute generated for attribute name: x121Address",
    "required" : false,
    "caseExact" : false,
    "mutability" : "readWrite",
    "returned" : "default",
    "uniqueness" : "none"
  }, {
    "name" : "jpegPhoto",
    "type" : "string",
    "multiValued" : false,
    "description" : "Dynamic attribute generated for attribute name: jpegPhoto",
    "required" : false,
    "caseExact" : false,
    "mutability" : "readWrite",
    "returned" : "default",
    "uniqueness" : "none"
  }, {
    "name" : "labeledURI",
    "type" : "string",
    "multiValued" : false,
    "description" : "Dynamic attribute generated for attribute name: labeledURI",
    "required" : false,
    "caseExact" : false,
    "mutability" : "readWrite",
    "returned" : "default",
    "uniqueness" : "none"
  }, {
    "name" : "physicalDeliveryOfficeName",
    "type" : "string",
    "multiValued" : false,
    "description" : "Dynamic attribute generated for attribute name: physicalDeliveryOfficeName",
    "required" : false,
    "caseExact" : false,
    "mutability" : "readWrite",
    "returned" : "default",
    "uniqueness" : "none"
  }, {
    "name" : "userSMimeCertificate",
    "type" : "string",
    "multiValued" : false,
    "description" : "Dynamic attribute generated for attribute name: userSMimeCertificate",
    "required" : false,
    "caseExact" : false,
    "mutability" : "readWrite",
    "returned" : "default",
    "uniqueness" : "none"
  }, {
    "name" : "initials",
    "type" : "string",
    "multiValued" : false,
    "description" : "Dynamic attribute generated for attribute name: initials",
    "required" : false,
    "caseExact" : false,
    "mutability" : "readWrite",
    "returned" : "default",
    "uniqueness" : "none"
  }, {
    "name" : "givenName",
    "type" : "string",
    "multiValued" : false,
    "description" : "Dynamic attribute generated for attribute name: givenName",
    "required" : false,
    "caseExact" : false,
    "mutability" : "readWrite",
    "returned" : "default",
    "uniqueness" : "none"
  }, {
    "name" : "homePhone",
    "type" : "string",
    "multiValued" : false,
    "description" : "Dynamic attribute generated for attribute name: homePhone",
    "required" : false,
    "caseExact" : false,
    "mutability" : "readWrite",
    "returned" : "default",
    "uniqueness" : "none"
  }, {
    "name" : "destinationIndicator",
    "type" : "string",
    "multiValued" : false,
    "description" : "Dynamic attribute generated for attribute name: destinationIndicator",
    "required" : false,
    "caseExact" : false,
    "mutability" : "readWrite",
    "returned" : "default",
    "uniqueness" : "none"
  }, {
    "name" : "postalAddress",
    "type" : "string",
    "multiValued" : false,
    "description" : "Dynamic attribute generated for attribute name: postalAddress",
    "required" : false,
    "caseExact" : false,
    "mutability" : "readWrite",
    "returned" : "default",
    "uniqueness" : "none"
  }, {
    "name" : "userCertificate",
    "type" : "string",
    "multiValued" : false,
    "description" : "Dynamic attribute generated for attribute name: userCertificate",
    "required" : false,
    "caseExact" : false,
    "mutability" : "readWrite",
    "returned" : "default",
    "uniqueness" : "none"
  }, {
    "name" : "internationaliSDNNumber",
    "type" : "string",
    "multiValued" : false,
    "description" : "Dynamic attribute generated for attribute name: internationaliSDNNumber",
    "required" : false,
    "caseExact" : false,
    "mutability" : "readWrite",
    "returned" : "default",
    "uniqueness" : "none"
  }, {
    "name" : "departmentNumber",
    "type" : "string",
    "multiValued" : false,
    "description" : "Dynamic attribute generated for attribute name: departmentNumber",
    "required" : false,
    "caseExact" : false,
    "mutability" : "readWrite",
    "returned" : "default",
    "uniqueness" : "none"
  }, {
    "name" : "preferredLanguage",
    "type" : "string",
    "multiValued" : false,
    "description" : "Dynamic attribute generated for attribute name: preferredLanguage",
    "required" : false,
    "caseExact" : false,
    "mutability" : "readWrite",
    "returned" : "default",
    "uniqueness" : "none"
  }, {
    "name" : "roomNumber",
    "type" : "string",
    "multiValued" : false,
    "description" : "Dynamic attribute generated for attribute name: roomNumber",
    "required" : false,
    "caseExact" : false,
    "mutability" : "readWrite",
    "returned" : "default",
    "uniqueness" : "none"
  }, {
    "name" : "telephoneNumber",
    "type" : "string",
    "multiValued" : false,
    "description" : "Dynamic attribute generated for attribute name: telephoneNumber",
    "required" : false,
    "caseExact" : false,
    "mutability" : "readWrite",
    "returned" : "default",
    "uniqueness" : "none"
  }, {
    "name" : "displayName",
    "type" : "string",
    "multiValued" : false,
    "description" : "Dynamic attribute generated for attribute name: displayName",
    "required" : false,
    "caseExact" : false,
    "mutability" : "readWrite",
    "returned" : "default",
    "uniqueness" : "none"
  }, {
    "name" : "description",
    "type" : "string",
    "multiValued" : false,
    "description" : "Dynamic attribute generated for attribute name: description",
    "required" : false,
    "caseExact" : false,
    "mutability" : "readWrite",
    "returned" : "default",
    "uniqueness" : "none"
  }, {
    "name" : "title",
    "type" : "string",
    "multiValued" : false,
    "description" : "Dynamic attribute generated for attribute name: title",
    "required" : false,
    "caseExact" : false,
    "mutability" : "readWrite",
    "returned" : "default",
    "uniqueness" : "none"
  }, {
    "name" : "seeAlso",
    "type" : "string",
    "multiValued" : false,
    "description" : "Dynamic attribute generated for attribute name: seeAlso",
    "required" : false,
    "caseExact" : false,
    "mutability" : "readWrite",
    "returned" : "default",
    "uniqueness" : "none"
  }, {
    "name" : "uid",
    "type" : "string",
    "multiValued" : false,
    "description" : "Dynamic attribute generated for attribute name: uid",
    "required" : false,
    "caseExact" : false,
    "mutability" : "readWrite",
    "returned" : "default",
    "uniqueness" : "none"
  }, {
    "name" : "secretary",
    "type" : "string",
    "multiValued" : false,
    "description" : "Dynamic attribute generated for attribute name: secretary",
    "required" : false,
    "caseExact" : false,
    "mutability" : "readWrite",
    "returned" : "default",
    "uniqueness" : "none"
  }, {
    "name" : "street",
    "type" : "string",
    "multiValued" : false,
    "description" : "Dynamic attribute generated for attribute name: street",
    "required" : false,
    "caseExact" : false,
    "mutability" : "readWrite",
    "returned" : "default",
    "uniqueness" : "none"
  }, {
    "name" : "audio",
    "type" : "string",
    "multiValued" : false,
    "description" : "Dynamic attribute generated for attribute name: audio",
    "required" : false,
    "caseExact" : false,
    "mutability" : "readWrite",
    "returned" : "default",
    "uniqueness" : "none"
  }, {
    "name" : "sn",
    "type" : "string",
    "multiValued" : false,
    "description" : "Dynamic attribute generated for attribute name: sn",
    "required" : false,
    "caseExact" : false,
    "mutability" : "readWrite",
    "returned" : "default",
    "uniqueness" : "none"
  }, {
    "name" : "st",
    "type" : "string",
    "multiValued" : false,
    "description" : "Dynamic attribute generated for attribute name: st",
    "required" : false,
    "caseExact" : false,
    "mutability" : "readWrite",
    "returned" : "default",
    "uniqueness" : "none"
  }, {
    "name" : "manager",
    "type" : "string",
    "multiValued" : false,
    "description" : "Dynamic attribute generated for attribute name: manager",
    "required" : false,
    "caseExact" : false,
    "mutability" : "readWrite",
    "returned" : "default",
    "uniqueness" : "none"
  }, {
    "name" : "ou",
    "type" : "string",
    "multiValued" : false,
    "description" : "Dynamic attribute generated for attribute name: ou",
    "required" : false,
    "caseExact" : false,
    "mutability" : "readWrite",
    "returned" : "default",
    "uniqueness" : "none"
  }, {
    "name" : "mobile",
    "type" : "string",
    "multiValued" : false,
    "description" : "Dynamic attribute generated for attribute name: mobile",
    "required" : false,
    "caseExact" : false,
    "mutability" : "readWrite",
    "returned" : "default",
    "uniqueness" : "none"
  }, {
    "name" : "photo",
    "type" : "string",
    "multiValued" : false,
    "description" : "Dynamic attribute generated for attribute name: photo",
    "required" : false,
    "caseExact" : false,
    "mutability" : "readWrite",
    "returned" : "default",
    "uniqueness" : "none"
  }, {
    "name" : "cn",
    "type" : "string",
    "multiValued" : false,
    "description" : "Dynamic attribute generated for attribute name: cn",
    "required" : false,
    "caseExact" : false,
    "mutability" : "readWrite",
    "returned" : "default",
    "uniqueness" : "none"
  }, {
    "name" : "facsimileTelephoneNumber",
    "type" : "string",
    "multiValued" : false,
    "description" : "Dynamic attribute generated for attribute name: facsimileTelephoneNumber",
    "required" : false,
    "caseExact" : false,
    "mutability" : "readWrite",
    "returned" : "default",
    "uniqueness" : "none"
  }, {
    "name" : "l",
    "type" : "string",
    "multiValued" : false,
    "description" : "Dynamic attribute generated for attribute name: l",
    "required" : false,
    "caseExact" : false,
    "mutability" : "readWrite",
    "returned" : "default",
    "uniqueness" : "none"
  }, {
    "name" : "homePostalAddress",
    "type" : "string",
    "multiValued" : false,
    "description" : "Dynamic attribute generated for attribute name: homePostalAddress",
    "required" : false,
    "caseExact" : false,
    "mutability" : "readWrite",
    "returned" : "default",
    "uniqueness" : "none"
  }, {
    "name" : "o",
    "type" : "string",
    "multiValued" : false,
    "description" : "Dynamic attribute generated for attribute name: o",
    "required" : false,
    "caseExact" : false,
    "mutability" : "readWrite",
    "returned" : "default",
    "uniqueness" : "none"
  }, {
    "name" : "employeeType",
    "type" : "string",
    "multiValued" : false,
    "description" : "Dynamic attribute generated for attribute name: employeeType",
    "required" : false,
    "caseExact" : false,
    "mutability" : "readWrite",
    "returned" : "default",
    "uniqueness" : "none"
  }, {
    "name" : "preferredDeliveryMethod",
    "type" : "string",
    "multiValued" : false,
    "description" : "Dynamic attribute generated for attribute name: preferredDeliveryMethod",
    "required" : false,
    "caseExact" : false,
    "mutability" : "readWrite",
    "returned" : "default",
    "uniqueness" : "none"
  }, {
    "name" : "businessCategory",
    "type" : "string",
    "multiValued" : false,
    "description" : "Dynamic attribute generated for attribute name: businessCategory",
    "required" : false,
    "caseExact" : false,
    "mutability" : "readWrite",
    "returned" : "default",
    "uniqueness" : "none"
  }, {
    "name" : "userPKCS12",
    "type" : "string",
    "multiValued" : false,
    "description" : "Dynamic attribute generated for attribute name: userPKCS12",
    "required" : false,
    "caseExact" : false,
    "mutability" : "readWrite",
    "returned" : "default",
    "uniqueness" : "none"
  } ]
}