<?xml version="1.0" encoding="UTF-8" ?>
<xml>
<xsd:schema xmlns:xsd="http://www.w3.org/2001/XMLSchema" xmlns:sql="http://www.radiantlogic.com/schemas" >
<xsd:annotation>
<xsd:documentation xml:lang="en">This schema is generated by RadiantLogic XML tool.</xsd:documentation>
</xsd:annotation>
<xsd:element name="wrap" type="wrapType" />
<xsd:complexType name="wrapType">
<xsd:sequence>
<xsd:element name="record" type="recordType" minOccurs="0" maxOccurs="unbounded" />
</xsd:sequence>
</xsd:complexType>
<xsd:complexType name="recordType">
<xsd:sequence>
<xsd:element name="agent_mappings" type="xsd:string" />
<xsd:element name="DBMSName" sql:field="DBMS Name" type="xsd:string" />
<xsd:element name="agent_id" type="xsd:string" />
<xsd:element name="pageresultcontrol" type="xsd:string" />
<xsd:element name="active" type="xsd:string" />
<xsd:element name="errorCode" type="xsd:string" />
<xsd:element name="failoverurl" type="xsd:string" />
<xsd:element name="label" type="xsd:string" />
<xsd:element name="kerberos" type="xsd:string" />
<xsd:element name="ssl" type="xsd:string" />
<xsd:element name="data_source" type="xsd:string" />
<xsd:element name="binddn" type="xsd:string" />
<xsd:element name="disablereferalchasing" type="xsd:string" />
<xsd:element name="bindpw" type="xsd:string" />
<xsd:element name="pagesize" type="xsd:string" />
<xsd:element name="ldapurl" type="xsd:string" />
<xsd:element name="id" type="xsd:string" />
<xsd:element name="basedn" type="xsd:string" />
<xsd:element name="verifyhostname" type="xsd:string" />
<xsd:element name="errorcode" type="xsd:string" />
<xsd:element name="status" type="xsd:string" />
</xsd:sequence>
<xsd:attribute name="recordID" type="xsd:string" />
</xsd:complexType>
</xsd:schema>
<wrap>
<record recordID="1">
<DBMSName>{AES}I4M893Zc84R8Xa4EwU97Ux+RIdaD11UJEQ1a|/6Mvrr58qgr4DxZ7+a/QdlSqiVejbq1BEVL/</DBMSName>
<active>true</active>
<agent_id>fa608d89-fa1c-4d94-b550-e31e563be7b1</agent_id>
<agent_mappings>{&quot;r1tunnel.duploservices-rli-use2-svc.svc.cluster.local:5030&quot;:{&quot;host&quot;:&quot;acmeb.corp&quot;,&quot;port&quot;:389}}</agent_mappings>
<basedn>{AES}AgPZMDx|0+RsLB3aAhwnl/DAziCB8UfpoYmN2GI74kPARlCSYxK6piZvP/EpgIOy8wdAloO/PYt0EKsKzhi8XHITFWK9x/w==</basedn>
<binddn>{AES}/2z20ejAENwRNW83rP1WLcdK0O5kLDsNB|PDaeAy5CMefo7YEov7fmJYJDm3QU5X7C84OSnZq8ipfZCqgPa7qrm60PXIM/w==</binddn>
<bindpw>{AES}2c1Zf4H/RwiD9vW/zZheTl0v0I02iqUZBMJdDVGiLLdxi|Q02oazzHfDrxPszw4hpTMRTaXf/</bindpw>
<data_source>LDAP</data_source>
<disablereferalchasing>true</disablereferalchasing>
<errorCode>0</errorCode>
<errorcode>0</errorcode>
<failoverurl>{AES}Yg6jekG4IcWtRTkBevgZfQuJ1Dq|LeSt7Bm++3ohKfbM4fah10y+qqaUVBNE3MM/nyXGgIBr/</failoverurl>
<id>acmeb</id>
<kerberos>false</kerberos>
<label>acmeb</label>
<ldapurl>{AES}gkaBV|BxnqDDBjkZdytUwfXS9iEQuG6xlEKf1TTcYy+Zy8NNCvSfyMwKJ3SIYr1MERqTgBXzUVGBLaj1xZvEu0qM3XZflAGXroTuVGakUgnne/USmEUCoZ0njC+n+sLYMMzSe6f/2OfXcwXwAqL5YBl6zDH8Et1ZsmIeaniXKDaXz82E9U/8=</ldapurl>
<pageresultcontrol>true</pageresultcontrol>
<pagesize>500</pagesize>
<ssl>false</ssl>
<status>OK</status>
<verifyhostname>false</verifyhostname>
</record>
</wrap>
</xml>