<?xml version="1.0" encoding="UTF-8" ?>
<xml>
<xsd:schema xmlns:xsd="http://www.w3.org/2001/XMLSchema" xmlns:sql="http://www.radiantlogic.com/schemas" >
<xsd:annotation>
<xsd:documentation xml:lang="en">This schema is generated by RadiantLogic XML tool.</xsd:documentation>
</xsd:annotation>
<xsd:element name="wrap" type="wrapType" />
<xsd:complexType name="wrapType">
<xsd:sequence>
<xsd:element name="record" type="recordType" minOccurs="0" maxOccurs="unbounded" />
</xsd:sequence>
</xsd:complexType>
<xsd:complexType name="recordType">
<xsd:sequence>
<xsd:element name="agent_mappings" type="xsd:string" />
<xsd:element name="DBMSName" sql:field="DBMS Name" type="xsd:string" />
<xsd:element name="agent_id" type="xsd:string" />
<xsd:element name="pageresultcontrol" type="xsd:string" />
<xsd:element name="active" type="xsd:string" />
<xsd:element name="errorCode" type="xsd:string" />
<xsd:element name="failoverurl" type="xsd:string" />
<xsd:element name="label" type="xsd:string" />
<xsd:element name="kerberos" type="xsd:string" />
<xsd:element name="ssl" type="xsd:string" />
<xsd:element name="data_source" type="xsd:string" />
<xsd:element name="binddn" type="xsd:string" />
<xsd:element name="disablereferalchasing" type="xsd:string" />
<xsd:element name="bindpw" type="xsd:string" />
<xsd:element name="pagesize" type="xsd:string" />
<xsd:element name="ldapurl" type="xsd:string" />
<xsd:element name="id" type="xsd:string" />
<xsd:element name="basedn" type="xsd:string" />
<xsd:element name="verifyhostname" type="xsd:string" />
<xsd:element name="errorcode" type="xsd:string" />
<xsd:element name="status" type="xsd:string" />
</xsd:sequence>
<xsd:attribute name="recordID" type="xsd:string" />
</xsd:complexType>
</xsd:schema>
<wrap>
<record recordID="1">
<DBMSName>{AES}GMqQkmIhoS7ZNuUBbw7eB+Y3NoCbe3DWKl+xBjqwurV|/u5RKP7kYyRJK/JHSqtBI6z/SUlf/</DBMSName>
<active>true</active>
<agent_id>fa608d89-fa1c-4d94-b550-e31e563be7b1</agent_id>
<agent_mappings>{&quot;r1tunnel.duploservices-rli-use2-svc.svc.cluster.local:5029&quot;:{&quot;host&quot;:&quot;acme.corp&quot;,&quot;port&quot;:389}}</agent_mappings>
<basedn>{AES}4vsn4Xp3|EfjGTH1xBxfhSQBo5TlvMeJrt3NBc/WjwmxC21zBzhEZbh9LO7hIkFFCPrj3alT/</basedn>
<binddn>{AES}i3CfCrQRsuo0Bc+xi/WcIt4fut0vmB6zQ5x10HBFg8QppYAh4dgUoi1aFZxgbudeX7PMQbgqu+hppEi9B2Od|A6dBj/NY/w==</binddn>
<bindpw>{AES}/KYxNRZ8Sah3/nTwvjb9W1Y/x6W5Nmfu8mkOP8auyeRQo+3XBArcJfZKpYWGWn84zu/l|MXb/</bindpw>
<data_source>LDAP</data_source>
<disablereferalchasing>true</disablereferalchasing>
<errorCode>0</errorCode>
<errorcode>0</errorcode>
<failoverurl>{AES}UvbCae2aMfbuHab0Xh6ZEX7eCJrUD8QoWYLa1U5wGnfkbOMvr0P6iWW|g0GWhZXGxKYjC1V3/</failoverurl>
<id>acme</id>
<kerberos>false</kerberos>
<label>acme</label>
<ldapurl>{AES}//U/bV+xPVZ+FCVQXF9pK9hDr1KmXtUFvayGhZGEsjjWvr/rcqGEDxC9cKR3eDI2RFXmet0Aeqe/08vkp7ux3ps4AsOXgvm3Y7A2H/TreH+NDb/MuJY3/+JNywROtgz+/8WQb1111TfaxHrDoI6D|rpcxh5JhTo4zb5sJGmqDK54qNWsjCv8=</ldapurl>
<pageresultcontrol>true</pageresultcontrol>
<pagesize>500</pagesize>
<ssl>false</ssl>
<status>OK</status>
<verifyhostname>false</verifyhostname>
</record>
</wrap>
</xml>