<?xml version="1.0" encoding="UTF-8" ?>
<xml>
<xsd:schema xmlns:xsd="http://www.w3.org/2001/XMLSchema" xmlns:sql="http://www.radiantlogic.com/schemas" >
<xsd:annotation>
<xsd:documentation xml:lang="en">This schema is generated by RadiantLogic XML tool.</xsd:documentation>
</xsd:annotation>
<xsd:element name="wrap" type="wrapType" />
<xsd:complexType name="wrapType">
<xsd:sequence>
<xsd:element name="record" type="recordType" minOccurs="0" maxOccurs="unbounded" />
</xsd:sequence>
</xsd:complexType>
<xsd:complexType name="recordType">
<xsd:sequence>
<xsd:element name="DBMSName" sql:field="DBMS Name" type="xsd:string" />
<xsd:element name="agent_id" type="xsd:string" />
<xsd:element name="active" type="xsd:string" />
<xsd:element name="errorCode" type="xsd:string" />
<xsd:element name="label" type="xsd:string" />
<xsd:element name="alternatedatasource" type="xsd:string" />
<xsd:element name="data_source" type="xsd:string" />
<xsd:element name="url" type="xsd:string" />
<xsd:element name="password" type="xsd:string" />
<xsd:element name="id" type="xsd:string" />
<xsd:element name="driver-class-name" type="xsd:string" />
<xsd:element name="username" type="xsd:string" />
<xsd:element name="status" type="xsd:string" />
</xsd:sequence>
<xsd:attribute name="recordID" type="xsd:string" />
</xsd:complexType>
</xsd:schema>
<wrap>
<record recordID="1">
<DBMSName>{AES}klHspiVLz2ME+m|UU7Xkay/SaZijhbbF220V7+IopvXRtg8xotqRNjUZmOO/L17a5AG90HV3/</DBMSName>
<active>true</active>
<agent_id>None</agent_id>
<alternatedatasource></alternatedatasource>
<data_source>JDBC</data_source>
<driver-class-name>{AES}V1hokxaYjwXAx0IqBbJOsQedLXL+LkCZF1pvvkZ6znOJwupQ/qHRqkNlLK7UT5|Tf03iPlwn4Z2OLY91nBk/k0hni6dQA/w==</driver-class-name>
<errorCode>0</errorCode>
<id>csv2ldifconvert</id>
<label>csv2ldifconvert</label>
<password>{AES}HznkMgKcQ|nrf5/ayylrzoYuAVx8Y+EJunYdnR2mHy20okI0UwgfvGbzqDEzxuTJXDdTp1ST/</password>
<status>OK</status>
<url>{AES}e3zKxzLugyCwXHA2r1e6s6TgI1A5GQ0dBj4aDu0nVZfIfWvBLvAa2X2G0I08emZg9/09iWNr|5lqa1UdtfhilqlDZQ2PeChN2hfdsFn5Pd3qnpjr2OrYPh11vp4dWg2S/elwzUyhCzP2O7+AQmia7FGtXjisC/w==</url>
<username>{AES}G1pYiPIY27e4KEP1eQpYKqIPNBTK4Ix9hLx|ZlpvOlVLhZLh2gFgvdRq9PHhuMTUeV8K5USH/</username>
</record>
</wrap>
</xml>