<?xml version="1.0" encoding="UTF-8" ?>
<xml>
<xsd:schema xmlns:xsd="http://www.w3.org/2001/XMLSchema" xmlns:sql="http://www.radiantlogic.com/schemas" >
<xsd:annotation>
<xsd:documentation xml:lang="en">This schema is generated by RadiantLogic XML tool.</xsd:documentation>
</xsd:annotation>
<xsd:element name="wrap" type="wrapType" />
<xsd:complexType name="wrapType">
<xsd:sequence>
<xsd:element name="record" type="recordType" minOccurs="0" maxOccurs="unbounded" />
</xsd:sequence>
</xsd:complexType>
<xsd:complexType name="recordType">
<xsd:sequence>
<xsd:element name="DBMSName" sql:field="DBMS Name" type="xsd:string" />
<xsd:element name="pageresultcontrol" type="xsd:string" />
<xsd:element name="active" type="xsd:string" />
<xsd:element name="errorCode" type="xsd:string" />
<xsd:element name="failoverurl" type="xsd:string" />
<xsd:element name="label" type="xsd:string" />
<xsd:element name="kerberos" type="xsd:string" />
<xsd:element name="ssl" type="xsd:string" />
<xsd:element name="data_source" type="xsd:string" />
<xsd:element name="binddn" type="xsd:string" />
<xsd:element name="disablereferalchasing" type="xsd:string" />
<xsd:element name="bindpw" type="xsd:string" />
<xsd:element name="pagesize" type="xsd:string" />
<xsd:element name="ldapurl" type="xsd:string" />
<xsd:element name="id" type="xsd:string" />
<xsd:element name="basedn" type="xsd:string" />
<xsd:element name="verifyhostname" type="xsd:string" />
<xsd:element name="errorcode" type="xsd:string" />
<xsd:element name="status" type="xsd:string" />
</xsd:sequence>
<xsd:attribute name="recordID" type="xsd:string" />
</xsd:complexType>
</xsd:schema>
<wrap>
<record recordID="1">
<DBMSName>{AES}NPzW6uSfSH+HR3jiva|Mx7Mr+/5/RwJTWCunzmtwWUaL3nPA3guFmQ1umLisRH1y3mpwpVD3/</DBMSName>
<active>true</active>
<basedn>{AES}LS+jFJ5Wr5VIOaR38UqiSikZ5bTJe|5RcLpaKpeKFvBfMC+H8xf6VkfLizKoPENGFmJTrf2r/</basedn>
<binddn>{AES}7ZC|tNz4+H4g83z8T2RAMn077Rd5YEBpSqnMyBQaq9nv4+8wwjvSaQcGhxY0xglu5emiImUF0A6v1gs7sew3WWCJ1S8p0/w==</binddn>
<bindpw>{AES}3xXmVMsPZZS|ai7CnC/bx77yFIjoHsK699MrSWrNTJQmS5TmoZekVdaeegqvvPzXXtY7rI7LjR3eV0eSsvYyH1a2CFvs1/w==</bindpw>
<data_source>LDAP</data_source>
<disablereferalchasing>false</disablereferalchasing>
<errorCode>0</errorCode>
<errorcode>0</errorcode>
<failoverurl>{AES}epYoeH7Qmiwp0BAyQv5CSb3etRLgt1swbb+62pK1xTVXYtQW1wAZZMfeb|gbUExDtT19QDFH/</failoverurl>
<id>replicationjournal</id>
<kerberos>false</kerberos>
<label>replicationjournal</label>
<ldapurl>{AES}h|yBwdO4OebQZ8Qpo/ImzwM2M4kKgTK6fvgGXt7QXzYcHf5SdVPNWP60bhERJ2wq74MiGzh3gfeCu5Yd3/LSGN0Ey5UF2EgzLXUDYe9TxsZD64KqnP5CZYGLJzYK3NurPZBBK6OGc2wMa2Nk8ZV3Y5+IN4j8Q/w==</ldapurl>
<pageresultcontrol>false</pageresultcontrol>
<pagesize>500</pagesize>
<ssl>false</ssl>
<status>OK</status>
<verifyhostname>false</verifyhostname>
</record>
</wrap>
</xml>