<?xml version="1.0" encoding="UTF-8" ?>
<xml>
<xsd:schema xmlns:xsd="http://www.w3.org/2001/XMLSchema" xmlns:sql="http://www.radiantlogic.com/schemas" >
<xsd:annotation>
<xsd:documentation xml:lang="en">This schema is generated by RadiantLogic XML tool.</xsd:documentation>
</xsd:annotation>
<xsd:element name="wrap" type="wrapType" />
<xsd:complexType name="wrapType">
<xsd:sequence>
<xsd:element name="record" type="recordType" minOccurs="0" maxOccurs="unbounded" />
</xsd:sequence>
</xsd:complexType>
<xsd:complexType name="recordType">
<xsd:sequence>
<xsd:element name="agent_mappings" type="xsd:string" />
<xsd:element name="DBMSName" sql:field="DBMS Name" type="xsd:string" />
<xsd:element name="agent_id" type="xsd:string" />
<xsd:element name="active" type="xsd:string" />
<xsd:element name="errorCode" type="xsd:string" />
<xsd:element name="label" type="xsd:string" />
<xsd:element name="alternatedatasource" type="xsd:string" />
<xsd:element name="data_source" type="xsd:string" />
<xsd:element name="url" type="xsd:string" />
<xsd:element name="password" type="xsd:string" />
<xsd:element name="id" type="xsd:string" />
<xsd:element name="driver-class-name" type="xsd:string" />
<xsd:element name="username" type="xsd:string" />
<xsd:element name="status" type="xsd:string" />
</xsd:sequence>
<xsd:attribute name="recordID" type="xsd:string" />
</xsd:complexType>
</xsd:schema>
<wrap>
<record recordID="1">
<DBMSName>{AES}Xd5M20kKyWBxu336kKmr|MQXuym/uYzgFBiXOlgXvRIM8MzfnH1/tvNGg4yjHHBCJk3V7mZ03e+cvUNmZYamWl/JvlcAA/w==</DBMSName>
<active>true</active>
<agent_id>fa608d89-fa1c-4d94-b550-e31e563be7b1</agent_id>
<agent_mappings>{&quot;r1tunnel.duploservices-rli-use2-svc.svc.cluster.local:5028&quot;:{&quot;host&quot;:&quot;localhost&quot;,&quot;port&quot;:1433}}</agent_mappings>
<alternatedatasource></alternatedatasource>
<data_source>JDBC</data_source>
<driver-class-name>{AES}eliJ2IC86/Uyl4Q192MHim463EHIY/5334XGUwr08jRRlMI8rI64tMifC6IjonvwvSrd2FWdSYUYcZ7Ev7o|EwIjz0UXf8t2mg8pHem8T9m55f9bcX/8=</driver-class-name>
<errorCode>0</errorCode>
<id>sap</id>
<label>sap</label>
<password>{AES}P0Adp5hdJ/907q/F/3BkfJ8qg+DG|H5gouZGxPoT+wZxtjJg7OoGdYeAIAgctSybky+5lTj//</password>
<status>OK</status>
<url>{AES}UO/dOyviukB0RkliuRvJ+9tjVUit3Zj5X42wGFhrwvgLxaR2u/swL3xTFwXm3LSaZJpGI8gAjFlq//SOVeGF5eiDgP4XV|E8E66MpvkKybvA6ItfLgLR9VS/Q++HTirvJRUnnnBS+V7PTSEMVFDjkBypgiQ2DnRLaYt1sftJb8i/ELM0D/ZTbXJs3E0GMA8VYCQqV40Hz8xpkqihiUUH4igu+UEDSWTDZrj12HvXXg1LnaFTg2fBWgHMpIe/ks7r08Iqwc0z/</url>
<username>{AES}OsME9sba8BIMJc2ReOXIjbUcio8iTbHHatPUaQi2Dhk3oUMlkjO/o6Sir|zBZJzcU+WHCI0v/</username>
</record>
</wrap>
</xml>