<?xml version="1.0" encoding="UTF-8" ?>
<xml>
<xsd:schema xmlns:xsd="http://www.w3.org/2001/XMLSchema" xmlns:sql="http://www.radiantlogic.com/schemas" >
<xsd:annotation>
<xsd:documentation xml:lang="en">This schema is generated by RadiantLogic XML tool.</xsd:documentation>
</xsd:annotation>
<xsd:element name="wrap" type="wrapType" />
<xsd:complexType name="wrapType">
<xsd:sequence>
<xsd:element name="record" type="recordType" minOccurs="0" maxOccurs="unbounded" />
</xsd:sequence>
</xsd:complexType>
<xsd:complexType name="recordType">
<xsd:sequence>
<xsd:element name="DBMSName" sql:field="DBMS Name" type="xsd:string" />
<xsd:element name="pageresultcontrol" type="xsd:string" />
<xsd:element name="active" type="xsd:string" />
<xsd:element name="errorCode" type="xsd:string" />
<xsd:element name="failoverurl" type="xsd:string" />
<xsd:element name="label" type="xsd:string" />
<xsd:element name="kerberos" type="xsd:string" />
<xsd:element name="ssl" type="xsd:string" />
<xsd:element name="data_source" type="xsd:string" />
<xsd:element name="binddn" type="xsd:string" />
<xsd:element name="disablereferalchasing" type="xsd:string" />
<xsd:element name="bindpw" type="xsd:string" />
<xsd:element name="pagesize" type="xsd:string" />
<xsd:element name="ldapurl" type="xsd:string" />
<xsd:element name="id" type="xsd:string" />
<xsd:element name="basedn" type="xsd:string" />
<xsd:element name="verifyhostname" type="xsd:string" />
<xsd:element name="errorcode" type="xsd:string" />
<xsd:element name="status" type="xsd:string" />
</xsd:sequence>
<xsd:attribute name="recordID" type="xsd:string" />
</xsd:complexType>
</xsd:schema>
<wrap>
<record recordID="1">
<DBMSName>{AES}hAJmwxnddVo8pvhblO3WEdsghp4yGCMKC4O2EG22A0Y6tfQR8mBvLQIkBROslUGkf9|pTqF//</DBMSName>
<active>true</active>
<basedn>{AES}TpNd9x2NbmKD3y|aWQ/WIayYycJMwEzfbCpNzrAeuJoMNrFVY1iH3rIP99qyf1Ds3jAwseWb/</basedn>
<binddn>{AES}uOfVuEaSpfA13otThm91Z0ELmCH33Z|Gmx1kWJbTroVwF00Q/i6Q9jXSzHP8YpdQNohxc5yAEqrYrFXVEKvgtHHvV3Et7/w==</binddn>
<bindpw>{AES}fJb0s7|Ne7wILRb1qwwK9lI2t8YZOl5gY7raLhZEdKXvIbzdO50TaDAzijdBP9atVEiv8ohZ/W3wPzo2TiNWcxxOFVMAT/w==</bindpw>
<data_source>LDAP</data_source>
<disablereferalchasing>false</disablereferalchasing>
<errorCode>0</errorCode>
<errorcode>0</errorcode>
<failoverurl>{AES}971Du1y0ybAr+QBE|D16TezWgz99Cjlz6sUFlviobQroK4uemPgeG05Vla2ThKXkbg2MKAiP/</failoverurl>
<id>vdsha</id>
<kerberos>false</kerberos>
<label>vdsha</label>
<ldapurl>{AES}cygeLVNRYOH19ShllCWl/sfdsWrDHtTrd0DS8rJ4NGb6UdkyT7TDL14weiOyKBI4thsog6irayyYhgbRMDSAFkKaFQ9rcmH6G83k/iVqHbyQb6/YHrjaqYC63lEgRf|GMGeNKKq4llqEl8/M0iBz5kfW4adou/w==</ldapurl>
<pageresultcontrol>false</pageresultcontrol>
<pagesize>500</pagesize>
<ssl>false</ssl>
<status>OK</status>
<verifyhostname>false</verifyhostname>
</record>
</wrap>
</xml>