<?xml version="1.0" encoding="UTF-8" ?>
<xml>
<xsd:schema xmlns:xsd="http://www.w3.org/2001/XMLSchema" xmlns:sql="http://www.radiantlogic.com/schemas" >
<xsd:annotation>
<xsd:documentation xml:lang="en">This schema is generated by RadiantLogic XML tool.</xsd:documentation>
</xsd:annotation>
<xsd:element name="wrap" type="wrapType" />
<xsd:complexType name="wrapType">
<xsd:sequence>
<xsd:element name="record" type="recordType" minOccurs="0" maxOccurs="unbounded" />
</xsd:sequence>
</xsd:complexType>
<xsd:complexType name="recordType">
<xsd:sequence>
<xsd:element name="agent_mappings" type="xsd:string" />
<xsd:element name="DBMSName" sql:field="DBMS Name" type="xsd:string" />
<xsd:element name="agent_id" type="xsd:string" />
<xsd:element name="active" type="xsd:string" />
<xsd:element name="errorCode" type="xsd:string" />
<xsd:element name="label" type="xsd:string" />
<xsd:element name="alternatedatasource" type="xsd:string" />
<xsd:element name="data_source" type="xsd:string" />
<xsd:element name="url" type="xsd:string" />
<xsd:element name="password" type="xsd:string" />
<xsd:element name="id" type="xsd:string" />
<xsd:element name="driver-class-name" type="xsd:string" />
<xsd:element name="username" type="xsd:string" />
<xsd:element name="status" type="xsd:string" />
</xsd:sequence>
<xsd:attribute name="recordID" type="xsd:string" />
</xsd:complexType>
</xsd:schema>
<wrap>
<record recordID="1">
<DBMSName>{AES}Jtr2kFoMC7IOnDMNdTcBBPE2He7Z+UTMl|PniD5VI+u02wVFvUDVjUnHyt9NS679IT+qd9v1UKCq72UfM7XQ/tsy8fZ5g/w==</DBMSName>
<active>true</active>
<agent_id>fa608d89-fa1c-4d94-b550-e31e563be7b1</agent_id>
<agent_mappings>{&quot;r1tunnel.duploservices-rli-use2-svc.svc.cluster.local:5028&quot;:{&quot;host&quot;:&quot;localhost&quot;,&quot;port&quot;:1433}}</agent_mappings>
<alternatedatasource></alternatedatasource>
<data_source>JDBC</data_source>
<driver-class-name>{AES}wtM7TktaYMAufGYSAy8vYBl6XG/U5B8JGHhAddx1hbxuBqpyQ810nnbfV/ZDa/DIdpK8bVnnl|aKR5szUPHgAK801GfzCnnJ8NwkAUaOWmZCYmyz8MP8=</driver-class-name>
<errorCode>0</errorCode>
<id>workday</id>
<label>workday</label>
<password>{AES}xoUH9ikh2j4ng9q8i|aC4WZOaBVihGSWnJVzovcwN/fqJGDd43QJ+8nKC0OvojLnX6IQ+tlv/</password>
<status>OK</status>
<url>{AES}79Db1zouFMA+6CeVq/g1dlwJTgL+iSMixtmpcx4bA95OpLDOUq5sgWMveGEyTM8EQ8V3pTHCK1ei1z0CQewnh3BXrDqdRLdsNsho0VaVANJkjlRw1BiwlhS7woV+fsCFaa5P5Y5qcKisF/nFWMpRLoNO+Qrx3Piw7E0YH7+rhEZHn|DuUGnTGm7ioq6IwT9qXukF729TzcpxpCo8khw9Xlc41haEbtdRejqOP+PZdHtCKcDBDbGjI1XMxH8vyYDctm3nfm2b/</url>
<username>{AES}iqP/+oZ6E8bfHPM5y16zerSSCDEj+eubVfh|1cW47MbfHpv4T1UWIfmn6En01Z02VB94xen3/</username>
</record>
</wrap>
</xml>