[ {
  "mappingName" : "Default Mapping",
  "sourceObject" : null,
  "destinationObject" : null,
  "sourceEventFilter" : "",
  "destinationObjectClass" : null,
  "attributeMappings" : [ {
    "mappingValue" : {
      "valueType" : "ATTRIBUTE",
      "value" : "*"
    },
    "defaultValue" : null,
    "destinationAttribute" : "*",
    "sourceEventFilter" : null,
    "includeOnUpdate" : true,
    "includeOnCreate" : true
  } ],
  "destinationDnExpression" : "${rdn[1]},object=user,ou=servicenow,o=sources",
  "destinationLookupAttributes" : null
} ]