{"id":"NY Domain to Entra ID User","description":"title = jobTitle","rdnName":"mail","isAutoTargetDn":false,"isExclusiveMatching":false,"isGranularChanges":true,"isSyncIdentityLinkage":true,"isTargetLdap":true,"targetObjectClass":"azureaduser","sourceObjectClass":"user","isLogLocalVar":false,"isLogTransformedEvent":false,"databaseAutoGenPkeys":"","variableList":[{"class":"RuleVariable","name":"AzureUPN","condition":null,"valueList":[{"class":"ValueDefinition","valueType":5,"value":"","functionCall":{"name":"replaceAll","argumentValues":[{"class":"ValueDefinition","valueType":2,"value":"mail","operationType":null},{"class":"ValueDefinition","valueType":0,"value":"Globex.com","operationType":null},{"class":"ValueDefinition","valueType":0,"value":"rlidemo.onmicrosoft.com","operationType":null}]}}]},{"class":"RuleVariable","name":"TargetDN","condition":null,"valueList":[{"class":"ValueDefinition","valueType":5,"value":"","functionCall":{"name":"buildExpression","argumentValues":[{"class":"ValueDefinition","valueType":0,"value":"user=%AzureUPN_localvar%,object=user,ou=entraid,o=sources","operationType":null}]}}]}],"ruleList":[{"class":"Rule","id":"insert rule for NY Domain to Entra ID User","description":"Generated rule for insert source events","condition":{"class":"AndOrCondition","isAnd":true,"subConditions":[{"class":"EventCondition","event":0,"isAssertEquals":true}]},"actions":[{"class":"SetEventTypeAction","event":0,"changeMode":1},{"class":"TargetAttributeMappingAction","targetAttrName":"mail","isIdLinkage":true,"isSingleValue":true,"isAdvanced":false,"copyMode":0,"values":{"class":"ConditionalValueDefinition","operationType":2,"ifCondition":null,"valuesForIfCondition":[{"class":"ValueDefinition","valueType":2,"value":"mail","operationType":null}],"valuesForElseCondition":null}},{"class":"TargetAttributeMappingAction","targetAttrName":"dn","isIdLinkage":false,"isSingleValue":true,"isAdvanced":false,"copyMode":0,"values":{"class":"ConditionalValueDefinition","operationType":2,"ifCondition":null,"valuesForIfCondition":[{"class":"ValueDefinition","valueType":4,"value":"TargetDN","operationType":null}],"valuesForElseCondition":null}},{"class":"ApplyMappingsAction","mappingFile":"NY Domain to Entra ID User-insert-mappings"}]},{"class":"Rule","id":"update rule for NY Domain to Entra ID User","description":"Generated rule for update source events","condition":{"class":"AndOrCondition","isAnd":true,"subConditions":[{"class":"EventCondition","event":1,"isAssertEquals":true}]},"actions":[{"class":"SetEventTypeAction","event":2,"changeMode":1},{"class":"TargetAttributeMappingAction","targetAttrName":"mail","isIdLinkage":true,"isSingleValue":true,"isAdvanced":false,"copyMode":0,"values":{"class":"ConditionalValueDefinition","operationType":2,"ifCondition":null,"valuesForIfCondition":[{"class":"ValueDefinition","valueType":2,"value":"mail","operationType":null}],"valuesForElseCondition":null}},{"class":"TargetAttributeMappingAction","targetAttrName":"dn","isIdLinkage":false,"isSingleValue":true,"isAdvanced":false,"copyMode":0,"values":{"class":"ConditionalValueDefinition","operationType":2,"ifCondition":null,"valuesForIfCondition":[{"class":"ValueDefinition","valueType":4,"value":"TargetDN","operationType":null}],"valuesForElseCondition":null}},{"class":"ApplyMappingsAction","mappingFile":"NY Domain to Entra ID User-update-mappings"}]},{"class":"Rule","id":"delete rule for NY Domain to Entra ID User","description":"Generated rule for delete source events","condition":{"class":"AndOrCondition","isAnd":true,"subConditions":[{"class":"EventCondition","event":2,"isAssertEquals":true}]},"actions":[{"class":"SetEventTypeAction","event":1,"changeMode":1},{"class":"TargetAttributeMappingAction","targetAttrName":"mail","isIdLinkage":true,"isSingleValue":true,"isAdvanced":false,"copyMode":0,"values":{"class":"ConditionalValueDefinition","operationType":2,"ifCondition":null,"valuesForIfCondition":[{"class":"ValueDefinition","valueType":2,"value":"mail","operationType":null}],"valuesForElseCondition":null}},{"class":"TargetAttributeMappingAction","targetAttrName":"dn","isIdLinkage":false,"isSingleValue":true,"isAdvanced":false,"copyMode":0,"values":{"class":"ConditionalValueDefinition","operationType":2,"ifCondition":null,"valuesForIfCondition":[{"class":"ValueDefinition","valueType":4,"value":"TargetDN","operationType":null}],"valuesForElseCondition":null}}]}]}