<?xml version="1.0" encoding="UTF-8"?>
<GlobalProfile
    auxiliaryClasses="user,azureaduser,vdworkdayworkday,vdsapsap,vdsagesage"
    bindOrder="" customAttributes="" isAutoLoginAttrCheck="true"
    isDynamicModeEnabled="false" isFirstUploadOptimized="false"
    name="GlobalProfile" namingContext="o=GlobalProfile"
    previewAttributes="displayName" primaryObjectClass="inetOrgPerson"
    uniqueAttributes="mail,cn" uploadOrder="Workday,ACME,ACMEB,EntraID,SAP,SAGE">
    <IdentitySources>
        <IdentitySource auxiliaryClasses="" baseDn="o=workday,o=sources"
            createIdentityOnMultiMatch="false"
            createIdentityOnNoMatch="true" dataSourceName="vds"
            isLdap="true" isParallelUpload="false" name="Workday"
            previewAttributes="fullname"
            primaryObjectClass="vdworkdayworkday" remapDnAttributes="" tempResName="temp_a146b40a-4590-4c04-9271-a34e1c5936f4">
            <CorrelationRule>(&amp;(mail=@[mail]))</CorrelationRule>
            <AttributeMappings>
                <Mapping sourceAttr="active" targetAttr="active" weight="128"/>
                <Mapping sourceAttr="altname" targetAttr="altname" weight="128"/>
                <Mapping sourceAttr="arrivaldate"
                    targetAttr="arrivaldate" weight="128"/>
                <Mapping sourceAttr="departuredate"
                    targetAttr="departuredate" weight="128"/>
                <Mapping sourceAttr="fullname" targetAttr="displayName" weight="128"/>
                <Mapping sourceAttr="employeetype"
                    targetAttr="employeeType" weight="128"/>
                <Mapping sourceAttr="fullname" targetAttr="fullname" weight="128"/>
                <Mapping sourceAttr="givenname" targetAttr="givenName" weight="128"/>
                <Mapping sourceAttr="hrcode" targetAttr="hrcode" weight="128"/>
                <Mapping sourceAttr="internal" targetAttr="internal" weight="128"/>
                <Mapping sourceAttr="jobtitlecode"
                    targetAttr="jobtitlecode" weight="128"/>
                <Mapping sourceAttr="jobtitledisplayname"
                    targetAttr="jobtitledisplayname" weight="128"/>
                <Mapping sourceAttr="mail" targetAttr="mail" weight="128"/>
                <Mapping sourceAttr="managerhrcode"
                    targetAttr="managerhrcode" weight="128"/>
                <Mapping sourceAttr="mobile" targetAttr="mobile" weight="128"/>
                <Mapping sourceAttr="organisationcode"
                    targetAttr="organisationcode" weight="128"/>
                <Mapping sourceAttr="organisationdisplayname"
                    targetAttr="organisationdisplayname" weight="128"/>
                <Mapping sourceAttr="organisationshortname"
                    targetAttr="organisationshortname" weight="128"/>
                <Mapping sourceAttr="organisationtype"
                    targetAttr="organisationtype" weight="128"/>
                <Mapping sourceAttr="phone" targetAttr="phone" weight="128"/>
                <Mapping sourceAttr="surname" targetAttr="surname" weight="128"/>
                <Mapping sourceAttr="titlecode" targetAttr="titlecode" weight="128"/>
            </AttributeMappings>
        </IdentitySource>
        <IdentitySource auxiliaryClasses="" baseDn="dc=acme,o=sources"
            createIdentityOnMultiMatch="false"
            createIdentityOnNoMatch="false" dataSourceName="vds"
            isLdap="true" isParallelUpload="false" name="ACME"
            previewAttributes="displayName" primaryObjectClass="user"
            remapDnAttributes="managedObjects,manager,memberOf" tempResName="temp_3562ee7b-150f-4c0e-94cd-0cafb247f6ce">
            <GroupSource auxiliaryClasses="" baseDn=""
                memberAttributes="member" primaryObjectClass="group" remapDnAttributes="managedBy,member"/>
            <CorrelationRule>(&amp;(mail=@[mail]))</CorrelationRule>
            <AttributeMappings>
                <Mapping sourceAttr="accountExpires"
                    targetAttr="accountExpires" weight="128"/>
                <Mapping sourceAttr="aCSPolicyName"
                    targetAttr="aCSPolicyName" weight="128"/>
                <Mapping sourceAttr="adminCount" targetAttr="adminCount" weight="128"/>
                <Mapping sourceAttr="adminDescription"
                    targetAttr="adminDescription" weight="128"/>
                <Mapping sourceAttr="adminDisplayName"
                    targetAttr="adminDisplayName" weight="128"/>
                <Mapping sourceAttr="assistant" targetAttr="assistant" weight="128"/>
                <Mapping sourceAttr="attributeCertificateAttribute"
                    targetAttr="attributeCertificateAttribute" weight="128"/>
                <Mapping sourceAttr="audio" targetAttr="audio" weight="128"/>
                <Mapping sourceAttr="badPasswordTime"
                    targetAttr="badPasswordTime" weight="128"/>
                <Mapping sourceAttr="badPwdCount"
                    targetAttr="badPwdCount" weight="128"/>
                <Mapping sourceAttr="businessCategory"
                    targetAttr="businessCategory" weight="128"/>
                <Mapping sourceAttr="c" targetAttr="c" weight="128"/>
                <Mapping sourceAttr="carLicense" targetAttr="carLicense" weight="128"/>
                <Mapping sourceAttr="cn" targetAttr="cn" weight="128"/>
                <Mapping sourceAttr="co" targetAttr="co" weight="128"/>
                <Mapping sourceAttr="codePage" targetAttr="codePage" weight="128"/>
                <Mapping sourceAttr="comment" targetAttr="comment" weight="128"/>
                <Mapping sourceAttr="company" targetAttr="company" weight="128"/>
                <Mapping sourceAttr="controlAccessRights"
                    targetAttr="controlAccessRights" weight="128"/>
                <Mapping sourceAttr="countryCode"
                    targetAttr="countryCode" weight="128"/>
                <Mapping sourceAttr="createTimeStamp"
                    targetAttr="createTimeStamp" weight="128"/>
                <Mapping sourceAttr="dBCSPwd" targetAttr="dBCSPwd" weight="128"/>
                <Mapping sourceAttr="defaultClassStore"
                    targetAttr="defaultClassStore" weight="128"/>
                <Mapping sourceAttr="department" targetAttr="department" weight="128"/>
                <Mapping sourceAttr="departmentNumber"
                    targetAttr="departmentNumber" weight="128"/>
                <Mapping sourceAttr="description"
                    targetAttr="description" weight="128"/>
                <Mapping sourceAttr="desktopProfile"
                    targetAttr="desktopProfile" weight="128"/>
                <Mapping sourceAttr="destinationIndicator"
                    targetAttr="destinationIndicator" weight="128"/>
                <Mapping sourceAttr="displayName"
                    targetAttr="displayName" weight="128"/>
                <Mapping sourceAttr="displayNamePrintable"
                    targetAttr="displayNamePrintable" weight="128"/>
                <Mapping sourceAttr="distinguishedName"
                    targetAttr="distinguishedName" weight="128"/>
                <Mapping sourceAttr="division" targetAttr="division" weight="128"/>
                <Mapping sourceAttr="dynamicLDAPServer"
                    targetAttr="dynamicLDAPServer" weight="128"/>
                <Mapping sourceAttr="employeeID" targetAttr="employeeID" weight="128"/>
                <Mapping sourceAttr="employeeNumber"
                    targetAttr="employeeNumber" weight="128"/>
                <Mapping sourceAttr="employeeType"
                    targetAttr="employeeType" weight="128"/>
                <Mapping sourceAttr="extensionName"
                    targetAttr="extensionName" weight="128"/>
                <Mapping sourceAttr="facsimileTelephoneNumber"
                    targetAttr="facsimileTelephoneNumber" weight="128"/>
                <Mapping sourceAttr="flags" targetAttr="flags" weight="128"/>
                <Mapping sourceAttr="fSMORoleOwner"
                    targetAttr="fSMORoleOwner" weight="128"/>
                <Mapping sourceAttr="generationQualifier"
                    targetAttr="generationQualifier" weight="128"/>
                <Mapping sourceAttr="givenName" targetAttr="givenName" weight="128"/>
                <Mapping sourceAttr="groupMembershipSAM"
                    targetAttr="groupMembershipSAM" weight="128"/>
                <Mapping sourceAttr="groupPriority"
                    targetAttr="groupPriority" weight="128"/>
                <Mapping sourceAttr="groupsToIgnore"
                    targetAttr="groupsToIgnore" weight="128"/>
                <Mapping sourceAttr="homeDrive" targetAttr="homeDrive" weight="128"/>
                <Mapping sourceAttr="homePhone" targetAttr="homePhone" weight="128"/>
                <Mapping sourceAttr="homePostalAddress"
                    targetAttr="homePostalAddress" weight="128"/>
                <Mapping sourceAttr="houseIdentifier"
                    targetAttr="houseIdentifier" weight="128"/>
                <Mapping sourceAttr="initials" targetAttr="initials" weight="128"/>
                <Mapping sourceAttr="instanceType"
                    targetAttr="instanceType" weight="128"/>
                <Mapping sourceAttr="internationalISDNNumber"
                    targetAttr="internationalISDNNumber" weight="128"/>
                <Mapping sourceAttr="ipPhone" targetAttr="ipPhone" weight="128"/>
                <Mapping sourceAttr="isCriticalSystemObject"
                    targetAttr="isCriticalSystemObject" weight="128"/>
                <Mapping sourceAttr="isDeleted" targetAttr="isDeleted" weight="128"/>
                <Mapping sourceAttr="isPrivilegeHolder"
                    targetAttr="isPrivilegeHolder" weight="128"/>
                <Mapping sourceAttr="jpegPhoto" targetAttr="jpegPhoto" weight="128"/>
                <Mapping sourceAttr="l" targetAttr="l" weight="128"/>
                <Mapping sourceAttr="labeledURI" targetAttr="labeledURI" weight="128"/>
                <Mapping sourceAttr="lastKnownParent"
                    targetAttr="lastKnownParent" weight="128"/>
                <Mapping sourceAttr="lastLogoff" targetAttr="lastLogoff" weight="128"/>
                <Mapping sourceAttr="lastLogon" targetAttr="lastLogon" weight="128"/>
                <Mapping sourceAttr="lastLogonTimestamp"
                    targetAttr="lastLogonTimestamp" weight="128"/>
                <Mapping sourceAttr="lmPwdHistory"
                    targetAttr="lmPwdHistory" weight="128"/>
                <Mapping sourceAttr="localeID" targetAttr="localeID" weight="128"/>
                <Mapping sourceAttr="lockoutTime"
                    targetAttr="lockoutTime" weight="128"/>
                <Mapping sourceAttr="logonCount" targetAttr="logonCount" weight="128"/>
                <Mapping sourceAttr="logonHours" targetAttr="logonHours" weight="128"/>
                <Mapping sourceAttr="logonWorkstation"
                    targetAttr="logonWorkstation" weight="128"/>
                <Mapping sourceAttr="mail" targetAttr="mail" weight="128"/>
                <Mapping sourceAttr="managedObjects"
                    targetAttr="managedObjects" weight="128"/>
                <Mapping sourceAttr="manager" targetAttr="manager" weight="128"/>
                <Mapping sourceAttr="masteredBy" targetAttr="masteredBy" weight="128"/>
                <Mapping sourceAttr="maxStorage" targetAttr="maxStorage" weight="128"/>
                <Mapping sourceAttr="memberOf" targetAttr="memberOf" weight="128"/>
                <Mapping sourceAttr="mhsORAddress"
                    targetAttr="mhsORAddress" weight="128"/>
                <Mapping sourceAttr="middleName" targetAttr="middleName" weight="128"/>
                <Mapping sourceAttr="mobile" targetAttr="mobile" weight="128"/>
                <Mapping sourceAttr="modifyTimeStamp"
                    targetAttr="modifyTimeStamp" weight="128"/>
                <Mapping sourceAttr="mS-DS-ConsistencyChildCount"
                    targetAttr="mS-DS-ConsistencyChildCount" weight="128"/>
                <Mapping sourceAttr="mS-DS-ConsistencyGuid"
                    targetAttr="mS-DS-ConsistencyGuid" weight="128"/>
                <Mapping sourceAttr="msCOM-UserPartitionSetLink"
                    targetAttr="msCOM-UserPartitionSetLink" weight="128"/>
                <Mapping sourceAttr="msDRM-IdentityCertificate"
                    targetAttr="msDRM-IdentityCertificate" weight="128"/>
                <Mapping sourceAttr="msDS-AllowedToDelegateTo"
                    targetAttr="msDS-AllowedToDelegateTo" weight="128"/>
                <Mapping sourceAttr="msDS-Cached-Membership"
                    targetAttr="msDS-Cached-Membership" weight="128"/>
                <Mapping sourceAttr="msDS-Cached-Membership-Time-Stamp"
                    targetAttr="msDS-Cached-Membership-Time-Stamp" weight="128"/>
                <Mapping sourceAttr="msDS-NCReplCursors"
                    targetAttr="msDS-NCReplCursors" weight="128"/>
                <Mapping sourceAttr="msDS-NCReplInboundNeighbors"
                    targetAttr="msDS-NCReplInboundNeighbors" weight="128"/>
                <Mapping sourceAttr="msDS-NCReplOutboundNeighbors"
                    targetAttr="msDS-NCReplOutboundNeighbors" weight="128"/>
                <Mapping sourceAttr="msDS-ReplValueMetaData"
                    targetAttr="msDS-ReplValueMetaData" weight="128"/>
                <Mapping sourceAttr="msDS-Site-Affinity"
                    targetAttr="msDS-Site-Affinity" weight="128"/>
                <Mapping sourceAttr="msDS-User-Account-Control-Computed"
                    targetAttr="msDS-User-Account-Control-Computed" weight="128"/>
                <Mapping sourceAttr="msExchHouseIdentifier"
                    targetAttr="msExchHouseIdentifier" weight="128"/>
                <Mapping sourceAttr="msIIS-FTPDir"
                    targetAttr="msIIS-FTPDir" weight="128"/>
                <Mapping sourceAttr="msIIS-FTPRoot"
                    targetAttr="msIIS-FTPRoot" weight="128"/>
                <Mapping sourceAttr="mSMQDigests"
                    targetAttr="mSMQDigests" weight="128"/>
                <Mapping sourceAttr="mSMQDigestsMig"
                    targetAttr="mSMQDigestsMig" weight="128"/>
                <Mapping sourceAttr="mSMQSignCertificates"
                    targetAttr="mSMQSignCertificates" weight="128"/>
                <Mapping sourceAttr="mSMQSignCertificatesMig"
                    targetAttr="mSMQSignCertificatesMig" weight="128"/>
                <Mapping sourceAttr="msNPAllowDialin"
                    targetAttr="msNPAllowDialin" weight="128"/>
                <Mapping sourceAttr="msNPCallingStationID"
                    targetAttr="msNPCallingStationID" weight="128"/>
                <Mapping sourceAttr="msNPSavedCallingStationID"
                    targetAttr="msNPSavedCallingStationID" weight="128"/>
                <Mapping sourceAttr="msRADIUSCallbackNumber"
                    targetAttr="msRADIUSCallbackNumber" weight="128"/>
                <Mapping sourceAttr="msRADIUSFramedIPAddress"
                    targetAttr="msRADIUSFramedIPAddress" weight="128"/>
                <Mapping sourceAttr="msRADIUSFramedRoute"
                    targetAttr="msRADIUSFramedRoute" weight="128"/>
                <Mapping sourceAttr="msRADIUSServiceType"
                    targetAttr="msRADIUSServiceType" weight="128"/>
                <Mapping sourceAttr="msRASSavedCallbackNumber"
                    targetAttr="msRASSavedCallbackNumber" weight="128"/>
                <Mapping sourceAttr="msRASSavedFramedIPAddress"
                    targetAttr="msRASSavedFramedIPAddress" weight="128"/>
                <Mapping sourceAttr="msRASSavedFramedRoute"
                    targetAttr="msRASSavedFramedRoute" weight="128"/>
                <Mapping sourceAttr="name" targetAttr="name" weight="128"/>
                <Mapping sourceAttr="networkAddress"
                    targetAttr="networkAddress" weight="128"/>
                <Mapping sourceAttr="ntPwdHistory"
                    targetAttr="ntPwdHistory" weight="128"/>
                <Mapping sourceAttr="nTSecurityDescriptor"
                    targetAttr="nTSecurityDescriptor" weight="128"/>
                <Mapping sourceAttr="o" targetAttr="o" weight="128"/>
                <Mapping sourceAttr="objectCategory"
                    targetAttr="objectCategory" weight="128"/>
                <Mapping sourceAttr="objectGUID" targetAttr="objectGUID" weight="128"/>
                <Mapping sourceAttr="objectSid" targetAttr="objectSid" weight="128"/>
                <Mapping sourceAttr="objectVersion"
                    targetAttr="objectVersion" weight="128"/>
                <Mapping sourceAttr="operatorCount"
                    targetAttr="operatorCount" weight="128"/>
                <Mapping sourceAttr="otherFacsimileTelephoneNumber"
                    targetAttr="otherFacsimileTelephoneNumber" weight="128"/>
                <Mapping sourceAttr="otherHomePhone"
                    targetAttr="otherHomePhone" weight="128"/>
                <Mapping sourceAttr="otherIpPhone"
                    targetAttr="otherIpPhone" weight="128"/>
                <Mapping sourceAttr="otherLoginWorkstations"
                    targetAttr="otherLoginWorkstations" weight="128"/>
                <Mapping sourceAttr="otherMailbox"
                    targetAttr="otherMailbox" weight="128"/>
                <Mapping sourceAttr="otherMobile"
                    targetAttr="otherMobile" weight="128"/>
                <Mapping sourceAttr="otherPager" targetAttr="otherPager" weight="128"/>
                <Mapping sourceAttr="otherTelephone"
                    targetAttr="otherTelephone" weight="128"/>
                <Mapping sourceAttr="ou" targetAttr="ou" weight="128"/>
                <Mapping sourceAttr="pager" targetAttr="pager" weight="128"/>
                <Mapping sourceAttr="personalTitle"
                    targetAttr="personalTitle" weight="128"/>
                <Mapping sourceAttr="photo" targetAttr="photo" weight="128"/>
                <Mapping sourceAttr="physicalDeliveryOfficeName"
                    targetAttr="physicalDeliveryOfficeName" weight="128"/>
                <Mapping sourceAttr="postalAddress"
                    targetAttr="postalAddress" weight="128"/>
                <Mapping sourceAttr="postalCode" targetAttr="postalCode" weight="128"/>
                <Mapping sourceAttr="postOfficeBox"
                    targetAttr="postOfficeBox" weight="128"/>
                <Mapping sourceAttr="preferredDeliveryMethod"
                    targetAttr="preferredDeliveryMethod" weight="128"/>
                <Mapping sourceAttr="preferredLanguage"
                    targetAttr="preferredLanguage" weight="128"/>
                <Mapping sourceAttr="preferredOU"
                    targetAttr="preferredOU" weight="128"/>
                <Mapping sourceAttr="primaryGroupID"
                    targetAttr="primaryGroupID" weight="128"/>
                <Mapping sourceAttr="primaryInternationalISDNNumber"
                    targetAttr="primaryInternationalISDNNumber" weight="128"/>
                <Mapping sourceAttr="primaryTelexNumber"
                    targetAttr="primaryTelexNumber" weight="128"/>
                <Mapping sourceAttr="profilePath"
                    targetAttr="profilePath" weight="128"/>
                <Mapping sourceAttr="proxyAddresses"
                    targetAttr="proxyAddresses" weight="128"/>
                <Mapping sourceAttr="pwdLastSet" targetAttr="pwdLastSet" weight="128"/>
                <Mapping sourceAttr="registeredAddress"
                    targetAttr="registeredAddress" weight="128"/>
                <Mapping sourceAttr="revision" targetAttr="revision" weight="128"/>
                <Mapping sourceAttr="roomNumber" targetAttr="roomNumber" weight="128"/>
                <Mapping sourceAttr="sAMAccountName"
                    targetAttr="sAMAccountName" weight="128"/>
                <Mapping sourceAttr="scriptPath" targetAttr="scriptPath" weight="128"/>
                <Mapping sourceAttr="sDRightsEffective"
                    targetAttr="sDRightsEffective" weight="128"/>
                <Mapping sourceAttr="secretary" targetAttr="secretary" weight="128"/>
                <Mapping sourceAttr="seeAlso" targetAttr="seeAlso" weight="128"/>
                <Mapping sourceAttr="serialNumber"
                    targetAttr="serialNumber" weight="128"/>
                <Mapping sourceAttr="servicePrincipalName"
                    targetAttr="servicePrincipalName" weight="128"/>
                <Mapping sourceAttr="showInAdvancedViewOnly"
                    targetAttr="showInAdvancedViewOnly" weight="128"/>
                <Mapping sourceAttr="sn" targetAttr="sn" weight="128"/>
                <Mapping sourceAttr="st" targetAttr="st" weight="128"/>
                <Mapping sourceAttr="street" targetAttr="street" weight="128"/>
                <Mapping sourceAttr="streetAddress"
                    targetAttr="streetAddress" weight="128"/>
                <Mapping sourceAttr="subSchemaSubEntry"
                    targetAttr="subSchemaSubEntry" weight="128"/>
                <Mapping sourceAttr="telephoneNumber"
                    targetAttr="telephoneNumber" weight="128"/>
                <Mapping sourceAttr="teletexTerminalIdentifier"
                    targetAttr="teletexTerminalIdentifier" weight="128"/>
                <Mapping sourceAttr="telexNumber"
                    targetAttr="telexNumber" weight="128"/>
                <Mapping sourceAttr="terminalServer"
                    targetAttr="terminalServer" weight="128"/>
                <Mapping sourceAttr="thumbnailLogo"
                    targetAttr="thumbnailLogo" weight="128"/>
                <Mapping sourceAttr="thumbnailPhoto"
                    targetAttr="thumbnailPhoto" weight="128"/>
                <Mapping sourceAttr="title" targetAttr="title" weight="128"/>
                <Mapping sourceAttr="uid" targetAttr="uid" weight="128"/>
                <Mapping sourceAttr="unicodePwd" targetAttr="unicodePwd" weight="128"/>
                <Mapping sourceAttr="url" targetAttr="url" weight="128"/>
                <Mapping sourceAttr="userAccountControl"
                    targetAttr="userAccountControl" weight="128"/>
                <Mapping sourceAttr="userCertificate"
                    targetAttr="userCertificate" weight="128"/>
                <Mapping sourceAttr="userParameters"
                    targetAttr="userParameters" weight="128"/>
                <Mapping sourceAttr="userPassword"
                    targetAttr="userPassword" weight="128"/>
                <Mapping sourceAttr="userPKCS12" targetAttr="userPKCS12" weight="128"/>
                <Mapping sourceAttr="userPrincipalName"
                    targetAttr="userPrincipalName" weight="128"/>
                <Mapping sourceAttr="userSharedFolder"
                    targetAttr="userSharedFolder" weight="128"/>
                <Mapping sourceAttr="userSharedFolderOther"
                    targetAttr="userSharedFolderOther" weight="128"/>
                <Mapping sourceAttr="userSMIMECertificate"
                    targetAttr="userSMIMECertificate" weight="128"/>
                <Mapping sourceAttr="userWorkstations"
                    targetAttr="userWorkstations" weight="128"/>
                <Mapping sourceAttr="uSNChanged" targetAttr="uSNChanged" weight="128"/>
                <Mapping sourceAttr="uSNCreated" targetAttr="uSNCreated" weight="128"/>
                <Mapping sourceAttr="uSNDSALastObjRemoved"
                    targetAttr="uSNDSALastObjRemoved" weight="128"/>
                <Mapping sourceAttr="USNIntersite"
                    targetAttr="USNIntersite" weight="128"/>
                <Mapping sourceAttr="uSNLastObjRem"
                    targetAttr="uSNLastObjRem" weight="128"/>
                <Mapping sourceAttr="uSNSource" targetAttr="uSNSource" weight="128"/>
                <Mapping sourceAttr="wbemPath" targetAttr="wbemPath" weight="128"/>
                <Mapping sourceAttr="whenChanged"
                    targetAttr="whenChanged" weight="128"/>
                <Mapping sourceAttr="whenCreated"
                    targetAttr="whenCreated" weight="128"/>
                <Mapping sourceAttr="wWWHomePage"
                    targetAttr="wWWHomePage" weight="128"/>
                <Mapping sourceAttr="x121Address"
                    targetAttr="x121Address" weight="128"/>
                <Mapping sourceAttr="x500uniqueIdentifier"
                    targetAttr="x500uniqueIdentifier" weight="128"/>
            </AttributeMappings>
        </IdentitySource>
        <IdentitySource auxiliaryClasses="" baseDn="dc=acmeb,o=sources"
            createIdentityOnMultiMatch="false"
            createIdentityOnNoMatch="false" dataSourceName="vds"
            isLdap="true" isParallelUpload="false" name="ACMEB"
            previewAttributes="displayName" primaryObjectClass="user"
            remapDnAttributes="managedObjects,manager,memberOf" tempResName="temp_44273122-55d7-45da-9c4e-a7aa8cab3f7a">
            <GroupSource auxiliaryClasses="" baseDn=""
                memberAttributes="member" primaryObjectClass="group" remapDnAttributes="managedBy,member"/>
            <CorrelationRule>(&amp;(mail=@[mail]))</CorrelationRule>
            <AttributeMappings>
                <Mapping sourceAttr="accountExpires"
                    targetAttr="accountExpires" weight="128"/>
                <Mapping sourceAttr="aCSPolicyName"
                    targetAttr="aCSPolicyName" weight="128"/>
                <Mapping sourceAttr="adminCount" targetAttr="adminCount" weight="128"/>
                <Mapping sourceAttr="adminDescription"
                    targetAttr="adminDescription" weight="128"/>
                <Mapping sourceAttr="adminDisplayName"
                    targetAttr="adminDisplayName" weight="128"/>
                <Mapping sourceAttr="assistant" targetAttr="assistant" weight="128"/>
                <Mapping sourceAttr="attributeCertificateAttribute"
                    targetAttr="attributeCertificateAttribute" weight="128"/>
                <Mapping sourceAttr="audio" targetAttr="audio" weight="128"/>
                <Mapping sourceAttr="badPasswordTime"
                    targetAttr="badPasswordTime" weight="128"/>
                <Mapping sourceAttr="badPwdCount"
                    targetAttr="badPwdCount" weight="128"/>
                <Mapping sourceAttr="businessCategory"
                    targetAttr="businessCategory" weight="128"/>
                <Mapping sourceAttr="c" targetAttr="c" weight="128"/>
                <Mapping sourceAttr="carLicense" targetAttr="carLicense" weight="128"/>
                <Mapping sourceAttr="cn" targetAttr="cn" weight="128"/>
                <Mapping sourceAttr="co" targetAttr="co" weight="128"/>
                <Mapping sourceAttr="codePage" targetAttr="codePage" weight="128"/>
                <Mapping sourceAttr="comment" targetAttr="comment" weight="128"/>
                <Mapping sourceAttr="company" targetAttr="company" weight="128"/>
                <Mapping sourceAttr="controlAccessRights"
                    targetAttr="controlAccessRights" weight="128"/>
                <Mapping sourceAttr="countryCode"
                    targetAttr="countryCode" weight="128"/>
                <Mapping sourceAttr="createTimeStamp"
                    targetAttr="createTimeStamp" weight="128"/>
                <Mapping sourceAttr="dBCSPwd" targetAttr="dBCSPwd" weight="128"/>
                <Mapping sourceAttr="defaultClassStore"
                    targetAttr="defaultClassStore" weight="128"/>
                <Mapping sourceAttr="department" targetAttr="department" weight="128"/>
                <Mapping sourceAttr="departmentNumber"
                    targetAttr="departmentNumber" weight="128"/>
                <Mapping sourceAttr="description"
                    targetAttr="description" weight="128"/>
                <Mapping sourceAttr="desktopProfile"
                    targetAttr="desktopProfile" weight="128"/>
                <Mapping sourceAttr="destinationIndicator"
                    targetAttr="destinationIndicator" weight="128"/>
                <Mapping sourceAttr="displayName"
                    targetAttr="displayName" weight="128"/>
                <Mapping sourceAttr="displayNamePrintable"
                    targetAttr="displayNamePrintable" weight="128"/>
                <Mapping sourceAttr="distinguishedName"
                    targetAttr="distinguishedName" weight="128"/>
                <Mapping sourceAttr="division" targetAttr="division" weight="128"/>
                <Mapping sourceAttr="dynamicLDAPServer"
                    targetAttr="dynamicLDAPServer" weight="128"/>
                <Mapping sourceAttr="employeeID" targetAttr="employeeID" weight="128"/>
                <Mapping sourceAttr="employeeNumber"
                    targetAttr="employeeNumber" weight="128"/>
                <Mapping sourceAttr="employeeType"
                    targetAttr="employeeType" weight="128"/>
                <Mapping sourceAttr="extensionName"
                    targetAttr="extensionName" weight="128"/>
                <Mapping sourceAttr="facsimileTelephoneNumber"
                    targetAttr="facsimileTelephoneNumber" weight="128"/>
                <Mapping sourceAttr="flags" targetAttr="flags" weight="128"/>
                <Mapping sourceAttr="fSMORoleOwner"
                    targetAttr="fSMORoleOwner" weight="128"/>
                <Mapping sourceAttr="generationQualifier"
                    targetAttr="generationQualifier" weight="128"/>
                <Mapping sourceAttr="givenName" targetAttr="givenName" weight="128"/>
                <Mapping sourceAttr="groupMembershipSAM"
                    targetAttr="groupMembershipSAM" weight="128"/>
                <Mapping sourceAttr="groupPriority"
                    targetAttr="groupPriority" weight="128"/>
                <Mapping sourceAttr="groupsToIgnore"
                    targetAttr="groupsToIgnore" weight="128"/>
                <Mapping sourceAttr="homeDrive" targetAttr="homeDrive" weight="128"/>
                <Mapping sourceAttr="homePhone" targetAttr="homePhone" weight="128"/>
                <Mapping sourceAttr="homePostalAddress"
                    targetAttr="homePostalAddress" weight="128"/>
                <Mapping sourceAttr="houseIdentifier"
                    targetAttr="houseIdentifier" weight="128"/>
                <Mapping sourceAttr="initials" targetAttr="initials" weight="128"/>
                <Mapping sourceAttr="instanceType"
                    targetAttr="instanceType" weight="128"/>
                <Mapping sourceAttr="internationalISDNNumber"
                    targetAttr="internationalISDNNumber" weight="128"/>
                <Mapping sourceAttr="ipPhone" targetAttr="ipPhone" weight="128"/>
                <Mapping sourceAttr="isCriticalSystemObject"
                    targetAttr="isCriticalSystemObject" weight="128"/>
                <Mapping sourceAttr="isDeleted" targetAttr="isDeleted" weight="128"/>
                <Mapping sourceAttr="isPrivilegeHolder"
                    targetAttr="isPrivilegeHolder" weight="128"/>
                <Mapping sourceAttr="jpegPhoto" targetAttr="jpegPhoto" weight="128"/>
                <Mapping sourceAttr="l" targetAttr="l" weight="128"/>
                <Mapping sourceAttr="labeledURI" targetAttr="labeledURI" weight="128"/>
                <Mapping sourceAttr="lastKnownParent"
                    targetAttr="lastKnownParent" weight="128"/>
                <Mapping sourceAttr="lastLogoff" targetAttr="lastLogoff" weight="128"/>
                <Mapping sourceAttr="lastLogon" targetAttr="lastLogon" weight="128"/>
                <Mapping sourceAttr="lastLogonTimestamp"
                    targetAttr="lastLogonTimestamp" weight="128"/>
                <Mapping sourceAttr="lmPwdHistory"
                    targetAttr="lmPwdHistory" weight="128"/>
                <Mapping sourceAttr="localeID" targetAttr="localeID" weight="128"/>
                <Mapping sourceAttr="lockoutTime"
                    targetAttr="lockoutTime" weight="128"/>
                <Mapping sourceAttr="logonCount" targetAttr="logonCount" weight="128"/>
                <Mapping sourceAttr="logonHours" targetAttr="logonHours" weight="128"/>
                <Mapping sourceAttr="logonWorkstation"
                    targetAttr="logonWorkstation" weight="128"/>
                <Mapping sourceAttr="mail" targetAttr="mail" weight="128"/>
                <Mapping sourceAttr="managedObjects"
                    targetAttr="managedObjects" weight="128"/>
                <Mapping sourceAttr="manager" targetAttr="manager" weight="128"/>
                <Mapping sourceAttr="masteredBy" targetAttr="masteredBy" weight="128"/>
                <Mapping sourceAttr="maxStorage" targetAttr="maxStorage" weight="128"/>
                <Mapping sourceAttr="memberOf" targetAttr="memberOf" weight="128"/>
                <Mapping sourceAttr="mhsORAddress"
                    targetAttr="mhsORAddress" weight="128"/>
                <Mapping sourceAttr="middleName" targetAttr="middleName" weight="128"/>
                <Mapping sourceAttr="mobile" targetAttr="mobile" weight="128"/>
                <Mapping sourceAttr="modifyTimeStamp"
                    targetAttr="modifyTimeStamp" weight="128"/>
                <Mapping sourceAttr="mS-DS-ConsistencyChildCount"
                    targetAttr="mS-DS-ConsistencyChildCount" weight="128"/>
                <Mapping sourceAttr="mS-DS-ConsistencyGuid"
                    targetAttr="mS-DS-ConsistencyGuid" weight="128"/>
                <Mapping sourceAttr="msCOM-UserPartitionSetLink"
                    targetAttr="msCOM-UserPartitionSetLink" weight="128"/>
                <Mapping sourceAttr="msDRM-IdentityCertificate"
                    targetAttr="msDRM-IdentityCertificate" weight="128"/>
                <Mapping sourceAttr="msDS-AllowedToDelegateTo"
                    targetAttr="msDS-AllowedToDelegateTo" weight="128"/>
                <Mapping sourceAttr="msDS-Cached-Membership"
                    targetAttr="msDS-Cached-Membership" weight="128"/>
                <Mapping sourceAttr="msDS-Cached-Membership-Time-Stamp"
                    targetAttr="msDS-Cached-Membership-Time-Stamp" weight="128"/>
                <Mapping sourceAttr="msDS-NCReplCursors"
                    targetAttr="msDS-NCReplCursors" weight="128"/>
                <Mapping sourceAttr="msDS-NCReplInboundNeighbors"
                    targetAttr="msDS-NCReplInboundNeighbors" weight="128"/>
                <Mapping sourceAttr="msDS-NCReplOutboundNeighbors"
                    targetAttr="msDS-NCReplOutboundNeighbors" weight="128"/>
                <Mapping sourceAttr="msDS-ReplValueMetaData"
                    targetAttr="msDS-ReplValueMetaData" weight="128"/>
                <Mapping sourceAttr="msDS-Site-Affinity"
                    targetAttr="msDS-Site-Affinity" weight="128"/>
                <Mapping sourceAttr="msDS-User-Account-Control-Computed"
                    targetAttr="msDS-User-Account-Control-Computed" weight="128"/>
                <Mapping sourceAttr="msExchHouseIdentifier"
                    targetAttr="msExchHouseIdentifier" weight="128"/>
                <Mapping sourceAttr="msIIS-FTPDir"
                    targetAttr="msIIS-FTPDir" weight="128"/>
                <Mapping sourceAttr="msIIS-FTPRoot"
                    targetAttr="msIIS-FTPRoot" weight="128"/>
                <Mapping sourceAttr="mSMQDigests"
                    targetAttr="mSMQDigests" weight="128"/>
                <Mapping sourceAttr="mSMQDigestsMig"
                    targetAttr="mSMQDigestsMig" weight="128"/>
                <Mapping sourceAttr="mSMQSignCertificates"
                    targetAttr="mSMQSignCertificates" weight="128"/>
                <Mapping sourceAttr="mSMQSignCertificatesMig"
                    targetAttr="mSMQSignCertificatesMig" weight="128"/>
                <Mapping sourceAttr="msNPAllowDialin"
                    targetAttr="msNPAllowDialin" weight="128"/>
                <Mapping sourceAttr="msNPCallingStationID"
                    targetAttr="msNPCallingStationID" weight="128"/>
                <Mapping sourceAttr="msNPSavedCallingStationID"
                    targetAttr="msNPSavedCallingStationID" weight="128"/>
                <Mapping sourceAttr="msRADIUSCallbackNumber"
                    targetAttr="msRADIUSCallbackNumber" weight="128"/>
                <Mapping sourceAttr="msRADIUSFramedIPAddress"
                    targetAttr="msRADIUSFramedIPAddress" weight="128"/>
                <Mapping sourceAttr="msRADIUSFramedRoute"
                    targetAttr="msRADIUSFramedRoute" weight="128"/>
                <Mapping sourceAttr="msRADIUSServiceType"
                    targetAttr="msRADIUSServiceType" weight="128"/>
                <Mapping sourceAttr="msRASSavedCallbackNumber"
                    targetAttr="msRASSavedCallbackNumber" weight="128"/>
                <Mapping sourceAttr="msRASSavedFramedIPAddress"
                    targetAttr="msRASSavedFramedIPAddress" weight="128"/>
                <Mapping sourceAttr="msRASSavedFramedRoute"
                    targetAttr="msRASSavedFramedRoute" weight="128"/>
                <Mapping sourceAttr="name" targetAttr="name" weight="128"/>
                <Mapping sourceAttr="networkAddress"
                    targetAttr="networkAddress" weight="128"/>
                <Mapping sourceAttr="ntPwdHistory"
                    targetAttr="ntPwdHistory" weight="128"/>
                <Mapping sourceAttr="nTSecurityDescriptor"
                    targetAttr="nTSecurityDescriptor" weight="128"/>
                <Mapping sourceAttr="o" targetAttr="o" weight="128"/>
                <Mapping sourceAttr="objectCategory"
                    targetAttr="objectCategory" weight="128"/>
                <Mapping sourceAttr="objectGUID" targetAttr="objectGUID" weight="128"/>
                <Mapping sourceAttr="objectSid" targetAttr="objectSid" weight="128"/>
                <Mapping sourceAttr="objectVersion"
                    targetAttr="objectVersion" weight="128"/>
                <Mapping sourceAttr="operatorCount"
                    targetAttr="operatorCount" weight="128"/>
                <Mapping sourceAttr="otherFacsimileTelephoneNumber"
                    targetAttr="otherFacsimileTelephoneNumber" weight="128"/>
                <Mapping sourceAttr="otherHomePhone"
                    targetAttr="otherHomePhone" weight="128"/>
                <Mapping sourceAttr="otherIpPhone"
                    targetAttr="otherIpPhone" weight="128"/>
                <Mapping sourceAttr="otherLoginWorkstations"
                    targetAttr="otherLoginWorkstations" weight="128"/>
                <Mapping sourceAttr="otherMailbox"
                    targetAttr="otherMailbox" weight="128"/>
                <Mapping sourceAttr="otherMobile"
                    targetAttr="otherMobile" weight="128"/>
                <Mapping sourceAttr="otherPager" targetAttr="otherPager" weight="128"/>
                <Mapping sourceAttr="otherTelephone"
                    targetAttr="otherTelephone" weight="128"/>
                <Mapping sourceAttr="ou" targetAttr="ou" weight="128"/>
                <Mapping sourceAttr="pager" targetAttr="pager" weight="128"/>
                <Mapping sourceAttr="personalTitle"
                    targetAttr="personalTitle" weight="128"/>
                <Mapping sourceAttr="photo" targetAttr="photo" weight="128"/>
                <Mapping sourceAttr="physicalDeliveryOfficeName"
                    targetAttr="physicalDeliveryOfficeName" weight="128"/>
                <Mapping sourceAttr="postalAddress"
                    targetAttr="postalAddress" weight="128"/>
                <Mapping sourceAttr="postalCode" targetAttr="postalCode" weight="128"/>
                <Mapping sourceAttr="postOfficeBox"
                    targetAttr="postOfficeBox" weight="128"/>
                <Mapping sourceAttr="preferredDeliveryMethod"
                    targetAttr="preferredDeliveryMethod" weight="128"/>
                <Mapping sourceAttr="preferredLanguage"
                    targetAttr="preferredLanguage" weight="128"/>
                <Mapping sourceAttr="preferredOU"
                    targetAttr="preferredOU" weight="128"/>
                <Mapping sourceAttr="primaryGroupID"
                    targetAttr="primaryGroupID" weight="128"/>
                <Mapping sourceAttr="primaryInternationalISDNNumber"
                    targetAttr="primaryInternationalISDNNumber" weight="128"/>
                <Mapping sourceAttr="primaryTelexNumber"
                    targetAttr="primaryTelexNumber" weight="128"/>
                <Mapping sourceAttr="profilePath"
                    targetAttr="profilePath" weight="128"/>
                <Mapping sourceAttr="proxyAddresses"
                    targetAttr="proxyAddresses" weight="128"/>
                <Mapping sourceAttr="pwdLastSet" targetAttr="pwdLastSet" weight="128"/>
                <Mapping sourceAttr="registeredAddress"
                    targetAttr="registeredAddress" weight="128"/>
                <Mapping sourceAttr="revision" targetAttr="revision" weight="128"/>
                <Mapping sourceAttr="roomNumber" targetAttr="roomNumber" weight="128"/>
                <Mapping sourceAttr="sAMAccountName"
                    targetAttr="sAMAccountName" weight="128"/>
                <Mapping sourceAttr="scriptPath" targetAttr="scriptPath" weight="128"/>
                <Mapping sourceAttr="sDRightsEffective"
                    targetAttr="sDRightsEffective" weight="128"/>
                <Mapping sourceAttr="secretary" targetAttr="secretary" weight="128"/>
                <Mapping sourceAttr="seeAlso" targetAttr="seeAlso" weight="128"/>
                <Mapping sourceAttr="serialNumber"
                    targetAttr="serialNumber" weight="128"/>
                <Mapping sourceAttr="servicePrincipalName"
                    targetAttr="servicePrincipalName" weight="128"/>
                <Mapping sourceAttr="showInAdvancedViewOnly"
                    targetAttr="showInAdvancedViewOnly" weight="128"/>
                <Mapping sourceAttr="sn" targetAttr="sn" weight="128"/>
                <Mapping sourceAttr="st" targetAttr="st" weight="128"/>
                <Mapping sourceAttr="street" targetAttr="street" weight="128"/>
                <Mapping sourceAttr="streetAddress"
                    targetAttr="streetAddress" weight="128"/>
                <Mapping sourceAttr="subSchemaSubEntry"
                    targetAttr="subSchemaSubEntry" weight="128"/>
                <Mapping sourceAttr="telephoneNumber"
                    targetAttr="telephoneNumber" weight="128"/>
                <Mapping sourceAttr="teletexTerminalIdentifier"
                    targetAttr="teletexTerminalIdentifier" weight="128"/>
                <Mapping sourceAttr="telexNumber"
                    targetAttr="telexNumber" weight="128"/>
                <Mapping sourceAttr="terminalServer"
                    targetAttr="terminalServer" weight="128"/>
                <Mapping sourceAttr="thumbnailLogo"
                    targetAttr="thumbnailLogo" weight="128"/>
                <Mapping sourceAttr="thumbnailPhoto"
                    targetAttr="thumbnailPhoto" weight="128"/>
                <Mapping sourceAttr="title" targetAttr="title" weight="128"/>
                <Mapping sourceAttr="uid" targetAttr="uid" weight="128"/>
                <Mapping sourceAttr="unicodePwd" targetAttr="unicodePwd" weight="128"/>
                <Mapping sourceAttr="url" targetAttr="url" weight="128"/>
                <Mapping sourceAttr="userAccountControl"
                    targetAttr="userAccountControl" weight="128"/>
                <Mapping sourceAttr="userCertificate"
                    targetAttr="userCertificate" weight="128"/>
                <Mapping sourceAttr="userParameters"
                    targetAttr="userParameters" weight="128"/>
                <Mapping sourceAttr="userPassword"
                    targetAttr="userPassword" weight="128"/>
                <Mapping sourceAttr="userPKCS12" targetAttr="userPKCS12" weight="128"/>
                <Mapping sourceAttr="userPrincipalName"
                    targetAttr="userPrincipalName" weight="128"/>
                <Mapping sourceAttr="userSharedFolder"
                    targetAttr="userSharedFolder" weight="128"/>
                <Mapping sourceAttr="userSharedFolderOther"
                    targetAttr="userSharedFolderOther" weight="128"/>
                <Mapping sourceAttr="userSMIMECertificate"
                    targetAttr="userSMIMECertificate" weight="128"/>
                <Mapping sourceAttr="userWorkstations"
                    targetAttr="userWorkstations" weight="128"/>
                <Mapping sourceAttr="uSNChanged" targetAttr="uSNChanged" weight="128"/>
                <Mapping sourceAttr="uSNCreated" targetAttr="uSNCreated" weight="128"/>
                <Mapping sourceAttr="uSNDSALastObjRemoved"
                    targetAttr="uSNDSALastObjRemoved" weight="128"/>
                <Mapping sourceAttr="USNIntersite"
                    targetAttr="USNIntersite" weight="128"/>
                <Mapping sourceAttr="uSNLastObjRem"
                    targetAttr="uSNLastObjRem" weight="128"/>
                <Mapping sourceAttr="uSNSource" targetAttr="uSNSource" weight="128"/>
                <Mapping sourceAttr="wbemPath" targetAttr="wbemPath" weight="128"/>
                <Mapping sourceAttr="whenChanged"
                    targetAttr="whenChanged" weight="128"/>
                <Mapping sourceAttr="whenCreated"
                    targetAttr="whenCreated" weight="128"/>
                <Mapping sourceAttr="wWWHomePage"
                    targetAttr="wWWHomePage" weight="128"/>
                <Mapping sourceAttr="x121Address"
                    targetAttr="x121Address" weight="128"/>
                <Mapping sourceAttr="x500uniqueIdentifier"
                    targetAttr="x500uniqueIdentifier" weight="128"/>
            </AttributeMappings>
        </IdentitySource>
        <IdentitySource auxiliaryClasses="" baseDn="o=sap,o=sources"
            createIdentityOnMultiMatch="false"
            createIdentityOnNoMatch="false" dataSourceName="vds"
            isLdap="true" isParallelUpload="false" name="SAP"
            previewAttributes="identifier" primaryObjectClass="vdsapsap"
            remapDnAttributes="manager" tempResName="temp_560c45e0-a4cc-48d1-b321-7dd436e281b5">
            <CorrelationRule>(&amp;(hrcode=@[identifier]))</CorrelationRule>
            <AttributeMappings>
                <Mapping sourceAttr="actiongranted"
                    targetAttr="actiongranted" weight="128"/>
                <Mapping sourceAttr="badpasswordcount"
                    targetAttr="badpasswordcount" weight="128"/>
                <Mapping sourceAttr="creationby" targetAttr="creationby" weight="128"/>
                <Mapping sourceAttr="creationdate"
                    targetAttr="creationdate" weight="128"/>
                <Mapping sourceAttr="disabled" targetAttr="disabled" weight="128"/>
                <Mapping sourceAttr="identifier"
                    targetAttr="displayName" weight="128"/>
                <Mapping sourceAttr="dontexpirepassword"
                    targetAttr="dontexpirepassword" weight="128"/>
                <Mapping sourceAttr="employeenumber"
                    targetAttr="employeeNumber" weight="128"/>
                <Mapping sourceAttr="expiredate" targetAttr="expiredate" weight="128"/>
                <Mapping sourceAttr="givenname" targetAttr="givenName" weight="128"/>
                <Mapping sourceAttr="identifier" targetAttr="identifier" weight="128"/>
                <Mapping sourceAttr="lastlogindate"
                    targetAttr="lastlogindate" weight="128"/>
                <Mapping sourceAttr="lastmodificationby"
                    targetAttr="lastmodificationby" weight="128"/>
                <Mapping sourceAttr="lastmodificationdate"
                    targetAttr="lastmodificationdate" weight="128"/>
                <Mapping sourceAttr="limit" targetAttr="limit" weight="128"/>
                <Mapping sourceAttr="locked" targetAttr="locked" weight="128"/>
                <Mapping sourceAttr="login" targetAttr="login" weight="128"/>
                <Mapping sourceAttr="logincount" targetAttr="logincount" weight="128"/>
                <Mapping sourceAttr="mail" targetAttr="mail" weight="128"/>
                <Mapping sourceAttr="manager" targetAttr="manager" weight="128"/>
                <Mapping sourceAttr="nextpasswordchangedate"
                    targetAttr="nextpasswordchangedate" weight="128"/>
                <Mapping sourceAttr="notnormalaccount"
                    targetAttr="notnormalaccount" weight="128"/>
                <Mapping sourceAttr="passwordcantchange"
                    targetAttr="passwordcantchange" weight="128"/>
                <Mapping sourceAttr="passwordexpired"
                    targetAttr="passwordexpired" weight="128"/>
                <Mapping sourceAttr="passwordlastsetdate"
                    targetAttr="passwordlastsetdate" weight="128"/>
                <Mapping sourceAttr="passwordnotrequired"
                    targetAttr="passwordnotrequired" weight="128"/>
                <Mapping sourceAttr="perimetercode"
                    targetAttr="perimetercode" weight="128"/>
                <Mapping sourceAttr="perimeterlabel"
                    targetAttr="perimeterlabel" weight="128"/>
                <Mapping sourceAttr="permissiondescription"
                    targetAttr="permissiondescription" weight="128"/>
                <Mapping sourceAttr="permissionid"
                    targetAttr="permissionid" weight="128"/>
                <Mapping sourceAttr="permissionname"
                    targetAttr="permissionname" weight="128"/>
                <Mapping sourceAttr="profile" targetAttr="profile" weight="128"/>
                <Mapping sourceAttr="service" targetAttr="service" weight="128"/>
                <Mapping sourceAttr="smartcardrequired"
                    targetAttr="smartcardrequired" weight="128"/>
                <Mapping sourceAttr="surname" targetAttr="surname" weight="128"/>
                <Mapping sourceAttr="username" targetAttr="username" weight="128"/>
            </AttributeMappings>
        </IdentitySource>
        <IdentitySource auxiliaryClasses="" baseDn="o=sage,o=sources"
            createIdentityOnMultiMatch="false"
            createIdentityOnNoMatch="false" dataSourceName="vds"
            isLdap="true" isParallelUpload="false" name="SAGE"
            previewAttributes="username" primaryObjectClass="vdsagesage"
            remapDnAttributes="manager" tempResName="temp_839dd44c-50ba-4739-9bb4-10a3b6ca4c38">
            <CorrelationRule>(&amp;(hrcode=@[employeenumber]))</CorrelationRule>
            <AttributeMappings>
                <Mapping sourceAttr="actiongranted"
                    targetAttr="actiongranted" weight="128"/>
                <Mapping sourceAttr="badpasswordcount"
                    targetAttr="badpasswordcount" weight="128"/>
                <Mapping sourceAttr="creationby" targetAttr="creationby" weight="128"/>
                <Mapping sourceAttr="creationdate"
                    targetAttr="creationdate" weight="128"/>
                <Mapping sourceAttr="disabled" targetAttr="disabled" weight="128"/>
                <Mapping sourceAttr="username" targetAttr="displayName" weight="128"/>
                <Mapping sourceAttr="dontexpirepassword"
                    targetAttr="dontexpirepassword" weight="128"/>
                <Mapping sourceAttr="employeenumber"
                    targetAttr="employeeNumber" weight="128"/>
                <Mapping sourceAttr="expiredate" targetAttr="expiredate" weight="128"/>
                <Mapping sourceAttr="externalaccount"
                    targetAttr="externalaccount" weight="128"/>
                <Mapping sourceAttr="givenname" targetAttr="givenName" weight="128"/>
                <Mapping sourceAttr="employeenumber"
                    targetAttr="identifier" weight="128"/>
                <Mapping sourceAttr="lastlogindate"
                    targetAttr="lastlogindate" weight="128"/>
                <Mapping sourceAttr="lastmodificationby"
                    targetAttr="lastmodificationby" weight="128"/>
                <Mapping sourceAttr="lastmodificationdate"
                    targetAttr="lastmodificationdate" weight="128"/>
                <Mapping sourceAttr="limit" targetAttr="limit" weight="128"/>
                <Mapping sourceAttr="locked" targetAttr="locked" weight="128"/>
                <Mapping sourceAttr="login" targetAttr="login" weight="128"/>
                <Mapping sourceAttr="logincount" targetAttr="logincount" weight="128"/>
                <Mapping sourceAttr="mail" targetAttr="mail" weight="128"/>
                <Mapping sourceAttr="manager" targetAttr="manager" weight="128"/>
                <Mapping sourceAttr="nextpasswordchangedate"
                    targetAttr="nextpasswordchangedate" weight="128"/>
                <Mapping sourceAttr="notnormalaccount"
                    targetAttr="notnormalaccount" weight="128"/>
                <Mapping sourceAttr="passwordcantchange"
                    targetAttr="passwordcantchange" weight="128"/>
                <Mapping sourceAttr="passwordexpired"
                    targetAttr="passwordexpired" weight="128"/>
                <Mapping sourceAttr="passwordlastsetdate"
                    targetAttr="passwordlastsetdate" weight="128"/>
                <Mapping sourceAttr="passwordnotrequired"
                    targetAttr="passwordnotrequired" weight="128"/>
                <Mapping sourceAttr="perimetercode"
                    targetAttr="perimetercode" weight="128"/>
                <Mapping sourceAttr="perimeterlabel"
                    targetAttr="perimeterlabel" weight="128"/>
                <Mapping sourceAttr="permissiondescription"
                    targetAttr="permissiondescription" weight="128"/>
                <Mapping sourceAttr="permissionid"
                    targetAttr="permissionid" weight="128"/>
                <Mapping sourceAttr="permissionname"
                    targetAttr="permissionname" weight="128"/>
                <Mapping sourceAttr="profile" targetAttr="profile" weight="128"/>
                <Mapping sourceAttr="repositoryid"
                    targetAttr="repositoryid" weight="128"/>
                <Mapping sourceAttr="service" targetAttr="service" weight="128"/>
                <Mapping sourceAttr="smartcardrequired"
                    targetAttr="smartcardrequired" weight="128"/>
                <Mapping sourceAttr="surname" targetAttr="surname" weight="128"/>
                <Mapping sourceAttr="username" targetAttr="username" weight="128"/>
            </AttributeMappings>
        </IdentitySource>
        <IdentitySource auxiliaryClasses="" baseDn="o=entraid,o=sources"
            createIdentityOnMultiMatch="false"
            createIdentityOnNoMatch="true" dataSourceName="vds"
            isLdap="true" isParallelUpload="false" name="EntraID"
            previewAttributes="displayName"
            primaryObjectClass="azureaduser"
            remapDnAttributes="directReports,manager,memberOf" tempResName="temp_d5300105-02b6-49f7-abdb-5863585a0800">
            <GroupSource auxiliaryClasses="" baseDn=""
                memberAttributes="member" primaryObjectClass="group" remapDnAttributes="managedBy,member"/>
            <CorrelationRule>(&amp;(mail=@[mail]))</CorrelationRule>
            <AttributeMappings>
                <Mapping sourceAttr="accountEnabled"
                    targetAttr="accountEnabled" weight="128"/>
                <Mapping sourceAttr="city" targetAttr="city" weight="128"/>
                <Mapping sourceAttr="companyName"
                    targetAttr="companyName" weight="128"/>
                <Mapping sourceAttr="country" targetAttr="country" weight="128"/>
                <Mapping sourceAttr="deltaLink" targetAttr="deltaLink" weight="128"/>
                <Mapping sourceAttr="department" targetAttr="department" weight="128"/>
                <Mapping sourceAttr="directReports"
                    targetAttr="directReports" weight="128"/>
                <Mapping sourceAttr="displayName"
                    targetAttr="displayName" weight="128"/>
                <Mapping sourceAttr="employeeId" targetAttr="employeeID" weight="128"/>
                <Mapping sourceAttr="faxNumber" targetAttr="faxNumber" weight="128"/>
                <Mapping sourceAttr="givenName" targetAttr="givenName" weight="128"/>
                <Mapping sourceAttr="id" targetAttr="id" weight="128"/>
                <Mapping sourceAttr="invitedUserDisplayName"
                    targetAttr="invitedUserDisplayName" weight="128"/>
                <Mapping sourceAttr="invitedUserEmailAddress"
                    targetAttr="invitedUserEmailAddress" weight="128"/>
                <Mapping sourceAttr="invitedUserType"
                    targetAttr="invitedUserType" weight="128"/>
                <Mapping sourceAttr="inviteRedeemUrl"
                    targetAttr="inviteRedeemUrl" weight="128"/>
                <Mapping sourceAttr="inviteRedirectUrl"
                    targetAttr="inviteRedirectUrl" weight="128"/>
                <Mapping sourceAttr="jobTitle" targetAttr="jobTitle" weight="128"/>
                <Mapping sourceAttr="mail" targetAttr="mail" weight="128"/>
                <Mapping sourceAttr="mailNickname"
                    targetAttr="mailNickname" weight="128"/>
                <Mapping sourceAttr="manager" targetAttr="manager" weight="128"/>
                <Mapping sourceAttr="memberOf" targetAttr="memberOf" weight="128"/>
                <Mapping sourceAttr="mobilePhone"
                    targetAttr="mobilePhone" weight="128"/>
                <Mapping sourceAttr="officeLocation"
                    targetAttr="officeLocation" weight="128"/>
                <Mapping sourceAttr="onPremisesImmutableId"
                    targetAttr="onPremisesImmutableId" weight="128"/>
                <Mapping sourceAttr="ownedDevices"
                    targetAttr="ownedDevices" weight="128"/>
                <Mapping sourceAttr="ownedObjects"
                    targetAttr="ownedObjects" weight="128"/>
                <Mapping
                    sourceAttr="passwordprofile-forcechangepasswordnextsignin"
                    targetAttr="passwordprofile-forcechangepasswordnextsignin" weight="128"/>
                <Mapping sourceAttr="passwordprofile-password"
                    targetAttr="passwordprofile-password" weight="128"/>
                <Mapping sourceAttr="postalCode" targetAttr="postalCode" weight="128"/>
                <Mapping sourceAttr="registeredDevices"
                    targetAttr="registeredDevices" weight="128"/>
                <Mapping sourceAttr="sendInvitationMessage"
                    targetAttr="sendInvitationMessage" weight="128"/>
                <Mapping sourceAttr="state" targetAttr="state" weight="128"/>
                <Mapping sourceAttr="status" targetAttr="status" weight="128"/>
                <Mapping sourceAttr="streetAddress"
                    targetAttr="streetAddress" weight="128"/>
                <Mapping sourceAttr="surname" targetAttr="surname" weight="128"/>
                <Mapping sourceAttr="userPrincipalName"
                    targetAttr="userPrincipalName" weight="128"/>
                <Mapping sourceAttr="userType" targetAttr="userType" weight="128"/>
            </AttributeMappings>
        </IdentitySource>
    </IdentitySources>
</GlobalProfile>
