code;shortname;displayname;type;parentcode;managerhrcode;managergivenname;managersurname;managerfullname
DMARIN;DMARIN;Institutional Marketing Division;Division;DMAR;ID0000103;Calvin;BASS;Calvin BASS
DMARPR;DMARPR;Product Marketing Division;Division;DMAR;ID0000101;Austin;MCKINNEY;Austin MCKINNEY
DPROD;DPROD;Prod Division;Division;DG;ID0000575;Domingo;MYERS;Domingo MYERS
UH1;UH1;Houilles Factory;Unit;DPROD;ID0000933;Felipe;EDWARDS;Felipe EDWARDS
UM2;UM2;Mantes Factory;Unit;DPROD;ID0000925;Jean;BECK;Jean BECK
DCOM;DCOM;Sales Division;Division;DG;ID0000027;Kerry;BARNETT;Kerry BARNETT
DSI;DSI;IT Division;Division;DG;ID0000097;Dustin;KNIGHT;Dustin KNIGHT
DRH;DRH;Human Resources;Division;DG;ID0000047;Jody;MURRAY;Jody MURRAY
STECQU;STECQU;Quality Assurance;Service;DTECPR;ID0000122;Karen;POWELL;Karen POWELL
SFINPA;SFINPA;Payroll Service;Service;DFINAD;ID0000120;Muriel;ROSE;Muriel ROSE
DRHRE;DRHRE;Recruitment Division;Division;DRH;ID0000106;Myra;VASQUEZ;Myra VASQUEZ
STECDO;STECDO;Documentation;Service;DTECPR;ID0000123;Allen;FLOYD;Allen FLOYD
DCOMEU;DCOMEU;Market Area Europe;Division;DCOM;ID0000085;Seth;KELLER;Seth KELLER
DTECPR;DTECPR;Product Division;Division;DTEC;ID0000094;Robin;GRIFFIN;Robin GRIFFIN
SRHCA;SRHCA;Careers;Service;DRHPE;ID0000128;Laura;RODRIQUEZ;Laura RODRIQUEZ
SFINAC;SFINAC;Purchasing;Service;DFINAD;ID0000119;Luis;MORENO;Luis MORENO
SMAREV;SMAREV;Events;Service;DMARPR;ID0000126;Naomi;ROBINSON;Naomi ROBINSON
ITSEC;ITSEC;IT Security Service;Service;DSI;ID0000063;Caleb;KENNEDY;Caleb KENNEDY
SFINCR;SFINCR;Contracts;Service;DFINJU;ID0000116;Margarita;VALDEZ;Margarita VALDEZ
SFINCO;SFINCO;Accounting Service;Service;DFINAD;ID0000118;Amelia;TAYLOR;Amelia TAYLOR
STECRD;STECRD;Research and Development;Service;DTECPR;ID0000121;Reginald;MARSH;Reginald MARSH
SRHFO;SRHFO;Training;Service;DRHPE;ID0000129;Miguel;MORENO;Miguel MORENO
DFIN;DFIN;Financial Division;Division;DG;ID0000032;Samantha;SCHWARTZ;Samantha SCHWARTZ
STECSU;STECSU;IT Support;Service;DTECPR;ID0000265;Cornelius;LOGAN;Cornelius LOGAN
DMAR;DMAR;Marketing Division;Division;DG;ID0000042;Allison;HODGES;Allison HODGES
SFINLI;SFINLI;Service Dispute;Service;DFINJU;ID0000117;Leland;OBRIEN;Leland OBRIEN
DFINAD;DFINAD;Administrative Division;Division;DFIN;ID0000091;Felix;NORMAN;Felix NORMAN
DFINJU;DFINJU;Legal Division;Division;DFIN;ID0000088;Susie;LLOYD;Susie LLOYD
SCOMAVEU;SCOMAVEU;Pre-Sales Service Europe;Service;DCOMEU;ID0000114;Antoinette;GONZALES;Antoinette GONZALES
SCOMAVFR;SCOMAVFR;Pre-Sales Service France;Service;DCOMFR;ID0000112;Olive;NGUYEN;Olive NGUYEN
SMARCO;SMARCO;Communication;Service;DMARIN;ID0000127;Jean;FLOWERS;Jean FLOWERS
DTEC;DTEC;Technical Division;Division;DG;ID0000037;Alfredo;CASEY;Alfredo CASEY
SCOMPREU;SCOMPREU;Prospecting Service Europe;Service;DCOMEU;ID0000115;Joey;NELSON;Joey NELSON
DG;DG;COMEX;Division;;ID0000001;Luke;COLE;Luke COLE
STECDP;STECDP;Outsourcing Service;Service;DTEC;ID0000125;Jody;DANIEL;Jody DANIEL
DRHPE;DRHPE;HR Division;Division;DRH;ID0000109;Ian;CARSON;Ian CARSON
DCOMFR;DCOMFR;Market Area France;Division;DCOM;ID0000082;Ana;RICE;Ana RICE
SCOMPRFR;SCOMPRFR;France Prospecting Service;Service;DCOMFR;ID0000113;Alejandro;YOUNG;Alejandro YOUNG
