<?xml version="1.0" encoding="UTF-8" ?>
<xml>
<xsd:schema xmlns:xsd="http://www.w3.org/2001/XMLSchema" xmlns:sql="http://www.radiantlogic.com/schemas" >
<xsd:annotation>
<xsd:documentation xml:lang="en">This schema is generated by RadiantLogic XML tool.</xsd:documentation>
</xsd:annotation>
<xsd:element name="wrap" type="wrapType" />
<xsd:complexType name="wrapType">
<xsd:sequence>
<xsd:element name="record" type="recordType" minOccurs="0" maxOccurs="unbounded" />
</xsd:sequence>
</xsd:complexType>
<xsd:complexType name="recordType">
<xsd:sequence>
<xsd:element name="agent_mappings" type="xsd:string" />
<xsd:element name="DBMSName" sql:field="DBMS Name" type="xsd:string" />
<xsd:element name="agent_id" type="xsd:string" />
<xsd:element name="pageresultcontrol" type="xsd:string" />
<xsd:element name="active" type="xsd:string" />
<xsd:element name="errorCode" type="xsd:string" />
<xsd:element name="failoverurl" type="xsd:string" />
<xsd:element name="label" type="xsd:string" />
<xsd:element name="kerberos" type="xsd:string" />
<xsd:element name="ssl" type="xsd:string" />
<xsd:element name="data_source" type="xsd:string" />
<xsd:element name="binddn" type="xsd:string" />
<xsd:element name="disablereferalchasing" type="xsd:string" />
<xsd:element name="bindpw" type="xsd:string" />
<xsd:element name="pagesize" type="xsd:string" />
<xsd:element name="ldapurl" type="xsd:string" />
<xsd:element name="id" type="xsd:string" />
<xsd:element name="basedn" type="xsd:string" />
<xsd:element name="verifyhostname" type="xsd:string" />
<xsd:element name="errorcode" type="xsd:string" />
<xsd:element name="status" type="xsd:string" />
</xsd:sequence>
<xsd:attribute name="recordID" type="xsd:string" />
</xsd:complexType>
</xsd:schema>
<wrap>
<record recordID="1">
<DBMSName>{AES}H8GY2H2SUPj9Vi/Io4qRdpl0UWAV6crQz/oWlQ0cEoW2hon2MJku9w//5Gf|NfPheim3RmhX/</DBMSName>
<active>true</active>
<agent_id>fa608d89-fa1c-4d94-b550-e31e563be7b1</agent_id>
<agent_mappings>{&quot;r1tunnel.duploservices-rli-use2-svc.svc.cluster.local:5029&quot;:{&quot;host&quot;:&quot;acme.corp&quot;,&quot;port&quot;:389}}</agent_mappings>
<basedn>{AES}bancihhwsRRSq9+wn8GTZqvQ4dVMvYBqCSP2wcnk8pJG1c80uhI487zBmf9|8ndpVa26QDyr/</basedn>
<binddn>{AES}2uiLZ5abtcf/LHVu6lPFpHoGRBUmQGSUvdaYryAR1mddBDHYreEW|cby0i+CbPxa+k0Jj2jMra8zLMqH/Z+GL+e+pWeF2/w==</binddn>
<bindpw>{AES}wA8pp8xz3ytRTFBBgsgklJ0FkVLpAezGUNCfcbH3XHEuPUyYiMoK6zjE2OpD4ZUr|BCQPICX/</bindpw>
<data_source>LDAP</data_source>
<disablereferalchasing>true</disablereferalchasing>
<errorCode>0</errorCode>
<errorcode>0</errorcode>
<failoverurl>{AES}/UgZ7V|e1wALoEwdv/sQAgsoRiNDkodIy+gkYn/8+Q9VFb2zwSMUo700Zu8xdRoDhRrELkiL/</failoverurl>
<id>acme</id>
<kerberos>false</kerberos>
<label>acme</label>
<ldapurl>{AES}ZeOF4DagYkRwGBQh74FWFA784Qw5KQaJd3cJx8+hIRBCtHHpx50MkWaJPegPgmDU1EnMXceycKebZei+Vbgb0/GZ7ayJK49CKzjAjlnKhJNAicRZSZXdc5NsPkt0zG|eg/DQwEEg6PqssI7jB5Efy+zQs504apqd9VAXr0F2dns7qP4vfUP8=</ldapurl>
<pageresultcontrol>true</pageresultcontrol>
<pagesize>500</pagesize>
<ssl>false</ssl>
<status>OK</status>
<verifyhostname>false</verifyhostname>
</record>
</wrap>
</xml>