<?xml version="1.0" encoding="UTF-8" ?>
<xml>
<xsd:schema xmlns:xsd="http://www.w3.org/2001/XMLSchema" xmlns:sql="http://www.radiantlogic.com/schemas" >
<xsd:annotation>
<xsd:documentation xml:lang="en">This schema is generated by RadiantLogic XML tool.</xsd:documentation>
</xsd:annotation>
<xsd:element name="wrap" type="wrapType" />
<xsd:complexType name="wrapType">
<xsd:sequence>
<xsd:element name="record" type="recordType" minOccurs="0" maxOccurs="unbounded" />
</xsd:sequence>
</xsd:complexType>
<xsd:complexType name="recordType">
<xsd:sequence>
<xsd:element name="agent_mappings" type="xsd:string" />
<xsd:element name="DBMSName" sql:field="DBMS Name" type="xsd:string" />
<xsd:element name="agent_id" type="xsd:string" />
<xsd:element name="pageresultcontrol" type="xsd:string" />
<xsd:element name="active" type="xsd:string" />
<xsd:element name="errorCode" type="xsd:string" />
<xsd:element name="failoverurl" type="xsd:string" />
<xsd:element name="label" type="xsd:string" />
<xsd:element name="kerberos" type="xsd:string" />
<xsd:element name="ssl" type="xsd:string" />
<xsd:element name="data_source" type="xsd:string" />
<xsd:element name="binddn" type="xsd:string" />
<xsd:element name="disablereferalchasing" type="xsd:string" />
<xsd:element name="bindpw" type="xsd:string" />
<xsd:element name="pagesize" type="xsd:string" />
<xsd:element name="ldapurl" type="xsd:string" />
<xsd:element name="id" type="xsd:string" />
<xsd:element name="basedn" type="xsd:string" />
<xsd:element name="verifyhostname" type="xsd:string" />
<xsd:element name="errorcode" type="xsd:string" />
<xsd:element name="status" type="xsd:string" />
</xsd:sequence>
<xsd:attribute name="recordID" type="xsd:string" />
</xsd:complexType>
</xsd:schema>
<wrap>
<record recordID="1">
<DBMSName>{AES}gmWWTU613EMSYnMcB0ndGsZ|jG9sW/rxxQtJIqjfSoncq6MAk9t8BvwFKpMtlnnrFE3EhmBD/</DBMSName>
<active>true</active>
<agent_id>fa608d89-fa1c-4d94-b550-e31e563be7b1</agent_id>
<agent_mappings>{&quot;r1tunnel.duploservices-rli-use2-svc.svc.cluster.local:5030&quot;:{&quot;host&quot;:&quot;acmeb.corp&quot;,&quot;port&quot;:389}}</agent_mappings>
<basedn>{AES}6Ppt/tYKaVOUQTr5gO+Hc|OzjNJDLJ1yC+DBZP5QgHe+Y3dOBCYzCHOmRqc250xvQstwSvccGVccdHRXBkl/Bm+o0hTAF/w==</basedn>
<binddn>{AES}M1c1+yjiyZj3t4r/+1+IcpP+9dwqTSxoZeAHMXKq9+sS4yBuYDlTqVdEEUJ2PIkICn|qFW17SqcvHesue90vPXFFobT8a/w==</binddn>
<bindpw>{AES}tpTGGtat+/HUFB8T|rl1AaS+HArxPJ/lHFb+L/NVl3h2La1HuSYY0v5YTiONzouh80tW3yTL/</bindpw>
<data_source>LDAP</data_source>
<disablereferalchasing>true</disablereferalchasing>
<errorCode>0</errorCode>
<errorcode>0</errorcode>
<failoverurl>{AES}/EkPcQRhCIkV1BK2LDD0|FbmJm34mi7pu+VtMFYOPHcG27P5x+CXzuZWSYGOYtzzlX27hIjP/</failoverurl>
<id>acmeb</id>
<kerberos>false</kerberos>
<label>acmeb</label>
<ldapurl>{AES}UHn0S8unMvj9wFQTVt1ZmYiftAQPf/PuScoH2hLixTT/XXQ1xaidqhAnnd8zKc1S|2ENYdZN0VUWUrjg3DojKyK+JL6jb06LTybPtoHhIobXjTCLt1YPhTQa3QJTC2U0v5U19tR29mKU3cwPxk+ZPAvFmvWnj+J8u9SgGkADiETdGygDfEP8=</ldapurl>
<pageresultcontrol>true</pageresultcontrol>
<pagesize>500</pagesize>
<ssl>false</ssl>
<status>OK</status>
<verifyhostname>false</verifyhostname>
</record>
</wrap>
</xml>