<?xml version="1.0" encoding="UTF-8" ?>
<xml>
<xsd:schema xmlns:xsd="http://www.w3.org/2001/XMLSchema" xmlns:sql="http://www.radiantlogic.com/schemas" >
<xsd:annotation>
<xsd:documentation xml:lang="en">This schema is generated by RadiantLogic XML tool.</xsd:documentation>
</xsd:annotation>
<xsd:element name="wrap" type="wrapType" />
<xsd:complexType name="wrapType">
<xsd:sequence>
<xsd:element name="record" type="recordType" minOccurs="0" maxOccurs="unbounded" />
</xsd:sequence>
</xsd:complexType>
<xsd:complexType name="recordType">
<xsd:sequence>
<xsd:element name="DBMSName" sql:field="DBMS Name" type="xsd:string" />
<xsd:element name="agent_id" type="xsd:string" />
<xsd:element name="active" type="xsd:string" />
<xsd:element name="errorCode" type="xsd:string" />
<xsd:element name="label" type="xsd:string" />
<xsd:element name="alternatedatasource" type="xsd:string" />
<xsd:element name="data_source" type="xsd:string" />
<xsd:element name="url" type="xsd:string" />
<xsd:element name="password" type="xsd:string" />
<xsd:element name="id" type="xsd:string" />
<xsd:element name="driver-class-name" type="xsd:string" />
<xsd:element name="errorcode" type="xsd:string" />
<xsd:element name="username" type="xsd:string" />
<xsd:element name="status" type="xsd:string" />
</xsd:sequence>
<xsd:attribute name="recordID" type="xsd:string" />
</xsd:complexType>
</xsd:schema>
<wrap>
<record recordID="1">
<DBMSName>{AES}aKXT+IQ482CD+6Fe7XXD6uffV9kFiUn|tlNgWtUmus/4fYIKWb0lKUcD9SEFcYQbor5pYDhT/</DBMSName>
<active>true</active>
<agent_id>None</agent_id>
<alternatedatasource></alternatedatasource>
<data_source>JDBC</data_source>
<driver-class-name>{AES}IkzeswJUeTKVqMpM/r0kZJxVhat/qjPCPQgjoxN2nPDLPIjWwdeoXBNariC|9+Kw1Zh/qFcyVNLcfq26v1xSKoJwtfDUW/w==</driver-class-name>
<errorCode>0</errorCode>
<errorcode>0</errorcode>
<id>csv2ldifconvert</id>
<label>csv2ldifconvert</label>
<password>{AES}RmAVjMeynL|8znC7MzQskjTOLR89bOUT2uwxPSsL4WPWle7dt73F0363LspLtH37qUk6rEi7/</password>
<status>OK</status>
<url>{AES}1NmCbJz3D2YO6Nr2Lvg0o1TJJAcJ2Jo7jUdLItMVaDY2aGmfDPW6Rh5RACGUCHMk5gshuWdBzp9PrsRUknFXVPnNlEVt+dozJHC04ztfi9MPej1C/DCs8cxW64|bXUw6U2/qUbO3YEb5Iz+hHioXAr36K58Nw/w==</url>
<username>{AES}K1F48PWabTu5ylnxoaWHz32|1mqGEiavtmUryxpTsCjJfEx3uRaK4H11aKGAP1QGRWocC7XD/</username>
</record>
</wrap>
</xml>