<?xml version="1.0" encoding="UTF-8" ?>
<xml>
<xsd:schema xmlns:xsd="http://www.w3.org/2001/XMLSchema" xmlns:sql="http://www.radiantlogic.com/schemas" >
<xsd:annotation>
<xsd:documentation xml:lang="en">This schema is generated by RadiantLogic XML tool.</xsd:documentation>
</xsd:annotation>
<xsd:element name="wrap" type="wrapType" />
<xsd:complexType name="wrapType">
<xsd:sequence>
<xsd:element name="record" type="recordType" minOccurs="0" maxOccurs="unbounded" />
</xsd:sequence>
</xsd:complexType>
<xsd:complexType name="recordType">
<xsd:sequence>
<xsd:element name="DBMSName" sql:field="DBMS Name" type="xsd:string" />
<xsd:element name="agent_id" type="xsd:string" />
<xsd:element name="active" type="xsd:string" />
<xsd:element name="errorCode" type="xsd:string" />
<xsd:element name="label" type="xsd:string" />
<xsd:element name="alternatedatasource" type="xsd:string" />
<xsd:element name="data_source" type="xsd:string" />
<xsd:element name="url" type="xsd:string" />
<xsd:element name="password" type="xsd:string" />
<xsd:element name="id" type="xsd:string" />
<xsd:element name="driver-class-name" type="xsd:string" />
<xsd:element name="errorcode" type="xsd:string" />
<xsd:element name="username" type="xsd:string" />
<xsd:element name="status" type="xsd:string" />
</xsd:sequence>
<xsd:attribute name="recordID" type="xsd:string" />
</xsd:complexType>
</xsd:schema>
<wrap>
<record recordID="1">
<DBMSName>{AES}Hu5jMiw5QF6LHHRNl2qcGIEYvf9gj|/gfhGhbo4wyfPmVjjpxHOXroch0oWbhgUeZTpPLkXn/</DBMSName>
<active>true</active>
<agent_id>None</agent_id>
<alternatedatasource></alternatedatasource>
<data_source>JDBC</data_source>
<driver-class-name>{AES}G+4GJNa|sbhu80kt0S9wjv1f9faqfvivnU3pG7Sd6z8cBIq1hKQSMvYuc1OjIKiJBTgRvjucdaotWZf2xRSebzmLdoqAQ/w==</driver-class-name>
<errorCode>0</errorCode>
<errorcode>0</errorcode>
<id>csv2ldifconvert</id>
<label>csv2ldifconvert</label>
<password>{AES}3Ri4nod1qPGV42d8SREI3sT9y/UBr6jL1D9moWI3rxT4e|r1r4VNGPobP5At7/D/w2XIhmU3/</password>
<status>OK</status>
<url>{AES}vCHk/yqf|UxTAD02Jc7jBV7q5oM0NWmhrVI48h0uoIWsuTmloKH1Le2GHPndUBy4zIZMI/UFLQSzcIml4pVA7IcU3D1adsuXKJl9m8yUujXQvN20MbPGsFeW16dNbtRfI0OepRWxk4Ohq5P0RpjgYV+cgtfkz/w==</url>
<username>{AES}PqpXLuLW+93o+matSLVOyW7gwUlwUFUbVj4pZ214VLr4voeHEjCiph|1x/GehOz3oYG8Tu0f/</username>
</record>
</wrap>
</xml>