<?xml version="1.0" encoding="UTF-8" ?>
<xml>
<xsd:schema xmlns:xsd="http://www.w3.org/2001/XMLSchema" xmlns:sql="http://www.radiantlogic.com/schemas" >
<xsd:annotation>
<xsd:documentation xml:lang="en">This schema is generated by RadiantLogic XML tool.</xsd:documentation>
</xsd:annotation>
<xsd:element name="wrap" type="wrapType" />
<xsd:complexType name="wrapType">
<xsd:sequence>
<xsd:element name="record" type="recordType" minOccurs="0" maxOccurs="unbounded" />
</xsd:sequence>
</xsd:complexType>
<xsd:complexType name="recordType">
<xsd:sequence>
<xsd:element name="DBMSName" sql:field="DBMS Name" type="xsd:string" />
<xsd:element name="agent_id" type="xsd:string" />
<xsd:element name="pageresultcontrol" type="xsd:string" />
<xsd:element name="active" type="xsd:string" />
<xsd:element name="errorCode" type="xsd:string" />
<xsd:element name="failoverurl" type="xsd:string" />
<xsd:element name="label" type="xsd:string" />
<xsd:element name="kerberos" type="xsd:string" />
<xsd:element name="ssl" type="xsd:string" />
<xsd:element name="data_source" type="xsd:string" />
<xsd:element name="binddn" type="xsd:string" />
<xsd:element name="disablereferalchasing" type="xsd:string" />
<xsd:element name="bindpw" type="xsd:string" />
<xsd:element name="pagesize" type="xsd:string" />
<xsd:element name="ldapurl" type="xsd:string" />
<xsd:element name="id" type="xsd:string" />
<xsd:element name="basedn" type="xsd:string" />
<xsd:element name="verifyhostname" type="xsd:string" />
<xsd:element name="errorcode" type="xsd:string" />
<xsd:element name="status" type="xsd:string" />
</xsd:sequence>
<xsd:attribute name="recordID" type="xsd:string" />
</xsd:complexType>
</xsd:schema>
<wrap>
<record recordID="1">
<DBMSName>{AES}1MGfBxz5Z4jxZOXSzSvhF2mluda7tf4J44FAXMawhdVTYHWLZSUdoRSvV|wWIsW4BsLVMzSz/</DBMSName>
<active>true</active>
<agent_id>None</agent_id>
<basedn>{AES}rbQnNhlUym31eaccG2aVQ9ZJmjILzrN59oKMaVfyLkQt5thToEEvc+uBuXK+B81TnVUtKMVP9yXVJw|tfieUcuujbmIUO/w==</basedn>
<binddn>{AES}d6I+7BMzaQ/x+5i+cArSqRe3utsGRqURQYbHDEJr3Vdpld5AwRGwCkGbmlmtChbyYMhCkbHFZv8tfVtHa6OP8/PYIptK/|w==</binddn>
<bindpw>{AES}mwQ0guRIN0UMt4W5gF7EEA93sQ+vjM+Vh12brXmvNvxIl1nuCliFNy0Y/3XDmrC4mdIq1|VvfpDU6o35QGuBIdUzIFJ4O/w==</bindpw>
<data_source>LDAP</data_source>
<disablereferalchasing>true</disablereferalchasing>
<errorCode>0</errorCode>
<errorcode>0</errorcode>
<failoverurl>{AES}Mnw/o9JoYqwmCDedF1strqlsBuVaR256gIT1BIMxgt43/GHXHDr9jSZunK|el30rAeyAM22f/</failoverurl>
<id>demoglobal</id>
<kerberos>false</kerberos>
<label>demoglobal</label>
<ldapurl>{AES}mIVYK120drtSbqlrWk4OKPcAq7DMEg4RkekVhMPJEjWTQtd4A0cy/qb4e93fh7UfdyR1hI8Ko4Wdc2L4yrAhoZ68hKJwHsWlrxwquQuDNsnLUYl/VvGVXZKvo/h81dNePfdkQKkCTf/Vjs|5FfkRHGxZwWnB7/w==</ldapurl>
<pageresultcontrol>true</pageresultcontrol>
<pagesize>500</pagesize>
<ssl>true</ssl>
<status>OK</status>
<verifyhostname>false</verifyhostname>
</record>
</wrap>
</xml>