<?xml version="1.0" encoding="UTF-8" ?>
<xml>
<xsd:schema xmlns:xsd="http://www.w3.org/2001/XMLSchema" xmlns:sql="http://www.radiantlogic.com/schemas" >
<xsd:annotation>
<xsd:documentation xml:lang="en">This schema is generated by RadiantLogic XML tool.</xsd:documentation>
</xsd:annotation>
<xsd:element name="wrap" type="wrapType" />
<xsd:complexType name="wrapType">
<xsd:sequence>
<xsd:element name="record" type="recordType" minOccurs="0" maxOccurs="unbounded" />
</xsd:sequence>
</xsd:complexType>
<xsd:complexType name="recordType">
<xsd:sequence>
<xsd:element name="DBMSName" sql:field="DBMS Name" type="xsd:string" />
<xsd:element name="agent_id" type="xsd:string" />
<xsd:element name="pageresultcontrol" type="xsd:string" />
<xsd:element name="active" type="xsd:string" />
<xsd:element name="errorCode" type="xsd:string" />
<xsd:element name="failoverurl" type="xsd:string" />
<xsd:element name="label" type="xsd:string" />
<xsd:element name="kerberos" type="xsd:string" />
<xsd:element name="ssl" type="xsd:string" />
<xsd:element name="data_source" type="xsd:string" />
<xsd:element name="binddn" type="xsd:string" />
<xsd:element name="disablereferalchasing" type="xsd:string" />
<xsd:element name="bindpw" type="xsd:string" />
<xsd:element name="pagesize" type="xsd:string" />
<xsd:element name="ldapurl" type="xsd:string" />
<xsd:element name="id" type="xsd:string" />
<xsd:element name="basedn" type="xsd:string" />
<xsd:element name="verifyhostname" type="xsd:string" />
<xsd:element name="errorcode" type="xsd:string" />
<xsd:element name="status" type="xsd:string" />
</xsd:sequence>
<xsd:attribute name="recordID" type="xsd:string" />
</xsd:complexType>
</xsd:schema>
<wrap>
<record recordID="1">
<DBMSName>{AES}P1jBGTSQG|jT7qtbnqTWxZGARgYBwp4HPJTFqi0POUqh2zJvQxH23lgxo4nU6meR4c+6Tq0j/</DBMSName>
<active>true</active>
<agent_id>None</agent_id>
<basedn>{AES}ENG5hf3Lje7ytr9Kx|0JU2ySQuhqT9EowbBlnuTa5+7Bz7npJuCbIZ/8MvGQrQrxqkvuysV//</basedn>
<binddn>{AES}EnWkhGjBgMktagKTIBRl/XI7|MhjujVcOXwtT8UFYC5LZ6iDxjBewiqexAiVZonIRnKHR1IM2IW10x/lkDZ5UsHm52YEn/w==</binddn>
<bindpw>{AES}WECiU3FF4e8aOuDheQVD/1oHlXB0DaDt3XyWB7j+IQT58n6Kx1vyX6sHSFYZJNbwRIGAiPYfvLO61fK|Xu2N2qoBmxxhy/w==</bindpw>
<data_source>LDAP</data_source>
<disablereferalchasing>true</disablereferalchasing>
<errorCode>0</errorCode>
<errorcode>0</errorcode>
<failoverurl>{AES}y8hwZ55nLNiIvb01IUActLmX7dqK49HCpprJfQpX5V5NHiyLvblhgSsNYPynl6ySu|bH2sin/</failoverurl>
<id>globalprofile</id>
<kerberos>false</kerberos>
<label>globalprofile</label>
<ldapurl>{AES}zsd576Bba+Yu4b0lF5vVQKOROld3PsVIIfwK87VhnirHZQmCpmHnJ4LghLXCSaqJV6qijuzJHCR1hJTpAPWMVTYX2CJ5BvJYr/1Gj/7oL0tho+u5SrOdf8jowoDBESIazz8PJ/kD|PMU0tYK1ftTLyNTyODpIDlhjmT947LyjLmdw8eOITv8=</ldapurl>
<pageresultcontrol>true</pageresultcontrol>
<pagesize>500</pagesize>
<ssl>false</ssl>
<status>OK</status>
<verifyhostname>false</verifyhostname>
</record>
</wrap>
</xml>