<?xml version="1.0" encoding="UTF-8" ?>
<xml>
<xsd:schema xmlns:xsd="http://www.w3.org/2001/XMLSchema" xmlns:sql="http://www.radiantlogic.com/schemas" >
<xsd:annotation>
<xsd:documentation xml:lang="en">This schema is generated by RadiantLogic XML tool.</xsd:documentation>
</xsd:annotation>
<xsd:element name="wrap" type="wrapType" />
<xsd:complexType name="wrapType">
<xsd:sequence>
<xsd:element name="record" type="recordType" minOccurs="0" maxOccurs="unbounded" />
</xsd:sequence>
</xsd:complexType>
<xsd:complexType name="recordType">
<xsd:sequence>
<xsd:element name="DBMSName" sql:field="DBMS Name" type="xsd:string" />
<xsd:element name="agent_id" type="xsd:string" />
<xsd:element name="pageresultcontrol" type="xsd:string" />
<xsd:element name="active" type="xsd:string" />
<xsd:element name="errorCode" type="xsd:string" />
<xsd:element name="failoverurl" type="xsd:string" />
<xsd:element name="label" type="xsd:string" />
<xsd:element name="kerberos" type="xsd:string" />
<xsd:element name="ssl" type="xsd:string" />
<xsd:element name="data_source" type="xsd:string" />
<xsd:element name="binddn" type="xsd:string" />
<xsd:element name="disablereferalchasing" type="xsd:string" />
<xsd:element name="bindpw" type="xsd:string" />
<xsd:element name="pagesize" type="xsd:string" />
<xsd:element name="ldapurl" type="xsd:string" />
<xsd:element name="id" type="xsd:string" />
<xsd:element name="basedn" type="xsd:string" />
<xsd:element name="verifyhostname" type="xsd:string" />
<xsd:element name="errorcode" type="xsd:string" />
<xsd:element name="status" type="xsd:string" />
</xsd:sequence>
<xsd:attribute name="recordID" type="xsd:string" />
</xsd:complexType>
</xsd:schema>
<wrap>
<record recordID="1">
<DBMSName>{AES}+iIkmk6Pjz9qCv40YIcLaOxncsYzvtENZef3b3agx0wWH6BdkiRiyJJOKOI|6D7rQW1YS1Bj/</DBMSName>
<active>true</active>
<agent_id>None</agent_id>
<basedn>{AES}+K7Ba7PYPfr4XZ8KHwf3VVrTgH8|hdOAlr5DNdcChqH4Rd625Txo9Jijlgc/T2XhB/jMuQFj/</basedn>
<binddn>{AES}/IP0764og7JCNri8I267RqCTUkAhbZFl4eBjjP3N1dhtHLW|TwecyZxVjuJTTdAYtwiPNSPoTIlxwZDIRPI21yucsyHlC/w==</binddn>
<bindpw>{AES}SXb+bLhcgA|iqUHyHBxtei4rPk9gFt7KZlXOhMqZU8SafW6ecv83tvYOCAwYT7htZ2CyHVCBYvYiQQfggMzhZ5Pb+qtp7/w==</bindpw>
<data_source>LDAP</data_source>
<disablereferalchasing>true</disablereferalchasing>
<errorCode>0</errorCode>
<errorcode>0</errorcode>
<failoverurl>{AES}532Z5QR6SxUPaQ2Kds0obrNZppA7feteLMuUIbO5Y2XB1tQ84OhzG2czpzyuB58|vndjV5lX/</failoverurl>
<id>globalprofile</id>
<kerberos>false</kerberos>
<label>globalprofile</label>
<ldapurl>{AES}YyNB+5AedMoq0qgUVIgHrRRsqdcZN5JBvVtfDlVujqk0EFSe4494J7zk6qJ+yNIDYjCo/4/p2E2+|/zmvc5lQJc9NKwlDbrhKcSFcNnWkls3MvO+NLv8=</ldapurl>
<pageresultcontrol>true</pageresultcontrol>
<pagesize>500</pagesize>
<ssl>false</ssl>
<status>OK</status>
<verifyhostname>false</verifyhostname>
</record>
</wrap>
</xml>