<?xml version="1.0" encoding="UTF-8" ?>
<xml>
<xsd:schema xmlns:xsd="http://www.w3.org/2001/XMLSchema" xmlns:sql="http://www.radiantlogic.com/schemas" >
<xsd:annotation>
<xsd:documentation xml:lang="en">This schema is generated by RadiantLogic XML tool.</xsd:documentation>
</xsd:annotation>
<xsd:element name="wrap" type="wrapType" />
<xsd:complexType name="wrapType">
<xsd:sequence>
<xsd:element name="record" type="recordType" minOccurs="0" maxOccurs="unbounded" />
</xsd:sequence>
</xsd:complexType>
<xsd:complexType name="recordType">
<xsd:sequence>
<xsd:element name="DBMSName" sql:field="DBMS Name" type="xsd:string" />
<xsd:element name="agent_id" type="xsd:string" />
<xsd:element name="pageresultcontrol" type="xsd:string" />
<xsd:element name="active" type="xsd:string" />
<xsd:element name="errorCode" type="xsd:string" />
<xsd:element name="failoverurl" type="xsd:string" />
<xsd:element name="label" type="xsd:string" />
<xsd:element name="kerberos" type="xsd:string" />
<xsd:element name="ssl" type="xsd:string" />
<xsd:element name="data_source" type="xsd:string" />
<xsd:element name="binddn" type="xsd:string" />
<xsd:element name="disablereferalchasing" type="xsd:string" />
<xsd:element name="bindpw" type="xsd:string" />
<xsd:element name="pagesize" type="xsd:string" />
<xsd:element name="ldapurl" type="xsd:string" />
<xsd:element name="id" type="xsd:string" />
<xsd:element name="basedn" type="xsd:string" />
<xsd:element name="verifyhostname" type="xsd:string" />
<xsd:element name="errorcode" type="xsd:string" />
<xsd:element name="status" type="xsd:string" />
</xsd:sequence>
<xsd:attribute name="recordID" type="xsd:string" />
</xsd:complexType>
</xsd:schema>
<wrap>
<record recordID="1">
<DBMSName>{AES}W2Hlg/HtmegbRPt2FhlTp/aQQefWlI5E4alK/keCvmix3I+X5oJHlbsl|yLXxbmmsrE6TV2T/</DBMSName>
<active>true</active>
<agent_id>None</agent_id>
<basedn>{AES}2ZtHdGlJTFxv2HUwd9C6kw9XbccZR1K2T/IoDa0|BkjfgZ8IuvYGfFkFgk5PZZDWBB3ZW++xmb+aPAhPjDd0VlH7cveuHlTM8JkgO2Tu6g0QqOAjsRf8=</basedn>
<binddn>{AES}yx2ijR4958Md|TwTnK0wa+GLdbIk4DtquV0J3mIUfjDNc6DXIGDn0vgGtND2JC/YV5Q1GRKAmVzoWojflRjmKFBDm0RUj/w==</binddn>
<bindpw>{AES}dfxHJ594RslDvl0noFwqdvLYUVpR5Q0+CvXtbdzs9uCDBaYv1RnKomMlHha3cBUpgkNon8HSzIK2BDXU6i+/m|8yRdURU/w==</bindpw>
<data_source>LDAP</data_source>
<disablereferalchasing>true</disablereferalchasing>
<errorCode>0</errorCode>
<errorcode>0</errorcode>
<failoverurl>{AES}aYoPy5R3IL3ZdJMqUVLRKG8xMHHNI|bhB7mToHUNom2pPu6Dzek7vBQkOG7pSWgIybY2spUn/</failoverurl>
<id>radiantacmeusers</id>
<kerberos>false</kerberos>
<label>radiantacmeusers</label>
<ldapurl>{AES}/hc8VTz4SffrNK3d0589Y1Z2+vNZaBSI+GfatG6wMZMOOZ1KoT35bdvZdgAAOxMd+yo4tz+qqjPYUNkQZ3z5r/yaaDW/mUn3EKw/wZiv/ZLTeXJm2rxVFKeepo6FyGp8ZdfZZyUhDycPQ1A/K1aOoAG703GloGfVQ6MsCldiOZy6dxxsQx8nc7V5|s78mimULjDJ+8gu3P4Zeag1Nf9aECfKP2sVm/w==</ldapurl>
<pageresultcontrol>true</pageresultcontrol>
<pagesize>500</pagesize>
<ssl>false</ssl>
<status>OK</status>
<verifyhostname>false</verifyhostname>
</record>
</wrap>
</xml>