<?xml version="1.0" encoding="UTF-8" ?>
<xml>
<xsd:schema xmlns:xsd="http://www.w3.org/2001/XMLSchema" xmlns:sql="http://www.radiantlogic.com/schemas" >
<xsd:annotation>
<xsd:documentation xml:lang="en">This schema is generated by RadiantLogic XML tool.</xsd:documentation>
</xsd:annotation>
<xsd:element name="wrap" type="wrapType" />
<xsd:complexType name="wrapType">
<xsd:sequence>
<xsd:element name="record" type="recordType" minOccurs="0" maxOccurs="unbounded" />
</xsd:sequence>
</xsd:complexType>
<xsd:complexType name="recordType">
<xsd:sequence>
<xsd:element name="DBMSName" sql:field="DBMS Name" type="xsd:string" />
<xsd:element name="agent_id" type="xsd:string" />
<xsd:element name="pageresultcontrol" type="xsd:string" />
<xsd:element name="active" type="xsd:string" />
<xsd:element name="errorCode" type="xsd:string" />
<xsd:element name="failoverurl" type="xsd:string" />
<xsd:element name="label" type="xsd:string" />
<xsd:element name="kerberos" type="xsd:string" />
<xsd:element name="ssl" type="xsd:string" />
<xsd:element name="data_source" type="xsd:string" />
<xsd:element name="binddn" type="xsd:string" />
<xsd:element name="disablereferalchasing" type="xsd:string" />
<xsd:element name="bindpw" type="xsd:string" />
<xsd:element name="pagesize" type="xsd:string" />
<xsd:element name="ldapurl" type="xsd:string" />
<xsd:element name="id" type="xsd:string" />
<xsd:element name="basedn" type="xsd:string" />
<xsd:element name="verifyhostname" type="xsd:string" />
<xsd:element name="errorcode" type="xsd:string" />
<xsd:element name="status" type="xsd:string" />
</xsd:sequence>
<xsd:attribute name="recordID" type="xsd:string" />
</xsd:complexType>
</xsd:schema>
<wrap>
<record recordID="1">
<DBMSName>{AES}w/8cZ8KluV3FDsYum1P8Vqe6gxj5Rn9k4ala/Bs/ug8tsZTykzSuwWlgJ1q+b6xqW|1O+Eyb/</DBMSName>
<active>true</active>
<agent_id>None</agent_id>
<basedn>{AES}xsRX0ptPPv5kqUUtm6ZxuwIRcMZUyaaw9VTowHDr2zVZEYZYzCzNWyV8SHyY8rtyAFz+LYPJ/NUff4B1h8zEbMUiBpE+|/w==</basedn>
<binddn>{AES}z12yecEe3bqnSmYKzRyPMUmtvMFUpT0A6aqFD|5DPtLVkwgzcO9PdqCGQorbx4Q54t1rPx1z7OgeMAQtHiQBfVucn/OMQ/w==</binddn>
<bindpw>{AES}5Cpshcmf3WTrLc4b/aV0gppL/J8|MqmMu/0eGdRAZ3n3/gnWhSiNbHgbhdKpgaaVxq6WJlBPcVroW3AHXw295iJ3GRvYZ/w==</bindpw>
<data_source>LDAP</data_source>
<disablereferalchasing>true</disablereferalchasing>
<errorCode>0</errorCode>
<errorcode>0</errorcode>
<failoverurl>{AES}iZlsE2aespEL6GAPpLCvn0FZrSr8kWNdwQqkd4qgZvMcxBI+iNfGehY7gGQpX|eHCy3lZtlr/</failoverurl>
<id>radiantworkday</id>
<kerberos>false</kerberos>
<label>radiantworkday</label>
<ldapurl>{AES}Vz49eBXZZ3VsHJPVRM2YQ8vvT6jYFNJxfUplHZmvTlWpdrWAEje|gawGxGn7IFU9U9ZzM94+QLC8Ukap67mUjSBM4pCH+TY6W6hFEk9qQBsP/DZHjZvFcLmFjh3V/gIh8jDVlkqJmNNdpbwjbdORcKAReN1+rTqf/gLlUjCzraScpBtDbzYxd1ISM/2MT4CzG/DzBXA3/</ldapurl>
<pageresultcontrol>true</pageresultcontrol>
<pagesize>500</pagesize>
<ssl>false</ssl>
<status>OK</status>
<verifyhostname>false</verifyhostname>
</record>
</wrap>
</xml>