<?xml version="1.0" encoding="UTF-8" ?>
<xml>
<xsd:schema xmlns:xsd="http://www.w3.org/2001/XMLSchema" xmlns:sql="http://www.radiantlogic.com/schemas" >
<xsd:annotation>
<xsd:documentation xml:lang="en">This schema is generated by RadiantLogic XML tool.</xsd:documentation>
</xsd:annotation>
<xsd:element name="wrap" type="wrapType" />
<xsd:complexType name="wrapType">
<xsd:sequence>
<xsd:element name="record" type="recordType" minOccurs="0" maxOccurs="unbounded" />
</xsd:sequence>
</xsd:complexType>
<xsd:complexType name="recordType">
<xsd:sequence>
<xsd:element name="DBMSName" sql:field="DBMS Name" type="xsd:string" />
<xsd:element name="agent_id" type="xsd:string" />
<xsd:element name="pageresultcontrol" type="xsd:string" />
<xsd:element name="active" type="xsd:string" />
<xsd:element name="errorCode" type="xsd:string" />
<xsd:element name="failoverurl" type="xsd:string" />
<xsd:element name="label" type="xsd:string" />
<xsd:element name="kerberos" type="xsd:string" />
<xsd:element name="ssl" type="xsd:string" />
<xsd:element name="data_source" type="xsd:string" />
<xsd:element name="binddn" type="xsd:string" />
<xsd:element name="disablereferalchasing" type="xsd:string" />
<xsd:element name="bindpw" type="xsd:string" />
<xsd:element name="pagesize" type="xsd:string" />
<xsd:element name="ldapurl" type="xsd:string" />
<xsd:element name="id" type="xsd:string" />
<xsd:element name="basedn" type="xsd:string" />
<xsd:element name="verifyhostname" type="xsd:string" />
<xsd:element name="errorcode" type="xsd:string" />
<xsd:element name="status" type="xsd:string" />
</xsd:sequence>
<xsd:attribute name="recordID" type="xsd:string" />
</xsd:complexType>
</xsd:schema>
<wrap>
<record recordID="1">
<DBMSName>{AES}VzoIe/i83v53Z0VhpMS7zGO8WXGTNP1VzqMPMWBN6cemYJaOC34U4|zceen3VsIPXAKlB/Ev/</DBMSName>
<active>true</active>
<agent_id>None</agent_id>
<basedn>{AES}|299+1L0YIE9ZzQ71GL3me+cW5E3TAxqk2TF6Sg4sH/ditkfWOG9T0UgitYMsbyLhr0NRhwK/9BA1uyjTxcj+kE+LZmTmN3ae1j/DAP5qdw1AEanEQf8=</basedn>
<binddn>{AES}U1z4z2PLB5PLim82x11bolyMuAqkFqlKadxQeWXps2C+Q+KJSl9iM9XNWueazDWT7t+cZ5qa|8OAoyDGtUZQhtT6F1ZE8/w==</binddn>
<bindpw>{AES}3OHrRvkfg0k9ZSlhI+tyUmogC9XdRCHsreSiMCu+Ok+fwYE9oMIXyGtMHt3oyb1KlJq|B9faGzG86NZcgLCYi7htQJNQv/w==</bindpw>
<data_source>LDAP</data_source>
<disablereferalchasing>true</disablereferalchasing>
<errorCode>0</errorCode>
<errorcode>0</errorcode>
<failoverurl>{AES}sTircLksrktReFCZxU+8JbYYwGzUIQBWvOamc1iFnx0khtSpNAjmTmqJGU|QlY6eeEwxcT0P/</failoverurl>
<id>radiantacmeusers</id>
<kerberos>false</kerberos>
<label>radiantacmeusers</label>
<ldapurl>{AES}DvDmVkvkZ9RkBh38bVo9eYtKdVmCNGLG3Zr2Ty0JMkTDZAMojfU/Fowvz1/vGHTd8oMFpOvuYSFTtYO8ZESuzIp76O4z|y4Sx5ak5UF/HO5GApBkAOHZ4MSCKQxQWnixcOGGF+h7/</ldapurl>
<pageresultcontrol>true</pageresultcontrol>
<pagesize>500</pagesize>
<ssl>false</ssl>
<status>OK</status>
<verifyhostname>false</verifyhostname>
</record>
</wrap>
</xml>