<?xml version="1.0" encoding="UTF-8" ?>
<xml>
<xsd:schema xmlns:xsd="http://www.w3.org/2001/XMLSchema" xmlns:sql="http://www.radiantlogic.com/schemas" >
<xsd:annotation>
<xsd:documentation xml:lang="en">This schema is generated by RadiantLogic XML tool.</xsd:documentation>
</xsd:annotation>
<xsd:element name="wrap" type="wrapType" />
<xsd:complexType name="wrapType">
<xsd:sequence>
<xsd:element name="record" type="recordType" minOccurs="0" maxOccurs="unbounded" />
</xsd:sequence>
</xsd:complexType>
<xsd:complexType name="recordType">
<xsd:sequence>
<xsd:element name="DBMSName" sql:field="DBMS Name" type="xsd:string" />
<xsd:element name="pageresultcontrol" type="xsd:string" />
<xsd:element name="active" type="xsd:string" />
<xsd:element name="errorCode" type="xsd:string" />
<xsd:element name="failoverurl" type="xsd:string" />
<xsd:element name="label" type="xsd:string" />
<xsd:element name="kerberos" type="xsd:string" />
<xsd:element name="ssl" type="xsd:string" />
<xsd:element name="data_source" type="xsd:string" />
<xsd:element name="binddn" type="xsd:string" />
<xsd:element name="disablereferalchasing" type="xsd:string" />
<xsd:element name="bindpw" type="xsd:string" />
<xsd:element name="pagesize" type="xsd:string" />
<xsd:element name="ldapurl" type="xsd:string" />
<xsd:element name="id" type="xsd:string" />
<xsd:element name="basedn" type="xsd:string" />
<xsd:element name="verifyhostname" type="xsd:string" />
<xsd:element name="errorcode" type="xsd:string" />
<xsd:element name="status" type="xsd:string" />
</xsd:sequence>
<xsd:attribute name="recordID" type="xsd:string" />
</xsd:complexType>
</xsd:schema>
<wrap>
<record recordID="1">
<DBMSName>{AES}7MFwXpmyETQbB0hTp|omITQEVbqICYO60L3GdIFpzbBRg2eWMVHyY2S7IqhM9ymI+ZeoSZxn/</DBMSName>
<active>true</active>
<basedn>{AES}KsHRcarIe7erAuQLmlsX+Nu1E4WTGOLKZ+zd9SbwDQZ|9wNOEkjZ+eIGLOsERbBQk1s1oohb/</basedn>
<binddn>{AES}Gcn4c+8tJ8ckrVAYYfRyReMTCWCKtg2plNmOvLpNnCbnSZ3oaicBOM6bq|Kr/R7Vj9sV6NzjtT9S5EoInSJZqKJFnRkAI/w==</binddn>
<bindpw>{AES}5Ftk2FCIMrQi1vJbWkcRjiN/cyZ1aM+5Cegn72jJDGi0qDKDq85hyDU8tS9lGjLtruqOho|pH5QpiXFGmlVGdejET42FW/w==</bindpw>
<data_source>LDAP</data_source>
<disablereferalchasing>false</disablereferalchasing>
<errorCode>0</errorCode>
<errorcode>0</errorcode>
<failoverurl>{AES}r|9YtPaNo1XsIg93oyhbMbTFq6nVkTBUZMCaCB9iuUiYHrfh8qFBCGoJo6Jbzx+m8Ai9uKz7/</failoverurl>
<id>replicationjournal</id>
<kerberos>false</kerberos>
<label>replicationjournal</label>
<ldapurl>{AES}Qh+KoguVmTQEiGYqgNg6MYArXXg1wA/ywhKPdQPnKTrXp9vLUteqd/LODQfPsjiEKpvzwH6KxauB/vYlEDuAUfKq0YrQHaOlDxuT/+rQseTRtMQNWeUzmoC9q3CFggvK8QsLX1kthtXWgK1Dhnq|SSlpC4BxT/w==</ldapurl>
<pageresultcontrol>false</pageresultcontrol>
<pagesize>500</pagesize>
<ssl>false</ssl>
<status>OK</status>
<verifyhostname>false</verifyhostname>
</record>
</wrap>
</xml>