<?xml version="1.0" encoding="UTF-8" ?>
<xml>
<xsd:schema xmlns:xsd="http://www.w3.org/2001/XMLSchema" xmlns:sql="http://www.radiantlogic.com/schemas" >
<xsd:annotation>
<xsd:documentation xml:lang="en">This schema is generated by RadiantLogic XML tool.</xsd:documentation>
</xsd:annotation>
<xsd:element name="wrap" type="wrapType" />
<xsd:complexType name="wrapType">
<xsd:sequence>
<xsd:element name="record" type="recordType" minOccurs="0" maxOccurs="unbounded" />
</xsd:sequence>
</xsd:complexType>
<xsd:complexType name="recordType">
<xsd:sequence>
<xsd:element name="DBMSName" sql:field="DBMS Name" type="xsd:string" />
<xsd:element name="pageresultcontrol" type="xsd:string" />
<xsd:element name="active" type="xsd:string" />
<xsd:element name="errorCode" type="xsd:string" />
<xsd:element name="failoverurl" type="xsd:string" />
<xsd:element name="label" type="xsd:string" />
<xsd:element name="kerberos" type="xsd:string" />
<xsd:element name="ssl" type="xsd:string" />
<xsd:element name="data_source" type="xsd:string" />
<xsd:element name="binddn" type="xsd:string" />
<xsd:element name="disablereferalchasing" type="xsd:string" />
<xsd:element name="bindpw" type="xsd:string" />
<xsd:element name="pagesize" type="xsd:string" />
<xsd:element name="ldapurl" type="xsd:string" />
<xsd:element name="id" type="xsd:string" />
<xsd:element name="basedn" type="xsd:string" />
<xsd:element name="verifyhostname" type="xsd:string" />
<xsd:element name="errorcode" type="xsd:string" />
<xsd:element name="status" type="xsd:string" />
</xsd:sequence>
<xsd:attribute name="recordID" type="xsd:string" />
</xsd:complexType>
</xsd:schema>
<wrap>
<record recordID="1">
<DBMSName>{AES}hmhJCsqoZONfqfKzfY6bYQo|CPVlKnu/v0BfZcPCiWBH0C5eESBWFUUZz87xte2FafpkQI1f/</DBMSName>
<active>true</active>
<basedn>{AES}NNL4hBDps600HcQsNE2L7GZ++mFb|jCuUS+NCnrlkOKouZVIZhcsu9D2jCBXCR0HaNxss3V3/</basedn>
<binddn>{AES}9laj/hTHpPPGd1glB2QyfAWVV898EcysR6xY7A/3YwE7uZtd7KAWcJAoxzj6veYAqT8fse8TSTmf5f|pi/cpUefbIo0Vj/w==</binddn>
<bindpw>{AES}O2Rrt2gAnesRvRfMMfCiEZAwg8RjrfjvBDEN3b/QCKQFeC/sH33v|9tC5usNH/zti6WaaMspGxOoyghUTkeJO3nGNnMw7/w==</bindpw>
<data_source>LDAP</data_source>
<disablereferalchasing>false</disablereferalchasing>
<errorCode>0</errorCode>
<errorcode>0</errorcode>
<failoverurl>{AES}qq9KVU/1rTO8tavk5KzETY+HVri3yQPJD9An|sS437zseoBd2HTHWIvbpu8UKaPApQlXAgCL/</failoverurl>
<id>replicationjournal</id>
<kerberos>false</kerberos>
<label>replicationjournal</label>
<ldapurl>{AES}Y4dwQLigD3bU5WmhlYR2VI0UvpG+1IxgpFqpkQtz/W53h8umqa+5+Q2tdvvudwKDbiGXctHFj30ELMd3wGLIj9nNSUQHmZS7zfV563/LeHs4Su4s+ra8AGz6Wf78tU6bdR4gXJh97J|7RNSzY8kqr4Y2bb+8o/w==</ldapurl>
<pageresultcontrol>false</pageresultcontrol>
<pagesize>500</pagesize>
<ssl>false</ssl>
<status>OK</status>
<verifyhostname>false</verifyhostname>
</record>
</wrap>
</xml>