<?xml version="1.0" encoding="UTF-8" ?>
<xml>
<xsd:schema xmlns:xsd="http://www.w3.org/2001/XMLSchema" xmlns:sql="http://www.radiantlogic.com/schemas" >
<xsd:annotation>
<xsd:documentation xml:lang="en">This schema is generated by RadiantLogic XML tool.</xsd:documentation>
</xsd:annotation>
<xsd:element name="wrap" type="wrapType" />
<xsd:complexType name="wrapType">
<xsd:sequence>
<xsd:element name="record" type="recordType" minOccurs="0" maxOccurs="unbounded" />
</xsd:sequence>
</xsd:complexType>
<xsd:complexType name="recordType">
<xsd:sequence>
<xsd:element name="DBMSName" sql:field="DBMS Name" type="xsd:string" />
<xsd:element name="agent_id" type="xsd:string" />
<xsd:element name="active" type="xsd:string" />
<xsd:element name="errorCode" type="xsd:string" />
<xsd:element name="label" type="xsd:string" />
<xsd:element name="alternatedatasource" type="xsd:string" />
<xsd:element name="data_source" type="xsd:string" />
<xsd:element name="url" type="xsd:string" />
<xsd:element name="password" type="xsd:string" />
<xsd:element name="id" type="xsd:string" />
<xsd:element name="driver-class-name" type="xsd:string" />
<xsd:element name="errorcode" type="xsd:string" />
<xsd:element name="username" type="xsd:string" />
<xsd:element name="status" type="xsd:string" />
</xsd:sequence>
<xsd:attribute name="recordID" type="xsd:string" />
</xsd:complexType>
</xsd:schema>
<wrap>
<record recordID="1">
<DBMSName>{AES}jjCslUeLOzKfwWDh0nX0ZKFKrXRm7up3QmI+mQKeNJFv0W6iyu1XYIqLu44+iS3MjKT8rHL|/</DBMSName>
<active>true</active>
<agent_id>None</agent_id>
<alternatedatasource></alternatedatasource>
<data_source>JDBC</data_source>
<driver-class-name>{AES}v516ZVeQF43j52YsQ|CRT/DbqbdI8uiuULV3dnUTv2JqKQs6QfhXFGEpl7F49e79z0nCooNFbgWnNk+5O0PCjV4xwVEJ4/w==</driver-class-name>
<errorCode>0</errorCode>
<errorcode>0</errorcode>
<id>sapfieldglass</id>
<label>sapfieldglass</label>
<password>{AES}9oulISdcLTFDU+zMsZ2OxfSYMWuRg7fbNlT/z+vrJrY5vjF7YZ1KIWcMxUtCek/2smgk0pzDJSg5XzTAKabEU83J|5/lW/w==</password>
<status>OK</status>
<url>{AES}IYeh7j10xSRZt5f07g7RthGmyDb0L6VqKTSE+vqu9k/Di9D0LP62osF8ZokWpKJx3f/KmD2jXe4f2JhY3sab+v2pDFiOndEWYuXMR4/3jN1jIain0BrN4Vn74|hoUSLmrflIKhHf/</url>
<username>{AES}sZy/GgedSwlEKqU4Phwe/mnxh/VBQbJgBjIa1ksCqz1p380WBpzBzuapCyXNqi/IsNDb4|iN/7lFXQ4zpR5n38H/wTKMd/w==</username>
</record>
</wrap>
</xml>