<?xml version="1.0" encoding="UTF-8" ?>
<xml>
<xsd:schema xmlns:xsd="http://www.w3.org/2001/XMLSchema" xmlns:sql="http://www.radiantlogic.com/schemas" >
<xsd:annotation>
<xsd:documentation xml:lang="en">This schema is generated by RadiantLogic XML tool.</xsd:documentation>
</xsd:annotation>
<xsd:element name="wrap" type="wrapType" />
<xsd:complexType name="wrapType">
<xsd:sequence>
<xsd:element name="record" type="recordType" minOccurs="0" maxOccurs="unbounded" />
</xsd:sequence>
</xsd:complexType>
<xsd:complexType name="recordType">
<xsd:sequence>
<xsd:element name="DBMSName" sql:field="DBMS Name" type="xsd:string" />
<xsd:element name="pageresultcontrol" type="xsd:string" />
<xsd:element name="active" type="xsd:string" />
<xsd:element name="errorCode" type="xsd:string" />
<xsd:element name="failoverurl" type="xsd:string" />
<xsd:element name="label" type="xsd:string" />
<xsd:element name="kerberos" type="xsd:string" />
<xsd:element name="ssl" type="xsd:string" />
<xsd:element name="data_source" type="xsd:string" />
<xsd:element name="binddn" type="xsd:string" />
<xsd:element name="disablereferalchasing" type="xsd:string" />
<xsd:element name="bindpw" type="xsd:string" />
<xsd:element name="pagesize" type="xsd:string" />
<xsd:element name="ldapurl" type="xsd:string" />
<xsd:element name="id" type="xsd:string" />
<xsd:element name="basedn" type="xsd:string" />
<xsd:element name="verifyhostname" type="xsd:string" />
<xsd:element name="errorcode" type="xsd:string" />
<xsd:element name="status" type="xsd:string" />
</xsd:sequence>
<xsd:attribute name="recordID" type="xsd:string" />
</xsd:complexType>
</xsd:schema>
<wrap>
<record recordID="1">
<DBMSName>{AES}uj5ER2AxN4ZVhrRfqDxNwzEuouUlBr2|zi7OymC088YJI+AHFpUWAv2G7NmqulrYLC3e8xDv/</DBMSName>
<active>true</active>
<basedn>{AES}FtB+PYMEx+44UnDVCD1sc04g7X5f8XfVPif9TWGFtfFhJDUUnNSYFrLNJetuv8fshbV0Ax|//</basedn>
<binddn>{AES}3r61T/6Fjr21TJ8QhHYC/41oMYLaZB/clvlJYyXaD+QFSsSKz7VoLNe2MUJswr5W+ldeJ14BqsIy2|PHulJeFGlTdDVdS/w==</binddn>
<bindpw>{AES}nwkgILqI7bOFxnBBGQSQdlhReVlO4FWfcpNHFs1QYbz4ItREFQXh23kOHp/|IlI2zNeugffCv5foARlaG10r1IbuHjt0M/w==</bindpw>
<data_source>LDAP</data_source>
<disablereferalchasing>false</disablereferalchasing>
<errorCode>0</errorCode>
<errorcode>0</errorcode>
<failoverurl>{AES}tu5f|B2ZlRi0QqTo6wbGuMiI3Vi4AYbFHhU0cTQXI3JwiOvqhKFMIuH4Jte6MkqBjueCZqh//</failoverurl>
<id>vdsha</id>
<kerberos>false</kerberos>
<label>vdsha</label>
<ldapurl>{AES}4KefEiVlpw/cTVJ4080Li9U5ncmo/Zjw0j39/vwFbScR2/5|RGY9mANSglc2DMk8OiCdRg8+2YSLV7k4KmYjRn9MDfySZD2+5vufF5knSmYDyIDdMooTAg8CFzRRK3z6UbnyS+tZRm+irDxY0q422B8vk+MoT/w==</ldapurl>
<pageresultcontrol>false</pageresultcontrol>
<pagesize>500</pagesize>
<ssl>false</ssl>
<status>OK</status>
<verifyhostname>false</verifyhostname>
</record>
</wrap>
</xml>