<?xml version="1.0" encoding="UTF-8" ?>
<xml>
<xsd:schema xmlns:xsd="http://www.w3.org/2001/XMLSchema" xmlns:sql="http://www.radiantlogic.com/schemas" >
<xsd:annotation>
<xsd:documentation xml:lang="en">This schema is generated by RadiantLogic XML tool.</xsd:documentation>
</xsd:annotation>
<xsd:element name="wrap" type="wrapType" />
<xsd:complexType name="wrapType">
<xsd:sequence>
<xsd:element name="record" type="recordType" minOccurs="0" maxOccurs="unbounded" />
</xsd:sequence>
</xsd:complexType>
<xsd:complexType name="recordType">
<xsd:sequence>
<xsd:element name="DBMSName" sql:field="DBMS Name" type="xsd:string" />
<xsd:element name="pageresultcontrol" type="xsd:string" />
<xsd:element name="active" type="xsd:string" />
<xsd:element name="errorCode" type="xsd:string" />
<xsd:element name="failoverurl" type="xsd:string" />
<xsd:element name="label" type="xsd:string" />
<xsd:element name="kerberos" type="xsd:string" />
<xsd:element name="ssl" type="xsd:string" />
<xsd:element name="data_source" type="xsd:string" />
<xsd:element name="binddn" type="xsd:string" />
<xsd:element name="disablereferalchasing" type="xsd:string" />
<xsd:element name="bindpw" type="xsd:string" />
<xsd:element name="pagesize" type="xsd:string" />
<xsd:element name="ldapurl" type="xsd:string" />
<xsd:element name="id" type="xsd:string" />
<xsd:element name="basedn" type="xsd:string" />
<xsd:element name="verifyhostname" type="xsd:string" />
<xsd:element name="errorcode" type="xsd:string" />
<xsd:element name="status" type="xsd:string" />
</xsd:sequence>
<xsd:attribute name="recordID" type="xsd:string" />
</xsd:complexType>
</xsd:schema>
<wrap>
<record recordID="1">
<DBMSName>{AES}6BETc9g/semPPFwLTBj|os4hSTgvjfoKW82LfTlz6WsD9bxUHmRi70gy2bqsuIxOv6NG7o1r/</DBMSName>
<active>true</active>
<basedn>{AES}8uOB5FzqeGEuUotZdLv13l4CGHCc2QftP7|ZtffyHtrlcdEKIrSGBLz9H/cWAYqCOBtdjoV3/</basedn>
<binddn>{AES}ADZu6nTRBeNqqsDCURHDtGoI|latgbtTlI3MZnw5437WO/eb8pmsgjQqzsYXPaxf+Zd4qFakqZN+K+RGT4wjjcyFg7pll/w==</binddn>
<bindpw>{AES}k0JgyCZMAXXQrGm+lwTD08aAITEjz/Yl+WsyRawqy2JmMpj2gHanbWnBuGstVfCKMU44Vi/Z|ojn+tDLjHMB5atVI9eZV/w==</bindpw>
<data_source>LDAP</data_source>
<disablereferalchasing>false</disablereferalchasing>
<errorCode>0</errorCode>
<errorcode>0</errorcode>
<failoverurl>{AES}pKVmLelXG7DzA27+OGO+K5FgpqKNa7qgnb5q6xWJxF47Pl5N1LO/6SwWfzRav7c+EwpLx|Fn/</failoverurl>
<id>vdsha</id>
<kerberos>false</kerberos>
<label>vdsha</label>
<ldapurl>{AES}30qjjizeIpdiCXAObc7cAgvWIrdIF1qNpdaFSbF4vKpSjB+Gax/owe/yWbppUbHlbufemVTLa8RV2nNoL|MT5t9CidEJ8MRuxcp2Uv42hkMlW64BztWx0VhW7hBC1PIfKSFViRbiU32X3WlQrtswC31Dp/Nw9/w==</ldapurl>
<pageresultcontrol>false</pageresultcontrol>
<pagesize>500</pagesize>
<ssl>false</ssl>
<status>OK</status>
<verifyhostname>false</verifyhostname>
</record>
</wrap>
</xml>