<?xml version="1.0" encoding="UTF-8" ?>
<xml>
<xsd:schema xmlns:xsd="http://www.w3.org/2001/XMLSchema" xmlns:sql="http://www.radiantlogic.com/schemas" >
<xsd:annotation>
<xsd:documentation xml:lang="en">This schema is generated by RadiantLogic XML tool.</xsd:documentation>
</xsd:annotation>
<xsd:element name="wrap" type="wrapType" />
<xsd:complexType name="wrapType">
<xsd:sequence>
<xsd:element name="record" type="recordType" minOccurs="0" maxOccurs="unbounded" />
</xsd:sequence>
</xsd:complexType>
<xsd:complexType name="recordType">
<xsd:sequence>
<xsd:element name="agent_mappings" type="xsd:string" />
<xsd:element name="DBMSName" sql:field="DBMS Name" type="xsd:string" />
<xsd:element name="agent_id" type="xsd:string" />
<xsd:element name="active" type="xsd:string" />
<xsd:element name="errorCode" type="xsd:string" />
<xsd:element name="label" type="xsd:string" />
<xsd:element name="alternatedatasource" type="xsd:string" />
<xsd:element name="data_source" type="xsd:string" />
<xsd:element name="url" type="xsd:string" />
<xsd:element name="password" type="xsd:string" />
<xsd:element name="id" type="xsd:string" />
<xsd:element name="driver-class-name" type="xsd:string" />
<xsd:element name="errorcode" type="xsd:string" />
<xsd:element name="username" type="xsd:string" />
<xsd:element name="status" type="xsd:string" />
</xsd:sequence>
<xsd:attribute name="recordID" type="xsd:string" />
</xsd:complexType>
</xsd:schema>
<wrap>
<record recordID="1">
<DBMSName>{AES}HOkzSveDdh6NfYUG/vuCYgbJ65jTfGU59LPqAaZDMHyq4aPDx/Sz9FdOBdpwFojdL9NHj0cOMbcW+5HuHQwJMCVyJXJ8|/w==</DBMSName>
<active>true</active>
<agent_id>fa608d89-fa1c-4d94-b550-e31e563be7b1</agent_id>
<agent_mappings>{&quot;r1tunnel.duploservices-rli-use2-svc.svc.cluster.local:5028&quot;:{&quot;host&quot;:&quot;localhost&quot;,&quot;port&quot;:1433}}</agent_mappings>
<alternatedatasource></alternatedatasource>
<data_source>JDBC</data_source>
<driver-class-name>{AES}F|ZPVkZScU0Dv86mmVTbojpyAXwwBsMohrUfEkftXVJSn5VTFxPbfJgGjxpfnYRoKfq6x4Gk8nJKsBhhjazKoMFVvKqfa2vxYW9J8Fi7pMN3jEOkrSv8=</driver-class-name>
<errorCode>0</errorCode>
<errorcode>0</errorcode>
<id>workday</id>
<label>workday</label>
<password>{AES}RIWC1mqfrEbpYBgI5oHbEswcp6V4udz6Cb/WE+sGN|IVEZ3oXaer/193xdXcE0Rk5kifPllX/</password>
<status>OK</status>
<url>{AES}epCay+zJiJy3GibfDYLcmUAiMXq2ausUj30RREDASV853KvzLmR8vqCm9igkicQhAKL5WwIFg|izFmIAz+IOBIZyebhc1XxU4qO203MeTSdoH5rb99BsRQheVTn+jclJboMSkYwBpmNxcjR9ib1mgoxkFs39X/4pccQbmSzWVBQTsBmfoYvrqasWNSMIM83OUWLUdhP52Fi+WcCQUpwrDx3dEouX7Y8DZSNcMcCuFBR9R6+bZpnyv7uiMPYUSS/U+bVruq2v/</url>
<username>{AES}OoH26c3BYUzzUC/1u5qGPbpF0mAHtV|aDqw1XTc3OsngY03EY6voh5VtqPrZ/+nNSUHWK7Er/</username>
</record>
</wrap>
</xml>