{"id":"NY Domain to ServiceNow User","description":"title = title","rdnName":"emails-work","isAutoTargetDn":false,"isExclusiveMatching":false,"isGranularChanges":true,"isSyncIdentityLinkage":true,"isTargetLdap":true,"targetObjectClass":"vdusers-servicenow","sourceObjectClass":"user","isLogLocalVar":false,"isLogTransformedEvent":false,"databaseAutoGenPkeys":"","variableList":[{"class":"RuleVariable","name":"ServiceNowUserName","condition":null,"valueList":[{"class":"ValueDefinition","valueType":5,"value":"","functionCall":{"name":"lookUpAttribute","argumentValues":[{"class":"ValueDefinition","valueType":0,"value":"vds","operationType":null},{"class":"ValueDefinition","valueType":0,"value":"object=user,ou=servicenow,o=sources","operationType":null},{"class":"ValueDefinition","valueType":5,"value":"","functionCall":{"name":"buildExpression","argumentValues":[{"class":"ValueDefinition","valueType":0,"value":"emails-work=%mail%","operationType":null}]}},{"class":"ValueDefinition","valueType":1,"value":"2","operationType":null},{"class":"ValueDefinition","valueType":0,"value":"userName","operationType":null},{"class":"ValueDefinition","valueType":1,"value":"100","operationType":null}]}}]},{"class":"RuleVariable","name":"TargetDN","condition":null,"valueList":[{"class":"ValueDefinition","valueType":5,"value":"","functionCall":{"name":"buildExpression","argumentValues":[{"class":"ValueDefinition","valueType":0,"value":"users=%ServiceNowUserName_localvar%,object=user,ou=servicenow,o=sources","operationType":null}]}}]}],"ruleList":[{"class":"Rule","id":"insert rule for NY Domain to ServiceNow User","description":"Generated rule for insert source events","condition":{"class":"AndOrCondition","isAnd":true,"subConditions":[{"class":"EventCondition","event":0,"isAssertEquals":true}]},"actions":[{"class":"SetEventTypeAction","event":0,"changeMode":1},{"class":"TargetAttributeMappingAction","targetAttrName":"emails-work","isIdLinkage":true,"isSingleValue":true,"isAdvanced":false,"copyMode":0,"values":{"class":"ConditionalValueDefinition","operationType":2,"ifCondition":null,"valuesForIfCondition":[{"class":"ValueDefinition","valueType":2,"value":"mail","operationType":null}],"valuesForElseCondition":null}},{"class":"TargetAttributeMappingAction","targetAttrName":"dn","isIdLinkage":false,"isSingleValue":true,"isAdvanced":false,"copyMode":0,"values":{"class":"ConditionalValueDefinition","operationType":2,"ifCondition":null,"valuesForIfCondition":[{"class":"ValueDefinition","valueType":4,"value":"TargetDN","operationType":null}],"valuesForElseCondition":null}},{"class":"ApplyMappingsAction","mappingFile":"NY Domain to ServiceNow User-insert-mappings"}]},{"class":"Rule","id":"update rule for NY Domain to ServiceNow User","description":"Generated rule for update source events","condition":{"class":"AndOrCondition","isAnd":true,"subConditions":[{"class":"EventCondition","event":1,"isAssertEquals":true}]},"actions":[{"class":"SetEventTypeAction","event":2,"changeMode":1},{"class":"TargetAttributeMappingAction","targetAttrName":"emails-work","isIdLinkage":true,"isSingleValue":true,"isAdvanced":false,"copyMode":0,"values":{"class":"ConditionalValueDefinition","operationType":2,"ifCondition":null,"valuesForIfCondition":[{"class":"ValueDefinition","valueType":2,"value":"mail","operationType":null}],"valuesForElseCondition":null}},{"class":"TargetAttributeMappingAction","targetAttrName":"dn","isIdLinkage":false,"isSingleValue":true,"isAdvanced":false,"copyMode":0,"values":{"class":"ConditionalValueDefinition","operationType":2,"ifCondition":null,"valuesForIfCondition":[{"class":"ValueDefinition","valueType":4,"value":"TargetDN","operationType":null}],"valuesForElseCondition":null}},{"class":"ApplyMappingsAction","mappingFile":"NY Domain to ServiceNow User-update-mappings"}]},{"class":"Rule","id":"delete rule for NY Domain to ServiceNow User","description":"Generated rule for delete source events","condition":{"class":"AndOrCondition","isAnd":true,"subConditions":[{"class":"EventCondition","event":2,"isAssertEquals":true}]},"actions":[{"class":"SetEventTypeAction","event":1,"changeMode":1},{"class":"TargetAttributeMappingAction","targetAttrName":"emails-work","isIdLinkage":true,"isSingleValue":true,"isAdvanced":false,"copyMode":0,"values":{"class":"ConditionalValueDefinition","operationType":2,"ifCondition":null,"valuesForIfCondition":[{"class":"ValueDefinition","valueType":2,"value":"mail","operationType":null}],"valuesForElseCondition":null}},{"class":"TargetAttributeMappingAction","targetAttrName":"dn","isIdLinkage":false,"isSingleValue":true,"isAdvanced":false,"copyMode":0,"values":{"class":"ConditionalValueDefinition","operationType":2,"ifCondition":null,"valuesForIfCondition":[{"class":"ValueDefinition","valueType":4,"value":"TargetDN","operationType":null}],"valuesForElseCondition":null}}]}]}